num__Engine Size(L),num__Cylinders,num__Fuel Consumption Comb (L/100 km),cat__Fuel Type_Diesel,cat__Fuel Type_Ethanol(E85),cat__Fuel Type_Premium Gasoline,cat__Fuel Type_Regular Gasoline,cat__Vehicle Class_COMPACT,cat__Vehicle Class_FULL-SIZE,cat__Vehicle Class_MID-SIZE,cat__Vehicle Class_MINICOMPACT,cat__Vehicle Class_MINIVAN,cat__Vehicle Class_PICKUP TRUCK - SMALL,cat__Vehicle Class_PICKUP TRUCK - STANDARD,cat__Vehicle Class_SPECIAL PURPOSE VEHICLE,cat__Vehicle Class_STATION WAGON - MID-SIZE,cat__Vehicle Class_STATION WAGON - SMALL,cat__Vehicle Class_SUBCOMPACT,cat__Vehicle Class_SUV - SMALL,cat__Vehicle Class_SUV - STANDARD,cat__Vehicle Class_TWO-SEATER,cat__Vehicle Class_VAN - CARGO,cat__Vehicle Class_VAN - PASSENGER,CO2 Emissions(g/km),Dataset
0.273539429,0.357386932,0.048155452,0,0,1,0,0,0,0,1,0,0,0,0,0,0,0,0,0,0,0,0,251,Train
-0.847327599,-0.935387468,-0.526897125,0,0,1,0,0,0,0,0,0,0,0,0,1,0,0,0,0,0,0,0,216,Train
-1.247637252,-0.935387468,-1.600328603,0,0,0,1,1,0,0,0,0,0,0,0,0,0,0,0,0,0,0,0,155,Train
1.794716111,1.650161332,2.923418338,0,1,0,0,0,0,0,0,0,0,0,0,0,0,0,0,1,0,0,0,294,Train
0.753911013,0.357386932,0.776555383,0,0,0,1,0,0,0,0,0,0,0,0,0,0,0,0,1,0,0,0,294,Train
1.314344527,1.650161332,1.696639506,0,0,1,0,0,0,0,0,0,0,0,0,0,0,1,0,0,0,0,0,358,Train
-1.167575321,-0.935387468,-0.948602349,0,0,0,1,1,0,0,0,0,0,0,0,0,0,0,0,0,0,0,0,197,Train
1.554530319,1.650161332,0.968239575,0,0,1,0,0,0,0,0,0,0,0,0,0,0,0,0,0,1,0,0,311,Train
0.193477499,0.357386932,0.239839644,0,0,0,1,0,0,0,0,0,0,0,0,0,0,0,1,0,0,0,0,270,Train
-0.847327599,-0.935387468,-0.948602349,0,0,0,1,0,0,1,0,0,0,0,0,0,0,0,0,0,0,0,0,195,Train
-0.527079877,-0.935387468,-0.603570802,0,0,0,1,0,0,1,0,0,0,0,0,0,0,0,0,0,0,0,0,215,Train
-0.847327599,-0.935387468,-0.948602349,0,0,0,1,1,0,0,0,0,0,0,0,0,0,0,0,0,0,0,0,195,Train
0.35360136,0.357386932,2.34836576,0,1,0,0,0,0,0,0,0,0,1,0,0,0,0,0,0,0,0,0,281,Train
-0.847327599,-0.935387468,-0.526897125,0,0,1,0,1,0,0,0,0,0,0,0,0,0,0,0,0,0,0,0,219,Train
-0.847327599,-0.935387468,-0.373549772,0,0,0,1,0,0,0,0,0,0,0,0,0,0,0,0,1,0,0,0,225,Train
-0.046708293,0.357386932,0.661544867,0,0,1,0,0,0,0,0,0,0,0,0,0,0,0,0,1,0,0,0,294,Train
-0.046708293,0.357386932,-0.373549772,0,0,1,0,0,0,0,1,0,0,0,0,0,0,0,0,0,0,0,0,230,Train
-0.046708293,0.357386932,-1.101949703,1,0,0,0,0,0,1,0,0,0,0,0,0,0,0,0,0,0,0,0,212,Train
0.43366329,0.357386932,2.156681568,0,1,0,0,0,0,0,0,0,0,0,0,0,0,0,1,0,0,0,0,274,Train
-1.327699183,-0.935387468,-1.331970734,0,0,0,1,0,0,1,0,0,0,0,0,0,0,0,0,0,0,0,0,171,Train
-0.847327599,-0.935387468,-0.641907641,0,0,1,0,1,0,0,0,0,0,0,0,0,0,0,0,0,0,0,0,209,Train
-1.247637252,-0.935387468,-1.101949703,0,0,0,1,0,1,0,0,0,0,0,0,0,0,0,0,0,0,0,0,185,Train
-1.167575321,-0.935387468,-1.600328603,0,0,0,1,1,0,0,0,0,0,0,0,0,0,0,0,0,0,0,0,152,Train
2.114963833,1.650161332,0.968239575,0,0,0,1,0,1,0,0,0,0,0,0,0,0,0,0,0,0,0,0,312,Train
0.753911013,1.650161332,0.623208029,0,0,1,0,0,0,0,0,0,0,0,0,0,0,1,0,0,0,0,0,291,Train
0.513725221,0.357386932,0.124829129,0,0,1,0,0,0,0,0,0,0,0,0,0,0,0,0,0,1,0,0,255,Train
-0.847327599,-0.935387468,-0.335212933,0,0,1,0,0,0,0,0,0,0,0,0,0,0,1,0,0,0,0,0,232,Train
0.43366329,0.357386932,0.278176483,0,0,0,1,0,0,1,0,0,0,0,0,0,0,0,0,0,0,0,0,264,Train
-0.847327599,-0.935387468,-0.526897125,0,0,0,1,1,0,0,0,0,0,0,0,0,0,0,0,0,0,0,0,220,Train
-0.847327599,-0.935387468,-0.450223449,0,0,1,0,0,0,0,0,0,0,0,0,0,0,0,1,0,0,0,0,223,Train
-0.046708293,0.357386932,-0.41188661,0,0,1,0,0,0,0,1,0,0,0,0,0,0,0,0,0,0,0,0,226,Train
-0.847327599,-0.935387468,-0.373549772,0,0,1,0,1,0,0,0,0,0,0,0,0,0,0,0,0,0,0,0,225,Train
0.35360136,0.357386932,-0.066855064,0,0,0,1,0,0,0,0,1,0,0,0,0,0,0,0,0,0,0,0,248,Train
-1.00745146,-0.935387468,-1.101949703,0,0,0,1,0,0,0,0,0,0,0,0,0,0,1,0,0,0,0,0,182,Train
0.593787152,0.357386932,-0.028518225,0,0,1,0,0,0,0,1,0,0,0,0,0,0,0,0,0,0,0,0,252,Train
-1.167575321,-0.935387468,-1.140286541,0,0,0,1,1,0,0,0,0,0,0,0,0,0,0,0,0,0,0,0,186,Train
-0.847327599,-0.935387468,-0.258539256,0,0,0,1,0,0,0,0,0,0,0,0,0,0,0,1,0,0,0,0,232,Train
-0.847327599,-0.935387468,-0.335212933,0,0,1,0,1,0,0,0,0,0,0,0,0,0,0,0,0,0,0,0,231,Train
2.034901902,1.650161332,2.501713114,0,0,0,1,0,0,0,0,0,0,1,0,0,0,0,0,0,0,0,0,398,Train
-0.046708293,0.357386932,-0.181865579,0,0,1,0,0,0,0,0,0,0,0,0,0,0,1,0,0,0,0,0,237,Train
-0.046708293,0.357386932,0.393186998,0,0,1,0,0,1,0,0,0,0,0,0,0,0,0,0,0,0,0,0,276,Train
0.43366329,0.357386932,1.006576414,0,0,0,1,0,0,0,0,0,0,0,0,0,0,0,0,1,0,0,0,315,Train
-0.847327599,-0.935387468,-0.680244479,0,0,1,0,0,0,0,0,0,0,0,0,0,0,1,0,0,0,0,0,210,Train
-0.847327599,-0.935387468,-0.373549772,0,0,0,1,0,0,0,0,0,0,0,0,0,0,0,1,0,0,0,0,229,Train
-1.327699183,-0.935387468,-1.025276026,0,0,0,1,0,0,0,0,0,0,0,0,0,0,0,1,0,0,0,0,186,Train
-0.847327599,-0.935387468,-0.603570802,0,0,1,0,1,0,0,0,0,0,0,0,0,0,0,0,0,0,0,0,212,Train
1.554530319,1.650161332,1.274934283,0,0,0,1,0,0,0,0,0,0,1,0,0,0,0,0,0,0,0,0,330,Train
0.593787152,0.357386932,0.239839644,0,0,1,0,0,0,0,1,0,0,0,0,0,0,0,0,0,0,0,0,262,Train
-0.847327599,-0.935387468,0.048155452,0,0,1,0,0,0,0,0,0,0,0,1,0,0,0,0,0,0,0,0,248,Train
1.554530319,1.650161332,1.466618475,0,0,0,1,0,0,0,0,0,0,1,0,0,0,0,0,0,0,0,0,336,Train
0.753911013,1.650161332,0.163165967,0,0,1,0,0,0,0,0,0,0,0,0,0,0,0,0,0,1,0,0,264,Train
1.554530319,1.650161332,1.811650022,0,0,1,0,0,0,0,0,0,0,0,0,0,0,0,0,1,0,0,0,365,Train
1.794716111,1.650161332,2.463376276,0,1,0,0,0,0,0,0,0,0,0,0,0,0,0,0,1,0,0,0,285,Train
-0.527079877,-0.935387468,-0.565233964,0,0,0,1,0,0,0,0,0,0,0,0,0,0,0,1,0,0,0,0,214,Train
-0.046708293,0.357386932,0.048155452,0,0,1,0,0,0,0,0,0,0,0,0,0,0,1,0,0,0,0,0,255,Train
1.394406458,1.650161332,2.770070984,0,0,0,1,0,0,0,0,0,0,0,0,0,0,0,0,0,0,0,1,414,Train
-0.847327599,-0.935387468,-0.718581318,0,0,0,1,1,0,0,0,0,0,0,0,0,0,0,0,0,0,0,0,208,Train
-0.046708293,0.357386932,0.124829129,0,0,1,0,0,0,0,1,0,0,0,0,0,0,0,0,0,0,0,0,260,Train
-0.286894085,0.357386932,0.08649229,0,0,0,1,0,0,0,0,0,0,0,0,0,0,0,1,0,0,0,0,258,Train
-0.847327599,-0.935387468,-0.258539256,0,0,1,0,0,0,0,0,0,0,0,0,0,0,0,1,0,0,0,0,235,Train
-0.046708293,0.357386932,0.239839644,0,0,1,0,1,0,0,0,0,0,0,0,0,0,0,0,0,0,0,0,262,Train
-1.327699183,-0.935387468,-1.140286541,0,0,0,1,1,0,0,0,0,0,0,0,0,0,0,0,0,0,0,0,184,Train
0.593787152,0.357386932,0.431523836,0,0,1,0,0,0,0,1,0,0,0,0,0,0,0,0,0,0,0,0,278,Train
1.074158735,1.650161332,1.044913252,0,0,1,0,0,0,0,0,0,0,0,0,0,0,0,0,1,0,0,0,317,Train
2.515273486,1.650161332,1.274934283,0,0,1,0,0,0,0,0,0,0,0,0,0,0,0,0,1,0,0,0,330,Train
-0.847327599,-0.935387468,-0.41188661,0,0,1,0,0,0,0,0,0,0,0,0,0,0,0,1,0,0,0,0,226,Train
-0.447017946,-0.935387468,-0.680244479,0,0,0,1,0,0,0,0,0,0,0,0,0,0,0,1,0,0,0,0,207,Train
-0.527079877,-0.935387468,-0.488560287,0,0,0,1,0,0,0,0,0,0,0,0,0,0,0,1,0,0,0,0,218,Train
-0.046708293,0.357386932,-0.066855064,0,0,1,0,0,0,0,0,0,0,0,0,0,0,0,0,0,1,0,0,244,Train
0.513725221,0.357386932,1.658302668,0,0,0,1,0,0,0,0,0,0,0,0,0,0,0,0,0,0,0,1,354,Train
1.794716111,1.650161332,1.504955314,0,0,0,1,0,0,0,0,0,0,1,0,0,0,0,0,0,0,0,0,344,Train
0.43366329,0.357386932,0.08649229,0,0,0,1,0,1,0,0,0,0,0,0,0,0,0,0,0,0,0,0,257,Train
1.794716111,1.650161332,2.425039437,0,1,0,0,0,0,0,0,0,0,1,0,0,0,0,0,0,0,0,0,283,Train
-0.847327599,-0.935387468,-0.986939187,0,0,0,1,0,0,0,0,0,0,0,0,0,1,0,0,0,0,0,0,192,Train
0.753911013,1.650161332,0.776555383,0,0,1,0,0,0,0,0,0,0,0,0,0,0,0,0,0,1,0,0,303,Train
1.794716111,1.650161332,2.923418338,0,1,0,0,0,0,0,0,0,0,0,0,0,0,0,0,1,0,0,0,294,Train
-0.847327599,-0.935387468,0.163165967,0,0,0,1,0,0,0,0,0,0,0,0,0,0,0,1,0,0,0,0,264,Train
-0.046708293,0.357386932,-0.335212933,0,0,1,0,0,0,1,0,0,0,0,0,0,0,0,0,0,0,0,0,232,Train
-0.046708293,0.357386932,0.85322906,0,0,1,0,0,1,0,0,0,0,0,0,0,0,0,0,0,0,0,0,299,Train
-1.247637252,-1.581774668,-1.101949703,0,0,1,0,0,0,0,0,0,0,0,0,0,0,1,0,0,0,0,0,184,Train
0.513725221,0.357386932,0.738218544,0,0,0,1,0,0,0,0,0,0,0,0,0,0,0,1,0,0,0,0,292,Train
-0.847327599,-0.935387468,0.239839644,0,1,0,0,1,0,0,0,0,0,0,0,0,0,0,0,0,0,0,0,188,Train
-0.847327599,-0.935387468,-0.526897125,0,0,1,0,0,0,0,0,0,0,0,0,0,0,1,0,0,0,0,0,216,Train
0.994096805,0.357386932,0.661544867,0,0,0,1,0,0,0,0,0,0,1,0,0,0,0,0,0,0,0,0,288,Train
0.43366329,0.357386932,1.121586929,0,0,0,1,0,0,0,0,0,0,0,0,0,0,0,0,1,0,0,0,323,Train
-1.247637252,-0.935387468,-1.600328603,0,0,0,1,0,0,1,0,0,0,0,0,0,0,0,0,0,0,0,0,153,Train
-0.046708293,0.357386932,0.316513321,0,0,1,0,0,0,0,0,0,0,0,0,0,0,0,1,0,0,0,0,273,Train
-0.046708293,0.357386932,-0.105191902,0,0,1,0,0,0,0,0,0,0,0,0,0,0,0,0,1,0,0,0,245,Train
0.43366329,0.357386932,0.508197513,0,0,0,1,0,0,0,0,0,0,0,0,0,0,0,1,0,0,0,0,283,Train
0.35360136,0.357386932,-1.216960218,0,0,1,0,0,0,1,0,0,0,0,0,0,0,0,0,0,0,0,0,177,Train
-0.527079877,-0.935387468,-0.526897125,0,0,0,1,0,0,0,0,0,0,0,0,0,0,0,1,0,0,0,0,216,Train
0.35360136,0.357386932,-0.028518225,0,0,0,1,0,0,0,0,0,0,0,0,0,0,0,1,0,0,0,0,246,Train
1.794716111,1.650161332,0.85322906,0,0,0,1,0,0,0,0,0,0,0,0,0,0,0,0,1,0,0,0,304,Train
-1.167575321,-0.935387468,-2.443739049,0,0,0,1,0,1,0,0,0,0,0,0,0,0,0,0,0,0,0,0,103,Train
0.193477499,0.357386932,0.201502806,0,0,0,1,0,0,0,0,0,0,0,0,0,0,0,1,0,0,0,0,265,Train
0.43366329,0.357386932,0.431523836,0,0,0,1,0,0,0,0,0,0,1,0,0,0,0,0,0,0,0,0,280,Train
-0.447017946,-0.935387468,-1.025276026,0,0,0,1,0,0,1,0,0,0,0,0,0,0,0,0,0,0,0,0,189,Train
0.35360136,0.357386932,-0.066855064,0,0,1,0,0,0,1,0,0,0,0,0,0,0,0,0,0,0,0,0,244,Train
-0.046708293,0.357386932,-0.41188661,0,0,1,0,0,0,0,1,0,0,0,0,0,0,0,0,0,0,0,0,228,Train
-0.046708293,0.357386932,0.508197513,0,0,1,0,1,0,0,0,0,0,0,0,0,0,0,0,0,0,0,0,278,Train
0.43366329,0.357386932,0.699881706,0,0,0,1,0,0,0,0,0,0,1,0,0,0,0,0,0,0,0,0,294,Train
-0.847327599,-0.935387468,-0.373549772,0,0,1,0,1,0,0,0,0,0,0,0,0,0,0,0,0,0,0,0,229,Train
-0.847327599,-0.935387468,-0.143528741,0,0,0,1,0,0,0,0,0,0,0,0,0,0,0,0,1,0,0,0,239,Train
-0.046708293,0.357386932,-0.220202418,0,0,1,0,0,0,0,0,0,0,0,0,0,0,1,0,0,0,0,0,238,Train
1.554530319,1.650161332,1.159923768,0,0,0,1,0,0,0,0,0,0,0,0,0,0,1,0,0,0,0,0,324,Train
0.593787152,0.357386932,0.124829129,0,0,1,0,0,0,0,1,0,0,0,0,0,0,0,0,0,0,0,0,260,Train
-0.847327599,-0.935387468,-1.063612864,0,0,1,0,0,0,0,0,0,0,0,0,0,0,0,0,0,1,0,0,188,Train
1.394406458,1.650161332,2.808407822,0,0,0,1,0,0,0,0,0,0,0,0,0,0,0,0,0,0,0,1,416,Train
-0.847327599,-0.935387468,-1.063612864,0,0,0,1,1,0,0,0,0,0,0,0,0,0,0,0,0,0,0,0,189,Train
0.994096805,0.357386932,0.393186998,0,0,0,1,0,0,0,0,0,0,1,0,0,0,0,0,0,0,0,0,271,Train
-0.447017946,-0.935387468,-0.488560287,0,0,0,1,0,0,0,0,0,0,0,0,0,0,0,1,0,0,0,0,218,Train
0.593787152,0.357386932,0.814892221,0,0,1,0,0,0,0,0,0,0,0,0,0,0,1,0,0,0,0,0,297,Train
-0.046708293,0.357386932,-0.526897125,1,0,0,0,0,0,0,0,0,0,0,0,0,0,0,0,1,0,0,0,254,Train
-0.206832154,-0.935387468,-0.488560287,1,0,0,0,0,0,0,0,0,1,0,0,0,0,0,0,0,0,0,0,255,Train
0.43366329,0.357386932,1.389944798,0,1,0,0,1,0,0,0,0,0,0,0,0,0,0,0,0,0,0,0,230,Train
-0.847327599,-0.935387468,-1.025276026,0,0,0,1,0,0,0,0,0,0,0,0,0,0,0,1,0,0,0,0,189,Train
-1.327699183,-0.935387468,-1.370307572,0,0,0,1,0,0,0,1,0,0,0,0,0,0,0,0,0,0,0,0,168,Train
1.314344527,1.650161332,1.658302668,0,0,1,0,0,0,0,0,0,0,0,0,0,0,1,0,0,0,0,0,347,Train
1.394406458,1.650161332,0.776555383,0,0,1,0,0,1,0,0,0,0,0,0,0,0,0,0,0,0,0,0,294,Train
0.35360136,0.357386932,0.738218544,0,0,0,1,0,0,0,0,0,0,0,0,0,0,0,0,1,0,0,0,299,Train
-0.847327599,-0.935387468,-0.756918156,0,0,0,1,0,0,0,0,0,0,0,0,0,1,0,0,0,0,0,0,208,Train
-0.046708293,0.357386932,-0.450223449,0,0,1,0,1,0,0,0,0,0,0,0,0,0,0,0,0,0,0,0,224,Train
-0.126770224,0.357386932,0.623208029,0,0,1,0,0,0,0,0,0,0,0,0,0,0,0,1,0,0,0,0,292,Train
-0.046708293,0.357386932,0.048155452,0,0,1,0,0,0,1,0,0,0,0,0,0,0,0,0,0,0,0,0,251,Train
-0.847327599,-0.935387468,-1.561991764,1,0,0,0,0,0,0,0,0,0,0,0,0,1,0,0,0,0,0,0,181,Train
-0.046708293,0.357386932,-0.143528741,0,0,1,0,0,0,0,0,0,0,0,0,0,0,0,0,0,1,0,0,242,Train
-0.607141807,-0.935387468,-0.373549772,0,0,0,1,0,0,0,0,0,0,0,0,0,0,0,1,0,0,0,0,230,Train
1.074158735,1.650161332,1.504955314,0,0,1,0,0,0,0,0,0,0,0,0,0,0,1,0,0,0,0,0,338,Train
-0.447017946,-0.935387468,-0.718581318,0,0,0,1,0,0,1,0,0,0,0,0,0,0,0,0,0,0,0,0,209,Train
0.43366329,0.357386932,0.124829129,0,0,1,0,0,1,0,0,0,0,0,0,0,0,0,0,0,0,0,0,262,Train
-0.046708293,0.357386932,0.316513321,0,0,1,0,0,0,0,0,0,0,0,0,0,0,1,0,0,0,0,0,267,Train
-1.167575321,-0.935387468,-0.526897125,0,0,0,1,0,0,0,0,0,0,0,0,0,0,0,1,0,0,0,0,216,Train
1.954839972,1.650161332,0.891565898,0,0,1,0,1,0,0,0,0,0,0,0,0,0,0,0,0,0,0,0,301,Train
0.753911013,1.650161332,0.968239575,0,0,1,0,0,0,0,0,0,0,0,0,1,0,0,0,0,0,0,0,312,Train
-0.527079877,-0.935387468,1.313271121,0,1,0,0,0,0,0,0,0,0,0,0,0,0,0,1,0,0,0,0,227,Train
1.074158735,1.650161332,0.508197513,0,0,1,0,0,1,0,0,0,0,0,0,0,0,0,0,0,0,0,0,283,Train
2.114963833,1.650161332,0.891565898,0,0,0,1,0,0,1,0,0,0,0,0,0,0,0,0,0,0,0,0,301,Train
0.35360136,0.357386932,0.048155452,0,0,1,0,0,0,0,0,0,0,0,0,0,0,0,1,0,0,0,0,254,Train
1.71465418,2.942935732,1.428281637,0,0,1,0,0,0,0,0,0,0,0,0,0,0,0,0,0,1,0,0,337,Train
-0.286894085,-0.935387468,0.163165967,0,0,0,1,0,0,0,0,0,1,0,0,0,0,0,0,0,0,0,0,258,Train
0.35360136,0.357386932,1.236597445,0,1,0,0,1,0,0,0,0,0,0,0,0,0,0,0,0,0,0,0,224,Train
1.794716111,1.650161332,2.770070984,0,1,0,0,0,0,0,0,0,0,0,0,0,0,0,0,1,0,0,0,299,Train
0.513725221,0.357386932,0.661544867,0,0,0,1,0,0,0,0,0,0,0,0,0,0,0,1,0,0,0,0,293,Train
-1.00745146,-0.935387468,-0.795254995,0,0,0,1,1,0,0,0,0,0,0,0,0,0,0,0,0,0,0,0,203,Train
-0.046708293,0.357386932,-0.220202418,0,0,1,0,0,0,0,0,0,0,0,0,0,0,1,0,0,0,0,0,235,Train
-0.847327599,-0.935387468,-1.255297057,0,0,0,1,0,0,0,0,0,0,0,0,0,1,0,0,0,0,0,0,176,Train
-0.847327599,-0.935387468,-0.756918156,0,0,0,1,1,0,0,0,0,0,0,0,0,0,0,0,0,0,0,0,209,Train
-0.046708293,0.357386932,0.35485016,0,0,1,0,0,0,0,0,0,0,0,0,0,0,1,0,0,0,0,0,273,Train
-0.847327599,-0.935387468,-0.028518225,0,0,1,0,0,0,0,0,0,0,0,0,0,0,0,0,1,0,0,0,250,Train
1.554530319,1.650161332,2.540049953,0,1,0,0,0,0,0,0,0,0,1,0,0,0,0,0,0,0,0,0,290,Train
-1.247637252,-0.935387468,-0.91026551,0,0,0,1,0,0,1,0,0,0,0,0,0,0,0,0,0,0,0,0,193,Train
1.074158735,1.650161332,1.006576414,0,0,1,0,0,0,0,0,0,0,0,0,0,0,0,0,1,0,0,0,314,Train
-0.046708293,0.357386932,0.124829129,0,0,1,0,0,0,0,0,0,0,0,0,0,0,0,0,1,0,0,0,260,Train
-0.847327599,-0.935387468,-1.216960218,0,0,0,1,1,0,0,0,0,0,0,0,0,0,0,0,0,0,0,0,177,Train
0.35360136,0.357386932,-0.488560287,0,0,0,1,0,0,1,0,0,0,0,0,0,0,0,0,0,0,0,0,223,Train
-0.046708293,0.357386932,-0.488560287,0,0,1,0,0,0,1,0,0,0,0,0,0,0,0,0,0,0,0,0,222,Train
0.35360136,0.357386932,1.504955314,0,0,0,1,0,0,0,0,0,0,0,0,0,0,0,0,0,0,0,1,345,Train
-0.447017946,-0.935387468,-1.101949703,0,0,0,1,0,0,0,0,0,0,0,0,0,0,0,1,0,0,0,0,184,Train
-0.847327599,-0.935387468,-0.450223449,0,0,0,1,0,0,1,0,0,0,0,0,0,0,0,0,0,0,0,0,225,Train
-0.046708293,0.357386932,-0.450223449,0,0,1,0,0,0,0,0,0,0,0,0,0,0,1,0,0,0,0,0,224,Train
1.794716111,1.650161332,1.389944798,0,0,0,1,0,0,0,0,0,0,1,0,0,0,0,0,0,0,0,0,339,Train
-0.847327599,-0.935387468,-1.485318087,0,0,0,1,1,0,0,0,0,0,0,0,0,0,0,0,0,0,0,0,162,Train
-0.527079877,-0.935387468,-0.296876095,0,0,0,1,0,0,0,0,0,0,0,0,0,0,0,1,0,0,0,0,235,Train
-0.847327599,-0.935387468,-0.833591833,0,0,0,1,0,0,0,0,0,0,0,0,0,0,0,1,0,0,0,0,202,Train
1.794716111,1.650161332,2.731734145,0,1,0,0,0,0,0,0,0,0,0,0,0,0,0,0,1,0,0,0,298,Train
-0.046708293,0.357386932,-0.258539256,0,0,1,0,0,1,0,0,0,0,0,0,0,0,0,0,0,0,0,0,232,Train
-0.847327599,-0.935387468,-0.718581318,0,0,1,0,0,1,0,0,0,0,0,0,0,0,0,0,0,0,0,0,209,Train
0.35360136,0.357386932,-0.373549772,0,0,0,1,0,0,0,0,0,0,0,0,1,0,0,0,0,0,0,0,225,Train
-0.847327599,-0.935387468,-0.488560287,0,0,1,0,0,0,0,0,0,0,0,0,0,0,1,0,0,0,0,0,222,Train
1.794716111,1.650161332,2.885081499,0,1,0,0,0,0,0,0,0,0,1,0,0,0,0,0,0,0,0,0,309,Train
-0.046708293,0.357386932,-0.143528741,0,0,1,0,0,0,0,1,0,0,0,0,0,0,0,0,0,0,0,0,243,Train
-0.847327599,-0.935387468,-0.718581318,0,0,1,0,0,0,0,0,0,0,0,0,0,0,0,1,0,0,0,0,209,Train
-0.046708293,0.357386932,0.009818613,0,0,1,0,0,0,0,0,0,0,0,0,0,0,0,0,0,1,0,0,253,Train
-0.046708293,0.357386932,-0.181865579,0,0,1,0,0,0,0,1,0,0,0,0,0,0,0,0,0,0,0,0,242,Train
-1.167575321,-0.935387468,-1.293633895,1,0,0,0,0,0,0,0,0,0,0,0,0,0,0,1,0,0,0,0,198,Train
1.954839972,1.650161332,0.891565898,0,0,1,0,1,0,0,0,0,0,0,0,0,0,0,0,0,0,0,0,301,Train
-1.647946905,-1.581774668,-1.523654926,0,0,0,1,0,0,0,0,0,0,0,0,0,0,1,0,0,0,0,0,158,Train
-0.847327599,-0.935387468,-0.948602349,0,0,0,1,1,0,0,0,0,0,0,0,0,0,0,0,0,0,0,0,193,Train
-1.647946905,-1.581774668,-1.446981249,0,0,0,1,1,0,0,0,0,0,0,0,0,0,0,0,0,0,0,0,164,Train
1.554530319,1.650161332,1.044913252,0,0,1,0,0,0,0,0,0,0,0,0,0,0,0,1,0,0,0,0,318,Train
-0.046708293,0.357386932,0.35485016,0,0,1,0,0,0,0,0,0,0,0,0,0,0,1,0,0,0,0,0,273,Train
-0.847327599,-0.935387468,-1.408644411,0,0,0,1,0,0,1,0,0,0,0,0,0,0,0,0,0,0,0,0,163,Train
2.114963833,1.650161332,0.891565898,0,0,0,1,0,0,1,0,0,0,0,0,0,0,0,0,0,0,0,0,307,Train
-0.046708293,0.357386932,-0.373549772,0,0,1,0,0,0,0,0,0,0,0,0,0,0,1,0,0,0,0,0,229,Train
-0.046708293,0.357386932,-0.450223449,1,0,0,0,0,0,0,0,0,0,0,0,0,0,0,0,1,0,0,0,256,Train
-1.247637252,-0.935387468,-1.792012795,0,0,1,0,1,0,0,0,0,0,0,0,0,0,0,0,0,0,0,0,140,Train
0.43366329,0.357386932,0.776555383,0,0,0,1,0,0,0,0,0,0,0,0,0,0,0,1,0,0,0,0,294,Train
-0.447017946,-0.935387468,-0.680244479,0,0,0,1,0,0,0,0,0,0,0,0,0,0,0,1,0,0,0,0,210,Train
1.794716111,1.650161332,1.006576414,0,0,0,1,0,0,0,0,0,0,0,0,0,0,0,0,1,0,0,0,314,Train
2.515273486,1.650161332,1.811650022,0,0,1,0,1,0,0,0,0,0,0,0,0,0,0,0,0,0,0,0,357,Train
0.43366329,0.357386932,-0.335212933,0,0,0,1,0,0,1,0,0,0,0,0,0,0,0,0,0,0,0,0,233,Train
0.43366329,0.357386932,0.124829129,0,0,0,1,0,0,0,0,0,0,0,0,0,0,0,1,0,0,0,0,260,Train
-1.167575321,-0.935387468,-0.41188661,0,0,0,1,0,1,0,0,0,0,0,0,0,0,0,0,0,0,0,0,223,Train
-0.847327599,-0.935387468,-0.603570802,0,0,1,0,0,0,0,0,0,0,0,0,0,0,1,0,0,0,0,0,214,Train
-1.00745146,-0.935387468,-1.063612864,0,0,0,1,0,0,1,0,0,0,0,0,0,0,0,0,0,0,0,0,187,Train
2.515273486,1.650161332,1.428281637,0,0,1,0,0,0,1,0,0,0,0,0,0,0,0,0,0,0,0,0,339,Train
-0.447017946,-0.935387468,-0.105191902,0,0,0,1,0,0,0,0,0,0,0,0,0,0,0,1,0,0,0,0,244,Train
0.43366329,0.357386932,-0.181865579,0,0,0,1,0,1,0,0,0,0,0,0,0,0,0,0,0,0,0,0,237,Train
-0.447017946,-0.935387468,-1.561991764,0,0,0,1,0,0,0,0,0,0,0,0,0,0,0,0,1,0,0,0,156,Train
-1.247637252,-0.935387468,-1.638665441,0,0,0,1,0,0,0,0,0,0,0,0,0,1,0,0,0,0,0,0,154,Train
-1.327699183,-0.935387468,-1.485318087,0,0,0,1,1,0,0,0,0,0,0,0,0,0,0,0,0,0,0,0,160,Train
-0.847327599,-0.935387468,-0.181865579,0,0,1,0,1,0,0,0,0,0,0,0,0,0,0,0,0,0,0,0,241,Train
0.35360136,0.357386932,-0.028518225,0,0,1,0,0,0,0,0,0,0,0,0,0,0,0,1,0,0,0,0,251,Train
-0.847327599,-0.935387468,-0.220202418,0,0,0,1,0,0,0,0,0,0,0,0,0,0,0,1,0,0,0,0,241,Train
-0.046708293,0.357386932,-0.373549772,1,0,0,0,0,0,0,0,0,0,1,0,0,0,0,0,0,0,0,0,264,Train
0.43366329,0.357386932,0.393186998,0,0,0,1,0,0,0,0,0,0,0,0,0,0,0,0,1,0,0,0,277,Train
-1.167575321,-0.935387468,-0.450223449,0,0,0,1,0,1,0,0,0,0,0,0,0,0,0,0,0,0,0,0,226,Train
1.954839972,1.650161332,1.84998686,0,0,1,0,0,0,0,0,0,0,0,0,0,0,0,0,1,0,0,0,363,Train
1.554530319,1.650161332,0.85322906,0,0,0,1,0,0,0,0,0,0,1,0,0,0,0,0,0,0,0,0,305,Train
-0.046708293,0.357386932,0.431523836,0,0,1,0,1,0,0,0,0,0,0,0,0,0,0,0,0,0,0,0,280,Train
-1.647946905,-1.581774668,-1.638665441,0,0,1,0,0,0,0,0,0,0,0,0,0,0,0,0,0,1,0,0,150,Train
2.515273486,1.650161332,1.236597445,0,0,1,0,0,0,0,0,0,0,1,0,0,0,0,0,0,0,0,0,322,Train
-0.527079877,-0.935387468,-0.258539256,0,0,0,1,0,0,0,0,0,0,0,0,0,0,0,1,0,0,0,0,237,Train
1.794716111,1.650161332,0.891565898,0,0,0,1,0,0,0,0,0,0,1,0,0,0,0,0,0,0,0,0,306,Train
-0.046708293,0.357386932,-0.296876095,0,0,1,0,0,0,1,0,0,0,0,0,0,0,0,0,0,0,0,0,235,Train
1.554530319,1.650161332,0.58487119,0,0,0,1,0,0,0,0,0,0,0,0,0,0,1,0,0,0,0,0,289,Train
2.034901902,1.650161332,0.968239575,0,0,1,0,0,0,0,0,0,0,1,0,0,0,0,0,0,0,0,0,313,Train
0.43366329,0.357386932,1.198260606,0,1,0,0,0,1,0,0,0,0,0,0,0,0,0,0,0,0,0,0,229,Train
-0.527079877,-0.935387468,0.661544867,0,1,0,0,0,0,0,0,0,0,0,0,0,0,0,1,0,0,0,0,206,Train
-0.447017946,-0.935387468,-0.373549772,0,0,0,1,0,0,0,0,0,0,0,0,0,0,0,1,0,0,0,0,225,Train
-0.046708293,0.357386932,-0.450223449,0,0,1,0,0,0,0,1,0,0,0,0,0,0,0,0,0,0,0,0,225,Train
0.35360136,0.357386932,0.201502806,0,0,0,1,0,0,0,0,0,0,0,0,0,0,0,1,0,0,0,0,260,Train
0.43366329,0.357386932,0.048155452,0,0,0,1,0,0,1,0,0,0,0,0,0,0,0,0,0,0,0,0,255,Train
1.954839972,1.650161332,2.11834473,0,0,1,0,0,0,0,0,0,0,0,0,0,0,0,0,1,0,0,0,375,Train
-1.167575321,-0.935387468,-1.17862338,0,0,0,1,1,0,0,0,0,0,0,0,0,0,0,0,0,0,0,0,177,Train
0.593787152,0.357386932,0.009818613,0,0,1,0,0,0,0,1,0,0,0,0,0,0,0,0,0,0,0,0,248,Train
0.513725221,0.357386932,2.770070984,0,1,0,0,0,0,0,0,0,0,1,0,0,0,0,0,0,0,0,0,288,Train
-0.527079877,-0.935387468,-0.986939187,0,0,0,1,0,0,1,0,0,0,0,0,0,0,0,0,0,0,0,0,189,Train
-1.327699183,-0.935387468,-1.331970734,0,0,0,1,0,0,1,0,0,0,0,0,0,0,0,0,0,0,0,0,168,Train
-0.447017946,0.357386932,-0.450223449,0,0,1,0,0,0,0,0,0,0,0,0,0,0,1,0,0,0,0,0,221,Train
-0.046708293,0.357386932,-0.220202418,1,0,0,0,0,0,0,0,0,0,0,0,0,0,0,0,1,0,0,0,277,Train
-0.447017946,-0.935387468,-0.718581318,0,0,0,1,0,0,1,0,0,0,0,0,0,0,0,0,0,0,0,0,205,Train
0.994096805,0.357386932,1.044913252,0,0,0,1,0,0,0,0,0,0,1,0,0,0,0,0,0,0,0,0,316,Train
-1.167575321,-0.935387468,-0.948602349,0,0,1,0,0,0,0,0,0,0,0,0,0,0,1,0,0,0,0,0,191,Train
-1.247637252,-1.581774668,-0.91026551,0,0,1,0,0,0,1,0,0,0,0,0,0,0,0,0,0,0,0,0,197,Train
-0.046708293,0.357386932,0.239839644,0,0,1,0,0,0,0,0,0,0,0,0,0,0,1,0,0,0,0,0,266,Train
2.675397347,1.650161332,0.85322906,0,0,1,0,0,1,0,0,0,0,0,0,0,0,0,0,0,0,0,0,305,Train
0.35360136,0.357386932,0.699881706,0,0,0,1,0,0,0,0,0,0,1,0,0,0,0,0,0,0,0,0,296,Train
0.193477499,0.357386932,1.581628991,0,1,0,0,0,0,0,0,0,0,1,0,0,0,0,0,0,0,0,0,248,Train
1.794716111,1.650161332,0.968239575,0,0,0,1,0,0,0,0,0,0,0,0,0,0,0,0,1,0,0,0,306,Train
-0.046708293,0.357386932,0.699881706,0,0,1,0,0,0,0,0,0,0,0,0,0,0,0,0,0,1,0,0,296,Train
-0.847327599,-0.935387468,-0.756918156,0,0,0,1,0,0,0,0,0,0,0,0,0,0,0,1,0,0,0,0,206,Train
-0.847327599,-0.935387468,-0.603570802,0,0,1,0,0,0,1,0,0,0,0,0,0,0,0,0,0,0,0,0,211,Train
0.43366329,0.357386932,-0.181865579,0,0,0,1,0,1,0,0,0,0,0,0,0,0,0,0,0,0,0,0,242,Train
-0.847327599,-0.935387468,-0.641907641,0,0,1,0,0,0,0,0,0,0,0,0,0,0,1,0,0,0,0,0,214,Train
0.43366329,0.357386932,0.08649229,0,0,0,1,0,0,1,0,0,0,0,0,0,0,0,0,0,0,0,0,258,Train
-0.847327599,-0.935387468,-0.948602349,0,0,1,0,0,0,0,0,0,0,0,0,0,1,0,0,0,0,0,0,192,Train
-0.447017946,-0.935387468,-0.986939187,0,0,0,1,0,0,1,0,0,0,0,0,0,0,0,0,0,0,0,0,190,Train
-0.847327599,-0.935387468,-2.17538118,0,0,0,1,0,1,0,0,0,0,0,0,0,0,0,0,0,0,0,0,118,Train
1.394406458,1.650161332,1.313271121,0,0,1,0,0,0,0,0,0,0,0,0,0,0,0,0,1,0,0,0,334,Train
0.753911013,1.650161332,0.546534352,0,0,1,0,0,0,1,0,0,0,0,0,0,0,0,0,0,0,0,0,281,Train
-0.847327599,-0.935387468,-0.641907641,0,0,1,0,0,0,0,0,0,0,0,0,0,1,0,0,0,0,0,0,209,Train
-0.447017946,-0.935387468,0.58487119,0,0,0,1,0,0,0,0,0,1,0,0,0,0,0,0,0,0,0,0,283,Train
-0.847327599,-0.935387468,-0.833591833,0,0,0,1,0,0,1,0,0,0,0,0,0,0,0,0,0,0,0,0,202,Train
-0.607141807,-0.935387468,0.278176483,0,0,0,1,0,0,0,0,0,0,0,0,0,0,0,1,0,0,0,0,270,Train
-0.447017946,-0.935387468,-1.025276026,0,0,0,1,0,0,1,0,0,0,0,0,0,0,0,0,0,0,0,0,189,Train
-0.046708293,0.357386932,-0.220202418,0,0,1,0,0,0,0,0,0,0,0,0,0,0,0,1,0,0,0,0,235,Train
-0.847327599,-0.935387468,-0.948602349,0,0,0,1,0,0,1,0,0,0,0,0,0,0,0,0,0,0,0,0,193,Train
0.753911013,1.650161332,1.044913252,0,0,1,0,0,0,0,0,0,0,0,0,0,0,0,0,0,1,0,0,315,Train
-0.847327599,-0.935387468,-1.025276026,0,0,0,1,0,0,1,0,0,0,0,0,0,0,0,0,0,0,0,0,189,Train
2.515273486,1.650161332,1.428281637,0,0,1,0,0,0,0,0,0,0,0,0,0,0,0,0,1,0,0,0,340,Train
-0.527079877,-0.935387468,-0.296876095,0,0,0,1,0,0,0,0,0,0,0,0,0,0,0,1,0,0,0,0,239,Train
-1.167575321,-0.935387468,-1.140286541,0,0,0,1,0,0,1,0,0,0,0,0,0,0,0,0,0,0,0,0,184,Train
-0.286894085,0.357386932,-0.603570802,0,0,1,0,0,0,0,0,0,0,0,0,0,0,0,0,0,1,0,0,217,Train
-1.00745146,-0.935387468,-1.17862338,0,0,0,1,0,0,0,0,0,0,0,0,0,1,0,0,0,0,0,0,180,Train
-0.046708293,0.357386932,-0.41188661,0,0,1,0,0,0,0,0,0,0,0,0,0,0,1,0,0,0,0,0,227,Train
0.43366329,0.357386932,0.891565898,0,0,0,1,0,0,0,0,0,0,0,0,0,0,0,1,0,0,0,0,301,Train
1.794716111,1.650161332,2.770070984,0,1,0,0,0,0,0,0,0,0,0,0,0,0,0,0,1,0,0,0,300,Train
0.35360136,0.357386932,0.163165967,0,0,1,0,0,0,0,0,0,0,0,0,0,0,1,0,0,0,0,0,262,Train
-1.247637252,-0.935387468,-1.063612864,0,0,0,1,0,0,1,0,0,0,0,0,0,0,0,0,0,0,0,0,188,Train
0.43366329,0.357386932,0.393186998,0,0,0,1,0,0,0,0,0,0,0,0,0,0,0,1,0,0,0,0,277,Train
1.794716111,1.650161332,3.191776207,0,1,0,0,0,0,0,0,0,0,0,0,0,0,0,0,1,0,0,0,306,Train
0.43366329,0.357386932,0.201502806,0,0,0,1,0,0,0,0,0,0,0,0,0,0,0,0,1,0,0,0,265,Train
0.43366329,0.357386932,0.623208029,0,0,0,1,0,0,0,0,0,0,0,0,0,0,0,1,0,0,0,0,292,Train
1.954839972,1.650161332,2.11834473,0,0,1,0,0,0,0,0,0,0,0,0,0,0,0,0,1,0,0,0,369,Train
-0.847327599,-0.935387468,-0.373549772,0,0,1,0,0,0,1,0,0,0,0,0,0,0,0,0,0,0,0,0,225,Train
-1.00745146,-0.935387468,-2.405402211,0,0,0,1,0,0,1,0,0,0,0,0,0,0,0,0,0,0,0,0,105,Train
0.43366329,0.357386932,0.35485016,0,0,0,1,0,0,0,0,0,1,0,0,0,0,0,0,0,0,0,0,274,Train
0.35360136,0.357386932,-0.641907641,0,0,0,1,0,0,1,0,0,0,0,0,0,0,0,0,0,0,0,0,209,Train
2.515273486,1.650161332,1.159923768,0,0,1,0,0,0,0,0,0,0,0,0,0,0,0,0,1,0,0,0,317,Train
-1.327699183,-0.935387468,-0.948602349,0,0,0,1,0,0,0,0,0,0,0,0,0,0,0,1,0,0,0,0,196,Train
0.43366329,0.357386932,0.546534352,0,0,0,1,0,0,0,0,0,1,0,0,0,0,0,0,0,0,0,0,286,Train
-0.607141807,-0.935387468,-0.143528741,0,0,0,1,0,0,0,0,0,0,0,0,0,0,1,0,0,0,0,0,244,Train
0.914034874,1.650161332,2.233355245,0,0,1,0,0,0,0,0,0,0,0,0,0,0,0,0,0,1,0,0,382,Train
-0.447017946,-0.935387468,-0.220202418,0,0,0,1,0,0,0,0,0,0,0,0,0,0,0,0,1,0,0,0,238,Train
-0.847327599,-0.935387468,-0.603570802,0,0,0,1,0,0,0,0,0,0,0,0,0,0,1,0,0,0,0,0,213,Train
-1.247637252,-1.581774668,-1.255297057,0,0,1,0,0,0,0,0,0,0,0,0,0,0,1,0,0,0,0,0,174,Train
-0.527079877,-0.935387468,-0.948602349,0,0,0,1,0,0,0,0,0,0,0,0,0,0,0,1,0,0,0,0,191,Train
1.794716111,1.650161332,0.929902737,0,0,0,1,0,0,0,0,0,0,0,0,0,0,0,0,1,0,0,0,310,Train
-0.847327599,-0.935387468,-0.91026551,0,0,0,1,0,1,0,0,0,0,0,0,0,0,0,0,0,0,0,0,198,Train
-0.847327599,-0.935387468,-0.641907641,0,0,1,0,0,1,0,0,0,0,0,0,0,0,0,0,0,0,0,0,213,Train
0.43366329,0.357386932,0.699881706,0,0,0,1,0,0,0,0,0,0,1,0,0,0,0,0,0,0,0,0,294,Train
0.753911013,0.357386932,1.159923768,0,0,0,1,0,0,0,0,0,1,0,0,0,0,0,0,0,0,0,0,326,Train
-1.247637252,-0.935387468,-0.833591833,0,0,0,1,0,0,0,0,0,0,0,0,0,0,0,1,0,0,0,0,201,Train
0.43366329,0.357386932,0.776555383,0,0,0,1,0,0,0,0,0,0,0,0,0,0,0,1,0,0,0,0,294,Train
1.794716111,1.650161332,2.425039437,0,1,0,0,0,0,0,0,0,0,1,0,0,0,0,0,0,0,0,0,284,Train
-0.847327599,-0.935387468,-0.526897125,0,0,1,0,0,0,0,0,0,0,0,0,1,0,0,0,0,0,0,0,219,Train
-0.046708293,0.357386932,-0.335212933,0,0,1,0,0,0,0,0,0,0,0,0,0,0,1,0,0,0,0,0,232,Train
-0.847327599,-0.935387468,-0.526897125,0,0,1,0,1,0,0,0,0,0,0,0,0,0,0,0,0,0,0,0,221,Train
0.43366329,0.357386932,-0.066855064,0,0,0,1,0,0,0,0,0,0,0,0,0,0,1,0,0,0,0,0,249,Train
-0.847327599,-0.935387468,-0.105191902,0,0,1,0,0,0,0,0,0,0,0,0,0,0,0,1,0,0,0,0,246,Train
0.593787152,0.357386932,0.776555383,0,0,1,0,0,0,0,0,0,0,0,0,0,0,1,0,0,0,0,0,300,Train
-0.847327599,-0.935387468,-0.871928672,0,0,0,1,1,0,0,0,0,0,0,0,0,0,0,0,0,0,0,0,199,Train
0.593787152,0.357386932,0.393186998,0,0,0,1,0,1,0,0,0,0,0,0,0,0,0,0,0,0,0,0,279,Train
0.35360136,0.357386932,-0.258539256,0,0,1,0,0,0,1,0,0,0,0,0,0,0,0,0,0,0,0,0,232,Train
0.113415568,0.357386932,0.009818613,0,0,0,1,0,0,0,0,0,0,0,0,0,0,0,1,0,0,0,0,253,Train
-0.847327599,-0.935387468,-1.063612864,0,0,1,0,0,0,0,0,0,0,0,0,0,1,0,0,0,0,0,0,184,Train
-0.847327599,-0.935387468,-0.143528741,0,0,1,0,0,0,0,0,0,0,0,0,0,0,0,1,0,0,0,0,244,Train
0.193477499,0.357386932,0.35485016,0,0,0,1,0,0,0,0,0,0,1,0,0,0,0,0,0,0,0,0,274,Train
-0.046708293,0.357386932,-0.105191902,0,0,1,0,0,0,0,0,0,0,0,0,0,0,1,0,0,0,0,0,245,Train
1.554530319,1.650161332,0.85322906,0,0,1,0,0,0,0,0,0,0,0,0,0,0,0,0,1,0,0,0,305,Train
-0.847327599,-0.935387468,-0.833591833,0,0,1,0,0,0,0,0,0,0,0,0,0,0,1,0,0,0,0,0,202,Train
-0.847327599,-0.935387468,0.163165967,0,0,1,0,1,0,0,0,0,0,0,0,0,0,0,0,0,0,0,0,255,Train
-0.847327599,-0.935387468,-0.565233964,0,0,0,1,0,0,1,0,0,0,0,0,0,0,0,0,0,0,0,0,220,Train
0.35360136,0.357386932,-0.91026551,0,0,1,0,0,0,1,0,0,0,0,0,0,0,0,0,0,0,0,0,195,Train
-0.847327599,-0.935387468,-0.181865579,0,0,0,1,0,0,0,0,0,0,0,0,0,0,0,1,0,0,0,0,241,Train
-0.046708293,0.357386932,0.35485016,0,0,1,0,0,0,0,0,0,0,0,0,0,0,1,0,0,0,0,0,269,Train
0.43366329,0.357386932,2.386702599,0,1,0,0,0,0,0,0,0,0,1,0,0,0,0,0,0,0,0,0,283,Train
-1.327699183,-0.935387468,-0.833591833,0,0,0,1,0,0,0,1,0,0,0,0,0,0,0,0,0,0,0,0,200,Train
-0.046708293,0.357386932,0.661544867,0,0,1,0,0,1,0,0,0,0,0,0,0,0,0,0,0,0,0,0,288,Train
-0.847327599,-0.935387468,-0.756918156,0,0,1,0,0,0,0,0,0,0,0,0,0,1,0,0,0,0,0,0,207,Train
-0.847327599,-0.935387468,-0.718581318,0,0,1,0,1,0,0,0,0,0,0,0,0,0,0,0,0,0,0,0,205,Train
-0.847327599,-0.935387468,-0.565233964,0,0,1,0,0,0,1,0,0,0,0,0,0,0,0,0,0,0,0,0,216,Train
-0.046708293,0.357386932,0.508197513,0,0,1,0,1,0,0,0,0,0,0,0,0,0,0,0,0,0,0,0,284,Train
-1.327699183,-0.935387468,-1.331970734,0,0,0,1,0,0,1,0,0,0,0,0,0,0,0,0,0,0,0,0,172,Train
-0.046708293,0.357386932,0.393186998,0,0,1,0,0,1,0,0,0,0,0,0,0,0,0,0,0,0,0,0,276,Train
1.954839972,1.650161332,0.623208029,0,0,1,0,0,0,0,0,0,0,0,0,0,0,0,0,0,1,0,0,298,Train
-0.046708293,0.357386932,0.201502806,0,0,1,0,0,0,0,0,0,0,0,0,0,0,0,0,0,1,0,0,264,Train
-0.847327599,-0.935387468,-0.526897125,0,0,1,0,0,0,0,0,0,0,0,0,0,0,0,0,0,1,0,0,219,Train
1.074158735,1.650161332,0.776555383,0,0,1,0,0,1,0,0,0,0,0,0,0,0,0,0,0,0,0,0,294,Train
0.35360136,0.357386932,-1.255297057,0,0,1,0,0,0,1,0,0,0,0,0,0,0,0,0,0,0,0,0,172,Train
1.794716111,1.650161332,3.345123561,0,1,0,0,0,0,0,0,0,0,1,0,0,0,0,0,0,0,0,0,325,Train
0.35360136,0.357386932,-0.143528741,0,0,0,1,0,0,0,0,0,0,0,0,0,0,0,0,1,0,0,0,242,Train
1.794716111,1.650161332,0.891565898,0,0,0,1,0,0,0,0,0,0,1,0,0,0,0,0,0,0,0,0,307,Train
-0.607141807,-0.935387468,-0.220202418,0,0,0,1,0,0,0,0,0,0,0,0,0,0,1,0,0,0,0,0,239,Train
1.794716111,1.650161332,0.85322906,0,0,0,1,0,0,0,0,0,0,1,0,0,0,0,0,0,0,0,0,299,Train
-0.046708293,0.357386932,0.623208029,0,0,1,0,1,0,0,0,0,0,0,0,0,0,0,0,0,0,0,0,290,Train
1.71465418,2.942935732,2.693397307,0,0,1,0,0,0,0,0,0,0,0,0,0,0,0,0,0,1,0,0,409,Train
-0.847327599,-0.935387468,-0.335212933,0,0,0,1,0,0,1,0,0,0,0,0,0,0,0,0,0,0,0,0,228,Train
1.794716111,1.650161332,2.463376276,0,1,0,0,0,0,0,0,0,0,1,0,0,0,0,0,0,0,0,0,275,Train
-0.847327599,-0.935387468,-0.181865579,0,0,1,0,0,0,0,0,0,0,0,0,0,0,0,1,0,0,0,0,242,Train
1.554530319,1.650161332,0.738218544,0,0,1,0,0,0,0,0,0,0,0,0,0,0,0,0,0,1,0,0,299,Train
2.114963833,1.650161332,1.083250091,0,0,0,1,0,0,0,0,0,0,1,0,0,0,0,0,0,0,0,0,319,Train
0.35360136,0.357386932,0.814892221,0,0,0,1,0,0,0,0,0,0,1,0,0,0,0,0,0,0,0,0,303,Train
1.794716111,1.650161332,0.393186998,0,0,0,1,0,0,0,0,0,0,1,0,0,0,0,0,0,0,0,0,278,Train
0.43366329,0.357386932,1.198260606,0,1,0,0,0,1,0,0,0,0,0,0,0,0,0,0,0,0,0,0,222,Train
-0.847327599,-0.935387468,-0.450223449,0,0,1,0,0,0,0,0,0,0,0,0,0,0,1,0,0,0,0,0,221,Train
-0.847327599,-0.935387468,0.009818613,0,1,0,0,1,0,0,0,0,0,0,0,0,0,0,0,0,0,0,0,179,Train
-1.167575321,-0.935387468,-1.67700228,1,0,0,0,1,0,0,0,0,0,0,0,0,0,0,0,0,0,0,0,172,Train
-0.046708293,0.357386932,-0.335212933,0,0,1,0,0,0,1,0,0,0,0,0,0,0,0,0,0,0,0,0,232,Train
0.513725221,0.357386932,-0.220202418,0,0,0,1,0,0,0,0,0,0,0,0,0,0,1,0,0,0,0,0,235,Train
0.35360136,0.357386932,-0.680244479,0,0,0,1,0,0,1,0,0,0,0,0,0,0,0,0,0,0,0,0,207,Train
-0.847327599,-0.935387468,-0.795254995,0,0,1,0,0,0,0,0,0,0,0,0,0,0,0,1,0,0,0,0,200,Train
-0.286894085,0.357386932,0.469860675,0,0,0,1,0,0,0,0,0,0,0,0,0,0,0,1,0,0,0,0,281,Train
-1.167575321,-0.935387468,-0.833591833,0,0,1,0,1,0,0,0,0,0,0,0,0,0,0,0,0,0,0,0,201,Train
-0.046708293,0.357386932,-0.105191902,0,0,1,0,1,0,0,0,0,0,0,0,0,0,0,0,0,0,0,0,246,Train
-0.847327599,-0.935387468,-0.91026551,0,0,1,0,0,0,0,0,0,0,0,0,0,0,1,0,0,0,0,0,197,Train
1.554530319,1.650161332,0.278176483,0,0,1,0,0,0,1,0,0,0,0,0,0,0,0,0,0,0,0,0,264,Train
0.35360136,0.357386932,-0.335212933,0,0,0,1,0,0,0,0,0,0,0,0,1,0,0,0,0,0,0,0,232,Train
-0.046708293,0.357386932,-0.258539256,0,0,1,0,0,0,0,0,0,0,0,0,0,0,0,0,0,1,0,0,234,Train
0.43366329,0.357386932,1.35160796,0,1,0,0,0,1,0,0,0,0,0,0,0,0,0,0,0,0,0,0,229,Train
0.43366329,0.357386932,0.35485016,0,0,0,1,0,0,0,0,0,0,0,0,0,0,0,1,0,0,0,0,269,Train
2.675397347,1.650161332,0.814892221,0,0,1,0,0,1,0,0,0,0,0,0,0,0,0,0,0,0,0,0,297,Train
-1.00745146,-0.935387468,-0.871928672,0,0,0,1,1,0,0,0,0,0,0,0,0,0,0,0,0,0,0,0,199,Train
0.35360136,0.357386932,-0.181865579,0,0,1,0,1,0,0,0,0,0,0,0,0,0,0,0,0,0,0,0,240,Train
-0.286894085,-0.935387468,-0.105191902,0,0,0,1,0,0,0,0,0,0,0,0,0,0,0,1,0,0,0,0,242,Train
2.675397347,1.650161332,1.926660537,0,0,1,0,0,0,0,0,0,0,0,0,0,0,0,0,1,0,0,0,370,Train
1.794716111,1.650161332,1.198260606,0,0,0,1,0,0,0,0,0,0,1,0,0,0,0,0,0,0,0,0,326,Train
-1.167575321,-0.935387468,-1.446981249,0,0,0,1,0,0,1,0,0,0,0,0,0,0,0,0,0,0,0,0,164,Train
0.35360136,0.357386932,0.08649229,0,0,0,1,0,0,0,0,0,0,0,0,0,0,0,1,0,0,0,0,253,Train
-0.847327599,-0.935387468,-1.216960218,0,0,0,1,0,0,0,0,0,0,0,0,0,1,0,0,0,0,0,0,175,Train
0.43366329,0.357386932,0.201502806,0,0,0,1,0,1,0,0,0,0,0,0,0,0,0,0,0,0,0,0,263,Train
-1.247637252,-1.581774668,-0.986939187,0,0,1,0,0,0,1,0,0,0,0,0,0,0,0,0,0,0,0,0,194,Train
-0.447017946,-0.935387468,-0.526897125,0,0,0,1,0,0,0,0,0,0,0,0,0,0,0,1,0,0,0,0,216,Train
2.515273486,1.650161332,0.699881706,0,0,1,0,0,0,0,0,0,0,0,0,0,0,1,0,0,0,0,0,297,Train
-0.847327599,-0.935387468,-0.450223449,0,0,1,0,0,0,0,0,0,0,0,0,0,0,1,0,0,0,0,0,223,Train
0.193477499,0.357386932,1.581628991,0,1,0,0,0,0,0,0,0,0,1,0,0,0,0,0,0,0,0,0,247,Train
-0.046708293,0.357386932,0.699881706,0,0,1,0,0,0,0,0,0,0,0,0,0,0,0,0,0,1,0,0,296,Train
2.114963833,1.650161332,1.773313183,0,0,0,1,0,0,0,0,0,0,1,0,0,0,0,0,0,0,0,0,354,Train
1.794716111,1.650161332,0.968239575,0,0,0,1,0,0,0,0,0,0,0,0,0,0,0,0,1,0,0,0,312,Train
0.43366329,0.357386932,1.006576414,0,0,0,1,0,0,0,0,0,0,0,0,0,0,0,1,0,0,0,0,313,Train
0.593787152,0.357386932,0.239839644,0,0,1,0,0,0,0,1,0,0,0,0,0,0,0,0,0,0,0,0,266,Train
-0.447017946,-0.935387468,-0.833591833,0,0,0,1,0,0,0,0,0,0,0,0,0,0,0,1,0,0,0,0,200,Train
1.554530319,1.650161332,0.968239575,0,0,0,1,0,0,0,0,0,0,0,0,0,0,1,0,0,0,0,0,311,Train
-0.847327599,-0.935387468,-0.948602349,0,0,0,1,1,0,0,0,0,0,0,0,0,0,0,0,0,0,0,0,193,Train
-0.847327599,-0.935387468,-0.795254995,0,0,1,0,0,0,0,1,0,0,0,0,0,0,0,0,0,0,0,0,204,Train
-0.527079877,-0.935387468,-0.680244479,0,0,0,1,0,0,0,0,0,0,0,0,0,0,0,1,0,0,0,0,214,Train
-1.167575321,-0.935387468,-0.948602349,0,0,1,0,0,0,0,0,0,0,0,0,0,1,0,0,0,0,0,0,191,Train
-0.847327599,-0.935387468,-0.795254995,0,0,1,0,0,0,0,0,0,0,0,0,0,0,1,0,0,0,0,0,204,Train
-0.527079877,-0.935387468,0.814892221,0,1,0,0,0,0,0,0,0,0,0,0,0,0,0,1,0,0,0,0,213,Train
0.35360136,0.357386932,1.504955314,0,1,0,0,0,1,0,0,0,0,0,0,0,0,0,0,0,0,0,0,235,Train
0.43366329,0.357386932,0.239839644,0,0,0,1,0,1,0,0,0,0,0,0,0,0,0,0,0,0,0,0,262,Train
0.273539429,0.357386932,-0.143528741,0,0,1,0,0,0,0,0,0,0,0,0,0,0,0,0,0,1,0,0,239,Train
-1.247637252,-1.581774668,-0.680244479,0,0,1,0,0,0,1,0,0,0,0,0,0,0,0,0,0,0,0,0,212,Train
-0.126770224,0.357386932,0.201502806,0,0,1,0,0,0,0,0,0,0,0,0,0,0,1,0,0,0,0,0,262,Train
-0.847327599,-0.935387468,0.239839644,0,0,1,0,0,0,0,0,0,0,0,1,0,0,0,0,0,0,0,0,268,Train
-0.527079877,-0.935387468,-0.450223449,0,0,0,1,0,0,0,0,0,0,0,0,0,0,0,1,0,0,0,0,225,Train
-0.046708293,0.357386932,0.35485016,0,0,1,0,0,0,0,0,0,0,0,0,0,0,1,0,0,0,0,0,273,Train
0.43366329,0.357386932,0.393186998,0,0,0,1,0,0,0,0,0,0,0,0,0,0,1,0,0,0,0,0,277,Train
-0.847327599,-0.935387468,-0.756918156,0,0,1,0,0,0,0,0,0,0,0,0,0,0,0,1,0,0,0,0,207,Train
-0.847327599,-0.935387468,-0.220202418,0,0,1,0,0,0,0,0,0,0,0,0,0,0,0,1,0,0,0,0,238,Train
-0.447017946,-0.289000268,-0.105191902,0,0,1,0,0,0,0,0,0,0,0,0,0,0,1,0,0,0,0,0,248,Train
-1.167575321,-0.935387468,-1.293633895,1,0,0,0,0,0,0,0,0,0,0,0,0,0,0,1,0,0,0,0,199,Train
-0.847327599,-0.935387468,-0.296876095,0,0,1,0,1,0,0,0,0,0,0,0,0,0,0,0,0,0,0,0,230,Train
-0.847327599,-0.935387468,-0.871928672,0,0,1,0,1,0,0,0,0,0,0,0,0,0,0,0,0,0,0,0,196,Train
0.43366329,0.357386932,1.121586929,0,0,0,1,0,0,0,0,0,0,0,0,0,0,0,0,1,0,0,0,323,Train
1.554530319,1.650161332,0.623208029,0,0,0,1,0,0,0,0,0,0,0,0,0,0,1,0,0,0,0,0,285,Train
-0.046708293,0.357386932,-0.066855064,0,0,1,0,0,0,0,1,0,0,0,0,0,0,0,0,0,0,0,0,249,Train
0.35360136,0.357386932,0.508197513,0,0,0,1,0,0,0,0,0,0,0,0,0,0,0,1,0,0,0,0,284,Train
0.43366329,0.357386932,0.048155452,0,0,1,0,0,1,0,0,0,0,0,0,0,0,0,0,0,0,0,0,255,Train
2.675397347,1.650161332,1.198260606,0,0,1,0,0,0,1,0,0,0,0,0,0,0,0,0,0,0,0,0,325,Train
0.35360136,0.357386932,0.163165967,0,0,0,1,0,1,0,0,0,0,0,0,0,0,0,0,0,0,0,0,258,Train
-0.447017946,-0.935387468,-1.293633895,0,0,0,1,0,0,1,0,0,0,0,0,0,0,0,0,0,0,0,0,173,Train
2.675397347,1.650161332,0.85322906,0,0,1,0,0,0,1,0,0,0,0,0,0,0,0,0,0,0,0,0,305,Train
-0.447017946,-0.935387468,-1.945360149,0,0,0,1,0,0,1,0,0,0,0,0,0,0,0,0,0,0,0,0,131,Train
-1.247637252,-1.581774668,-1.101949703,0,0,1,0,0,0,0,1,0,0,0,0,0,0,0,0,0,0,0,0,184,Train
-0.447017946,-0.935387468,-0.680244479,0,0,0,1,0,0,0,0,0,0,0,0,0,0,0,1,0,0,0,0,208,Train
2.034901902,1.650161332,1.84998686,0,0,0,1,0,0,0,0,0,0,1,0,0,0,0,0,0,0,0,0,359,Train
-0.847327599,-0.935387468,0.048155452,0,0,0,1,0,0,0,0,0,0,0,0,0,0,0,1,0,0,0,0,251,Train
-0.847327599,-0.935387468,-0.641907641,0,0,1,0,0,0,1,0,0,0,0,0,0,0,0,0,0,0,0,0,214,Train
0.43366329,0.357386932,-0.105191902,0,0,0,1,0,0,0,0,0,0,0,0,0,0,0,1,0,0,0,0,242,Train
1.554530319,1.650161332,2.693397307,0,1,0,0,0,0,0,0,0,0,1,0,0,0,0,0,0,0,0,0,293,Train
-0.847327599,-0.935387468,-0.41188661,0,0,1,0,0,0,0,1,0,0,0,0,0,0,0,0,0,0,0,0,228,Train
1.794716111,1.650161332,1.581628991,0,0,0,1,0,0,0,0,0,0,1,0,0,0,0,0,0,0,0,0,350,Train
-0.046708293,0.357386932,-0.296876095,0,0,1,0,0,0,0,0,0,0,0,0,0,0,1,0,0,0,0,0,235,Train
-1.00745146,-0.935387468,-0.450223449,0,0,0,1,0,0,0,0,0,0,0,0,0,1,0,0,0,0,0,0,225,Train
1.554530319,1.650161332,1.313271121,0,0,1,0,0,1,0,0,0,0,0,0,0,0,0,0,0,0,0,0,332,Train
-0.847327599,-0.935387468,-0.181865579,0,0,1,0,0,0,0,0,0,0,0,0,0,0,0,1,0,0,0,0,240,Train
-0.847327599,-0.935387468,-0.795254995,0,0,1,0,1,0,0,0,0,0,0,0,0,0,0,0,0,0,0,0,203,Train
0.193477499,0.357386932,-0.220202418,0,0,0,1,0,1,0,0,0,0,0,0,0,0,0,0,0,0,0,0,237,Train
1.794716111,1.650161332,0.85322906,0,0,0,1,0,0,0,0,0,0,1,0,0,0,0,0,0,0,0,0,303,Train
0.994096805,0.357386932,0.393186998,0,0,0,1,0,0,0,0,0,0,1,0,0,0,0,0,0,0,0,0,278,Train
0.43366329,0.357386932,0.239839644,0,0,0,1,0,0,0,0,0,0,0,0,0,0,0,1,0,0,0,0,269,Train
-0.527079877,-0.935387468,-0.526897125,0,0,0,1,0,0,0,0,0,0,0,0,0,0,0,1,0,0,0,0,216,Train
-0.847327599,-0.935387468,-0.220202418,0,0,1,0,0,0,0,0,0,0,0,0,0,0,0,1,0,0,0,0,235,Train
0.43366329,0.357386932,0.201502806,0,0,0,1,0,0,0,0,0,1,0,0,0,0,0,0,0,0,0,0,260,Train
-1.327699183,-0.935387468,-1.370307572,0,0,0,1,0,0,0,0,0,0,0,0,0,0,1,0,0,0,0,0,168,Train
0.35360136,0.357386932,0.661544867,0,0,0,1,0,0,0,0,0,0,1,0,0,0,0,0,0,0,0,0,288,Train
-0.447017946,-0.935387468,-0.220202418,0,0,0,1,0,0,0,0,0,0,0,0,0,0,0,0,1,0,0,0,239,Train
1.954839972,1.650161332,1.696639506,0,0,1,0,0,0,0,0,0,0,0,0,0,0,0,0,1,0,0,0,363,Train
0.35360136,0.357386932,-0.105191902,0,0,1,0,0,0,0,0,0,0,0,0,1,0,0,0,0,0,0,0,242,Train
-1.247637252,-1.581774668,-1.370307572,0,0,1,0,0,0,0,0,0,0,0,0,0,0,1,0,0,0,0,0,170,Train
0.43366329,0.357386932,0.776555383,0,0,0,1,0,0,0,0,0,0,0,0,0,0,0,1,0,0,0,0,299,Train
-0.847327599,-0.935387468,-0.641907641,0,0,1,0,1,0,0,0,0,0,0,0,0,0,0,0,0,0,0,0,209,Train
1.314344527,1.650161332,1.504955314,0,0,1,0,0,0,0,0,0,0,0,0,0,0,0,0,1,0,0,0,346,Train
-0.847327599,-0.935387468,-0.795254995,0,0,1,0,0,0,0,0,0,0,0,0,0,0,1,0,0,0,0,0,203,Train
0.513725221,0.357386932,0.009818613,0,0,1,0,0,0,1,0,0,0,0,0,0,0,0,0,0,0,0,0,248,Train
-0.046708293,0.357386932,0.009818613,0,0,1,0,0,0,0,0,0,0,0,0,0,0,0,0,0,1,0,0,253,Train
-1.167575321,-0.935387468,-1.370307572,0,0,0,1,0,0,1,0,0,0,0,0,0,0,0,0,0,0,0,0,169,Train
-1.327699183,-0.935387468,-1.331970734,0,0,0,1,1,0,0,0,0,0,0,0,0,0,0,0,0,0,0,0,170,Train
1.394406458,1.650161332,0.814892221,0,0,1,0,0,1,0,0,0,0,0,0,0,0,0,0,0,0,0,0,297,Train
-0.847327599,-0.935387468,-0.066855064,0,0,0,1,0,0,0,0,0,0,0,0,0,0,0,1,0,0,0,0,248,Train
-1.00745146,-0.935387468,-0.680244479,0,0,1,0,0,0,0,0,0,0,0,0,0,0,0,0,0,1,0,0,207,Train
1.794716111,1.650161332,0.891565898,0,0,0,1,0,0,0,0,0,0,1,0,0,0,0,0,0,0,0,0,307,Train
-1.167575321,-0.935387468,-1.293633895,1,0,0,0,0,0,0,0,0,0,0,0,0,0,0,1,0,0,0,0,198,Train
-0.046708293,0.357386932,0.699881706,0,0,1,0,1,0,0,0,0,0,0,0,0,0,0,0,0,0,0,0,294,Train
-0.527079877,-0.935387468,-0.41188661,0,0,0,1,0,0,0,0,0,0,0,0,0,0,0,1,0,0,0,0,223,Train
1.794716111,1.650161332,1.389944798,0,0,0,1,0,0,0,0,0,0,1,0,0,0,0,0,0,0,0,0,339,Train
2.355149625,1.650161332,1.313271121,0,0,1,0,0,0,0,0,0,0,0,0,0,0,0,0,0,1,0,0,327,Train
-0.847327599,-0.935387468,-0.526897125,0,0,1,0,0,0,0,0,0,0,0,0,1,0,0,0,0,0,0,0,221,Train
1.314344527,1.650161332,0.431523836,0,0,1,0,1,0,0,0,0,0,0,0,0,0,0,0,0,0,0,0,278,Train
-0.847327599,-0.935387468,-1.216960218,0,0,0,1,1,0,0,0,0,0,0,0,0,0,0,0,0,0,0,0,179,Train
-0.046708293,0.357386932,-1.140286541,1,0,0,0,0,0,1,0,0,0,0,0,0,0,0,0,0,0,0,0,213,Train
-0.607141807,-0.935387468,-0.181865579,0,0,0,1,0,0,0,0,0,0,0,0,0,0,1,0,0,0,0,0,240,Train
-0.046708293,0.357386932,-0.450223449,0,0,1,0,1,0,0,0,0,0,0,0,0,0,0,0,0,0,0,0,221,Train
1.554530319,1.650161332,0.814892221,0,0,0,1,0,0,0,0,0,0,0,0,0,0,1,0,0,0,0,0,302,Train
-0.447017946,-0.935387468,-0.066855064,0,0,1,0,0,0,0,0,0,0,0,0,0,0,0,0,0,1,0,0,249,Train
-0.847327599,-0.935387468,-1.255297057,0,0,0,1,0,0,1,0,0,0,0,0,0,0,0,0,0,0,0,0,176,Train
-0.447017946,-0.935387468,-0.565233964,0,0,0,1,1,0,0,0,0,0,0,0,0,0,0,0,0,0,0,0,214,Train
-0.046708293,0.357386932,-0.526897125,0,0,1,0,0,0,1,0,0,0,0,0,0,0,0,0,0,0,0,0,219,Train
0.43366329,0.357386932,0.469860675,0,0,0,1,0,0,0,0,0,0,0,0,0,0,0,1,0,0,0,0,276,Train
-0.847327599,-0.935387468,-0.756918156,0,0,0,1,1,0,0,0,0,0,0,0,0,0,0,0,0,0,0,0,202,Train
-1.167575321,-0.935387468,-1.17862338,0,0,0,1,1,0,0,0,0,0,0,0,0,0,0,0,0,0,0,0,177,Train
0.43366329,0.357386932,0.776555383,0,0,0,1,0,0,0,0,0,0,0,0,0,0,0,1,0,0,0,0,300,Train
-0.847327599,-0.935387468,-0.833591833,0,0,0,1,0,0,1,0,0,0,0,0,0,0,0,0,0,0,0,0,198,Train
-1.167575321,-0.935387468,-0.948602349,0,0,1,0,0,0,0,0,0,0,0,0,0,0,0,0,0,1,0,0,191,Train
-0.847327599,-0.935387468,-0.948602349,0,0,1,0,0,0,1,0,0,0,0,0,0,0,0,0,0,0,0,0,179,Train
-0.527079877,-0.935387468,-1.101949703,0,0,0,1,0,0,0,0,0,0,0,0,0,0,0,1,0,0,0,0,186,Train
-0.447017946,-0.935387468,-1.101949703,0,0,0,1,0,1,0,0,0,0,0,0,0,0,0,0,0,0,0,0,185,Train
-1.00745146,-0.935387468,-0.871928672,0,0,0,1,1,0,0,0,0,0,0,0,0,0,0,0,0,0,0,0,196,Train
0.43366329,0.357386932,0.699881706,0,0,0,1,0,0,0,0,0,0,0,0,0,0,0,0,1,0,0,0,290,Train
0.43366329,0.357386932,-0.105191902,0,0,0,1,1,0,0,0,0,0,0,0,0,0,0,0,0,0,0,0,242,Train
-0.046708293,0.357386932,0.239839644,0,0,1,0,0,0,0,0,0,0,0,0,0,0,0,0,1,0,0,0,265,Train
-1.00745146,-0.935387468,-0.833591833,0,0,0,1,1,0,0,0,0,0,0,0,0,0,0,0,0,0,0,0,201,Train
-0.847327599,-0.935387468,-1.101949703,0,0,1,0,0,0,0,0,0,0,0,0,0,0,0,0,0,1,0,0,186,Train
0.35360136,0.357386932,0.124829129,0,0,1,0,1,0,0,0,0,0,0,0,0,0,0,0,0,0,0,0,258,Train
1.074158735,1.650161332,0.469860675,0,0,1,0,1,0,0,0,0,0,0,0,0,0,0,0,0,0,0,0,282,Train
0.35360136,0.357386932,0.009818613,0,0,0,1,0,0,0,0,0,0,0,0,0,0,0,1,0,0,0,0,254,Train
-0.847327599,-0.935387468,-0.565233964,0,0,1,0,0,0,0,0,0,0,0,0,0,0,0,1,0,0,0,0,216,Train
0.593787152,0.357386932,0.239839644,0,0,1,0,0,0,0,1,0,0,0,0,0,0,0,0,0,0,0,0,267,Train
0.43366329,0.357386932,-0.105191902,0,0,0,1,1,0,0,0,0,0,0,0,0,0,0,0,0,0,0,0,247,Train
-1.247637252,-0.935387468,-1.17862338,0,0,0,1,1,0,0,0,0,0,0,0,0,0,0,0,0,0,0,0,177,Train
-0.847327599,-0.935387468,-0.91026551,0,0,0,1,0,0,0,0,0,0,0,0,0,1,0,0,0,0,0,0,193,Train
2.114963833,1.650161332,2.11834473,0,0,0,1,0,0,0,0,0,0,1,0,0,0,0,0,0,0,0,0,382,Train
0.513725221,0.357386932,0.048155452,0,0,0,1,0,0,1,0,0,0,0,0,0,0,0,0,0,0,0,0,257,Train
-0.847327599,-0.935387468,0.278176483,0,1,0,0,0,0,1,0,0,0,0,0,0,0,0,0,0,0,0,0,187,Train
-1.647946905,-1.581774668,-0.91026551,0,0,0,1,0,0,0,0,0,0,0,0,0,0,0,1,0,0,0,0,197,Train
1.794716111,1.650161332,0.968239575,0,0,0,1,0,0,0,0,0,0,0,0,0,0,0,0,1,0,0,0,312,Train
-0.847327599,-0.935387468,-0.258539256,0,0,0,1,0,0,0,0,0,0,0,0,0,0,0,1,0,0,0,0,232,Train
0.35360136,0.357386932,0.776555383,0,0,0,1,0,0,0,0,0,0,1,0,0,0,0,0,0,0,0,0,294,Train
0.43366329,0.357386932,1.274934283,0,0,0,1,0,0,0,0,0,1,0,0,0,0,0,0,0,0,0,0,331,Train
0.593787152,0.357386932,0.393186998,0,0,0,1,0,1,0,0,0,0,0,0,0,0,0,0,0,0,0,0,278,Train
1.314344527,1.650161332,0.35485016,0,0,1,0,0,0,0,0,0,0,0,0,0,0,0,0,0,1,0,0,269,Train
-1.247637252,-0.935387468,-0.948602349,0,0,0,1,0,0,0,0,0,0,0,0,0,0,0,1,0,0,0,0,196,Train
-0.847327599,-0.935387468,-0.373549772,0,0,1,0,1,0,0,0,0,0,0,0,0,0,0,0,0,0,0,0,225,Train
0.43366329,0.357386932,-0.143528741,0,0,0,1,0,0,1,0,0,0,0,0,0,0,0,0,0,0,0,0,243,Train
-0.607141807,-0.935387468,0.009818613,0,0,1,0,0,0,1,0,0,0,0,0,0,0,0,0,0,0,0,0,252,Train
-0.847327599,-0.935387468,-0.335212933,0,0,1,0,0,0,0,0,0,0,0,0,0,1,0,0,0,0,0,0,232,Train
-0.046708293,0.357386932,-0.526897125,0,0,1,0,0,0,0,1,0,0,0,0,0,0,0,0,0,0,0,0,221,Train
1.794716111,1.650161332,1.006576414,0,0,0,1,0,0,0,0,0,0,1,0,0,0,0,0,0,0,0,0,314,Train
-1.327699183,-0.935387468,-0.795254995,0,0,0,1,0,0,0,0,0,0,0,0,0,1,0,0,0,0,0,0,200,Train
-0.607141807,-0.935387468,-0.220202418,0,0,0,1,0,0,0,0,0,0,0,0,0,0,1,0,0,0,0,0,238,Train
-0.046708293,0.357386932,-0.41188661,0,0,1,0,0,0,1,0,0,0,0,0,0,0,0,0,0,0,0,0,226,Train
-0.847327599,-0.935387468,-1.485318087,0,0,0,1,1,0,0,0,0,0,0,0,0,0,0,0,0,0,0,0,159,Train
-0.447017946,-0.935387468,-0.450223449,0,0,0,1,0,0,0,0,0,0,0,0,0,0,0,1,0,0,0,0,221,Train
-0.847327599,-0.935387468,-1.025276026,0,0,0,1,0,0,0,0,0,0,0,0,0,0,1,0,0,0,0,0,189,Train
1.794716111,1.650161332,1.274934283,0,0,0,1,0,0,0,0,0,0,1,0,0,0,0,0,0,0,0,0,331,Train
0.513725221,0.357386932,0.08649229,0,0,1,0,0,0,1,0,0,0,0,0,0,0,0,0,0,0,0,0,253,Train
0.35360136,0.357386932,0.929902737,0,0,0,1,0,0,0,0,0,0,0,0,0,0,0,0,1,0,0,0,311,Train
-0.847327599,-0.935387468,-0.565233964,0,0,1,0,0,0,0,0,0,0,0,0,0,0,0,1,0,0,0,0,218,Train
1.794716111,1.650161332,0.891565898,0,0,0,1,0,0,0,0,0,0,1,0,0,0,0,0,0,0,0,0,309,Train
-0.847327599,-0.935387468,-0.028518225,0,0,1,0,0,0,0,0,0,0,0,0,0,0,0,1,0,0,0,0,256,Train
-0.847327599,-0.935387468,-1.983696988,0,0,0,1,0,0,1,0,0,0,0,0,0,0,0,0,0,0,0,0,131,Train
-0.847327599,-0.935387468,-0.795254995,0,0,0,1,0,0,0,0,0,0,0,0,0,1,0,0,0,0,0,0,206,Train
-0.847327599,-0.935387468,-0.680244479,0,0,1,0,1,0,0,0,0,0,0,0,0,0,0,0,0,0,0,0,207,Train
1.794716111,1.650161332,1.159923768,0,0,0,1,0,0,0,0,0,0,0,0,0,0,0,0,1,0,0,0,325,Train
1.954839972,1.650161332,0.891565898,0,0,1,0,1,0,0,0,0,0,0,0,0,0,0,0,0,0,0,0,301,Train
2.114963833,1.650161332,0.58487119,0,0,0,1,0,0,1,0,0,0,0,0,0,0,0,0,0,0,0,0,283,Train
0.35360136,0.357386932,-0.066855064,0,0,0,1,0,0,0,0,1,0,0,0,0,0,0,0,0,0,0,0,247,Train
1.954839972,1.650161332,0.968239575,0,0,1,0,0,0,0,0,0,0,0,0,1,0,0,0,0,0,0,0,306,Train
1.554530319,1.650161332,1.658302668,0,0,1,0,0,0,0,0,0,0,0,0,0,0,0,0,1,0,0,0,356,Train
-0.447017946,-0.935387468,-0.028518225,0,0,0,1,0,0,0,0,0,1,0,0,0,0,0,0,0,0,0,0,251,Train
1.794716111,1.650161332,0.891565898,0,0,0,1,0,0,0,0,0,0,1,0,0,0,0,0,0,0,0,0,307,Train
-0.847327599,-0.935387468,-0.91026551,0,0,1,0,1,0,0,0,0,0,0,0,0,0,0,0,0,0,0,0,193,Train
0.513725221,0.357386932,0.278176483,0,0,1,0,0,0,0,0,0,0,0,0,0,0,0,0,0,1,0,0,270,Train
-0.046708293,0.357386932,0.35485016,0,0,1,0,1,0,0,0,0,0,0,0,0,0,0,0,0,0,0,0,273,Train
0.35360136,0.357386932,0.699881706,0,0,0,1,0,0,0,0,0,0,0,0,0,0,0,0,1,0,0,0,295,Train
-0.046708293,0.357386932,0.009818613,0,0,1,0,0,0,0,0,0,0,0,0,1,0,0,0,0,0,0,0,254,Train
-1.167575321,-0.935387468,-1.293633895,1,0,0,0,0,0,0,0,0,0,0,0,0,0,0,1,0,0,0,0,199,Train
0.753911013,0.357386932,1.313271121,0,0,0,1,0,0,0,0,0,0,0,0,0,0,0,1,0,0,0,0,327,Train
-0.527079877,-0.935387468,-0.296876095,0,0,0,1,0,0,0,0,0,0,0,0,0,0,0,1,0,0,0,0,230,Train
-1.167575321,-0.935387468,-1.025276026,0,0,1,0,0,0,0,1,0,0,0,0,0,0,0,0,0,0,0,0,186,Train
-0.046708293,0.357386932,0.08649229,0,0,1,0,0,0,0,0,0,0,0,0,0,0,1,0,0,0,0,0,259,Train
-0.447017946,-0.935387468,-0.526897125,0,0,0,1,0,0,1,0,0,0,0,0,0,0,0,0,0,0,0,0,220,Train
0.753911013,1.650161332,0.776555383,0,0,1,0,0,0,0,0,0,0,0,0,0,0,0,0,0,1,0,0,302,Train
-0.527079877,-0.935387468,-0.296876095,0,0,0,1,0,0,0,0,0,0,0,0,0,0,0,1,0,0,0,0,235,Train
0.43366329,0.357386932,-0.488560287,0,0,0,1,0,0,1,0,0,0,0,0,0,0,0,0,0,0,0,0,224,Train
-0.046708293,0.357386932,-0.335212933,0,0,1,0,0,0,0,0,0,0,0,0,0,0,1,0,0,0,0,0,232,Train
0.43366329,0.357386932,1.006576414,0,0,0,1,0,0,0,0,0,0,0,0,0,0,0,1,0,0,0,0,314,Train
-0.847327599,-0.935387468,-1.140286541,0,0,0,1,1,0,0,0,0,0,0,0,0,0,0,0,0,0,0,0,181,Train
-0.046708293,0.357386932,-0.105191902,0,0,1,0,0,0,0,1,0,0,0,0,0,0,0,0,0,0,0,0,246,Train
-0.847327599,-0.935387468,-0.871928672,1,0,0,0,0,0,0,0,0,0,0,0,0,0,0,1,0,0,0,0,229,Train
-0.847327599,-0.935387468,-0.91026551,0,0,1,0,0,0,0,0,0,0,0,0,0,0,1,0,0,0,0,0,197,Train
-0.046708293,0.357386932,0.316513321,0,0,1,0,1,0,0,0,0,0,0,0,0,0,0,0,0,0,0,0,267,Train
0.35360136,0.357386932,1.888323699,0,1,0,0,0,1,0,0,0,0,0,0,0,0,0,0,0,0,0,0,251,Train
-0.847327599,-0.935387468,-0.795254995,0,0,0,1,0,0,0,0,0,0,0,0,0,0,0,1,0,0,0,0,200,Train
0.593787152,1.650161332,1.734976345,0,0,1,0,0,0,0,0,0,0,0,0,0,0,0,0,1,0,0,0,360,Train
1.554530319,1.650161332,0.814892221,0,0,0,1,0,0,0,0,0,0,0,0,0,0,1,0,0,0,0,0,303,Train
2.515273486,1.650161332,1.236597445,0,0,1,0,0,0,0,0,0,0,0,0,0,0,0,0,1,0,0,0,322,Train
-1.167575321,-0.935387468,-1.17862338,0,0,1,0,0,0,0,0,0,0,0,0,0,0,0,0,0,1,0,0,177,Train
-0.527079877,-0.935387468,-1.140286541,0,0,0,1,0,0,1,0,0,0,0,0,0,0,0,0,0,0,0,0,180,Train
-0.847327599,-0.935387468,-0.833591833,0,0,0,1,0,0,1,0,0,0,0,0,0,0,0,0,0,0,0,0,201,Train
-0.447017946,-0.289000268,-0.488560287,0,0,0,1,0,0,0,0,0,0,0,0,0,1,0,0,0,0,0,0,218,Train
-1.167575321,-0.935387468,-0.488560287,0,0,0,1,0,0,0,0,0,0,0,1,0,0,0,0,0,0,0,0,223,Train
-1.327699183,-0.935387468,-0.526897125,0,0,0,1,0,0,0,0,0,0,0,0,0,1,0,0,0,0,0,0,216,Train
-0.847327599,-0.935387468,-1.485318087,1,0,0,0,1,0,0,0,0,0,0,0,0,0,0,0,0,0,0,0,186,Train
-0.447017946,-0.935387468,-0.41188661,0,0,0,1,0,0,0,0,0,0,0,0,0,0,0,1,0,0,0,0,226,Train
-0.847327599,-0.935387468,-0.91026551,0,0,1,0,1,0,0,0,0,0,0,0,0,0,0,0,0,0,0,0,193,Train
-0.527079877,-0.935387468,-0.258539256,0,0,0,1,0,0,0,0,0,0,0,0,0,0,0,1,0,0,0,0,237,Train
-1.167575321,-0.935387468,-0.795254995,0,0,0,1,0,0,0,0,0,0,0,0,0,1,0,0,0,0,0,0,205,Train
0.35360136,0.357386932,0.891565898,0,0,0,1,0,0,0,0,0,0,0,0,0,0,0,0,1,0,0,0,308,Train
-0.206832154,-0.935387468,-0.066855064,1,0,0,0,0,0,0,0,0,1,0,0,0,0,0,0,0,0,0,0,284,Train
-1.167575321,-0.935387468,-1.600328603,1,0,0,0,0,0,1,0,0,0,0,0,0,0,0,0,0,0,0,0,178,Train
-0.607141807,-0.935387468,0.048155452,0,0,1,0,0,0,1,0,0,0,0,0,0,0,0,0,0,0,0,0,256,Train
0.35360136,0.357386932,0.239839644,0,0,0,1,0,0,0,0,1,0,0,0,0,0,0,0,0,0,0,0,267,Train
-0.527079877,-0.935387468,-0.641907641,0,0,0,1,0,0,0,0,0,0,0,0,0,0,0,1,0,0,0,0,209,Train
-0.046708293,0.357386932,0.699881706,0,0,1,0,0,0,0,0,0,0,0,0,0,0,0,0,1,0,0,0,297,Train
0.113415568,0.357386932,0.201502806,0,0,0,1,0,0,0,0,0,0,0,0,0,0,0,1,0,0,0,0,260,Train
0.35360136,0.357386932,0.009818613,0,0,0,1,0,0,0,0,1,0,0,0,0,0,0,0,0,0,0,0,254,Train
-0.527079877,-0.935387468,0.048155452,0,0,0,1,0,0,0,0,0,0,0,0,0,0,0,1,0,0,0,0,251,Train
-0.046708293,0.357386932,0.124829129,0,0,1,0,0,0,1,0,0,0,0,0,0,0,0,0,0,0,0,0,260,Train
-0.847327599,-0.935387468,-0.450223449,0,0,1,0,0,0,0,0,0,0,0,0,0,0,0,1,0,0,0,0,221,Train
-0.847327599,-0.935387468,-0.680244479,0,0,1,0,0,0,1,0,0,0,0,0,0,0,0,0,0,0,0,0,211,Train
0.753911013,0.357386932,0.968239575,0,0,0,1,0,0,0,0,0,1,0,0,0,0,0,0,0,0,0,0,313,Train
0.593787152,0.357386932,0.431523836,0,0,1,0,0,0,0,1,0,0,0,0,0,0,0,0,0,0,0,0,274,Train
0.35360136,0.357386932,0.08649229,0,0,1,0,0,0,0,0,0,0,0,0,0,0,0,1,0,0,0,0,253,Train
0.35360136,0.357386932,1.466618475,0,0,0,1,0,0,0,0,0,0,0,0,0,0,0,0,0,0,0,1,344,Train
-0.847327599,-0.935387468,-0.028518225,0,0,1,0,0,0,1,0,0,0,0,0,0,0,0,0,0,0,0,0,246,Train
-1.247637252,-0.935387468,-1.485318087,0,0,0,1,0,1,0,0,0,0,0,0,0,0,0,0,0,0,0,0,162,Train
-0.847327599,-0.935387468,-0.718581318,0,0,0,1,0,0,1,0,0,0,0,0,0,0,0,0,0,0,0,0,210,Train
2.515273486,1.650161332,1.466618475,0,0,1,0,0,0,0,0,0,0,0,0,0,0,0,0,1,0,0,0,343,Train
0.43366329,0.357386932,0.201502806,0,0,0,1,0,0,0,0,0,1,0,0,0,0,0,0,0,0,0,0,260,Train
1.074158735,1.650161332,0.699881706,0,0,1,0,0,0,0,0,0,0,0,0,0,0,0,0,1,0,0,0,294,Train
0.593787152,1.650161332,1.734976345,0,0,1,0,0,0,0,0,0,0,0,0,0,0,0,0,1,0,0,0,360,Train
0.35360136,0.357386932,2.041671053,0,1,0,0,0,0,0,0,0,0,0,0,0,0,0,0,1,0,0,0,264,Train
-1.327699183,-0.935387468,-0.756918156,0,0,0,1,0,0,0,0,0,0,0,0,0,0,0,1,0,0,0,0,208,Train
-0.046708293,0.357386932,0.009818613,0,0,1,0,0,0,0,0,0,0,0,0,0,0,1,0,0,0,0,0,248,Train
-1.167575321,-0.935387468,-0.718581318,0,0,0,1,0,0,0,0,0,0,0,0,0,0,0,1,0,0,0,0,208,Train
1.314344527,1.650161332,0.35485016,0,0,1,0,0,0,0,0,0,0,0,0,0,0,0,0,0,1,0,0,275,Train
-0.847327599,-0.935387468,-0.450223449,0,0,1,0,0,0,0,1,0,0,0,0,0,0,0,0,0,0,0,0,221,Train
1.554530319,1.650161332,1.428281637,0,0,0,1,0,0,0,0,0,0,1,0,0,0,0,0,0,0,0,0,339,Train
-0.847327599,-0.935387468,-0.641907641,0,0,0,1,0,0,0,0,0,0,0,0,0,0,0,1,0,0,0,0,209,Train
0.35360136,0.357386932,1.006576414,0,0,0,1,0,0,0,0,0,0,1,0,0,0,0,0,0,0,0,0,308,Train
-0.046708293,0.357386932,0.508197513,0,0,1,0,0,0,0,0,0,0,0,0,0,0,1,0,0,0,0,0,282,Train
-0.286894085,-0.935387468,0.431523836,0,0,0,1,0,0,0,0,0,1,0,0,0,0,0,0,0,0,0,0,274,Train
0.35360136,0.357386932,0.201502806,0,0,0,1,0,0,0,0,0,0,1,0,0,0,0,0,0,0,0,0,264,Train
-1.00745146,-0.935387468,-2.328728534,0,0,0,1,0,0,1,0,0,0,0,0,0,0,0,0,0,0,0,0,109,Train
0.113415568,0.357386932,0.08649229,0,0,0,1,0,0,0,0,0,0,0,0,0,0,0,1,0,0,0,0,253,Train
0.43366329,0.357386932,0.393186998,0,0,0,1,0,0,0,0,0,0,0,0,0,0,0,0,1,0,0,0,277,Train
-0.447017946,-0.935387468,-0.450223449,0,0,0,1,0,0,0,0,0,0,0,0,0,0,0,1,0,0,0,0,221,Train
-0.046708293,0.357386932,-0.488560287,1,0,0,0,0,0,0,0,0,0,1,0,0,0,0,0,0,0,0,0,256,Train
0.35360136,0.357386932,-0.526897125,0,0,0,1,0,0,1,0,0,0,0,0,0,0,0,0,0,0,0,0,220,Train
2.675397347,1.650161332,1.198260606,0,0,1,0,0,0,1,0,0,0,0,0,0,0,0,0,0,0,0,0,325,Train
-0.847327599,-0.935387468,-1.063612864,0,0,0,1,1,0,0,0,0,0,0,0,0,0,0,0,0,0,0,0,186,Train
-0.847327599,-0.935387468,-0.680244479,0,0,1,0,1,0,0,0,0,0,0,0,0,0,0,0,0,0,0,0,207,Train
-1.327699183,-0.935387468,-0.833591833,0,0,0,1,0,0,0,1,0,0,0,0,0,0,0,0,0,0,0,0,200,Train
0.513725221,0.357386932,0.546534352,0,0,0,1,0,0,0,0,0,0,0,1,0,0,0,0,0,0,0,0,281,Train
-0.847327599,-0.935387468,-1.101949703,0,0,0,1,0,0,0,0,0,0,0,0,0,0,0,1,0,0,0,0,187,Train
-0.447017946,-0.289000268,-0.373549772,0,0,0,1,1,0,0,0,0,0,0,0,0,0,0,0,0,0,0,0,225,Train
-1.167575321,-0.935387468,-2.328728534,0,0,0,1,0,0,0,0,0,0,0,0,0,1,0,0,0,0,0,0,110,Train
-0.046708293,0.357386932,-0.105191902,0,0,1,0,0,0,0,1,0,0,0,0,0,0,0,0,0,0,0,0,246,Train
-1.167575321,-0.935387468,-0.680244479,0,0,1,0,1,0,0,0,0,0,0,0,0,0,0,0,0,0,0,0,207,Train
-0.527079877,-0.935387468,-0.565233964,0,0,0,1,0,0,0,0,0,0,0,0,0,0,0,1,0,0,0,0,217,Train
1.554530319,1.650161332,1.159923768,0,0,0,1,0,0,0,0,0,0,1,0,0,0,0,0,0,0,0,0,324,Train
-0.847327599,-0.935387468,-0.373549772,0,0,1,0,0,0,0,0,0,0,0,0,0,0,0,0,0,1,0,0,229,Train
1.794716111,1.650161332,2.425039437,0,1,0,0,0,0,0,0,0,0,0,0,0,0,0,0,1,0,0,0,284,Train
0.43366329,0.357386932,0.009818613,0,0,0,1,0,0,1,0,0,0,0,0,0,0,0,0,0,0,0,0,248,Train
0.35360136,0.357386932,0.738218544,0,0,0,1,0,0,0,0,0,0,0,0,0,0,0,0,1,0,0,0,298,Train
0.35360136,0.357386932,-0.181865579,0,0,0,1,0,0,0,0,0,0,0,0,0,0,0,1,0,0,0,0,243,Train
-1.00745146,-0.935387468,-1.025276026,0,0,0,1,0,0,0,0,0,0,0,0,0,1,0,0,0,0,0,0,190,Train
-0.847327599,-0.935387468,-0.91026551,0,0,1,0,1,0,0,0,0,0,0,0,0,0,0,0,0,0,0,0,193,Train
-0.447017946,-0.935387468,-0.91026551,0,0,0,1,0,0,0,0,0,0,0,0,0,0,0,1,0,0,0,0,196,Train
1.554530319,1.650161332,0.738218544,0,0,0,1,0,0,0,0,0,0,0,0,0,0,1,0,0,0,0,0,298,Train
-0.847327599,-0.935387468,-0.833591833,0,0,0,1,1,0,0,0,0,0,0,0,0,0,0,0,0,0,0,0,201,Train
-0.046708293,0.357386932,-0.066855064,0,0,1,0,0,0,0,0,0,0,0,0,0,0,1,0,0,0,0,0,237,Train
0.43366329,0.357386932,1.888323699,0,1,0,0,0,1,0,0,0,0,0,0,0,0,0,0,0,0,0,0,251,Train
0.753911013,0.357386932,1.198260606,0,0,0,1,0,0,0,0,0,0,0,0,0,0,0,1,0,0,0,0,320,Train
0.35360136,0.357386932,0.431523836,0,0,0,1,0,0,0,0,0,1,0,0,0,0,0,0,0,0,0,0,280,Train
-0.046708293,0.357386932,0.393186998,0,0,1,0,0,0,0,0,0,0,0,0,0,0,0,1,0,0,0,0,277,Train
-0.046708293,0.357386932,-0.105191902,0,0,1,0,0,0,0,0,0,0,0,0,0,0,0,0,1,0,0,0,245,Train
-0.447017946,-0.935387468,-1.868686472,0,0,0,1,0,0,1,0,0,0,0,0,0,0,0,0,0,0,0,0,137,Train
-0.286894085,0.357386932,0.08649229,0,0,0,1,0,0,0,0,0,0,0,0,0,0,0,1,0,0,0,0,259,Train
0.35360136,0.357386932,0.623208029,0,0,0,1,0,0,0,0,0,0,1,0,0,0,0,0,0,0,0,0,290,Train
0.35360136,0.357386932,0.738218544,0,0,0,1,0,0,0,0,0,1,0,0,0,0,0,0,0,0,0,0,299,Train
-0.046708293,0.357386932,-0.296876095,0,0,1,0,0,0,1,0,0,0,0,0,0,0,0,0,0,0,0,0,238,Train
-0.847327599,-0.935387468,-0.680244479,0,0,1,0,0,0,1,0,0,0,0,0,0,0,0,0,0,0,0,0,209,Train
-1.247637252,-0.935387468,-1.293633895,0,0,0,1,0,0,0,0,0,0,0,0,0,1,0,0,0,0,0,0,174,Train
-0.847327599,-0.935387468,-0.91026551,0,0,0,1,0,0,0,0,0,0,0,0,0,1,0,0,0,0,0,0,198,Train
2.114963833,1.650161332,2.271692083,0,0,0,1,0,0,0,0,0,0,0,0,0,0,0,0,1,0,0,0,384,Train
1.794716111,1.650161332,0.738218544,0,0,0,1,0,0,0,0,0,0,1,0,0,0,0,0,0,0,0,0,298,Train
2.515273486,1.650161332,1.159923768,0,0,1,0,0,0,0,0,0,0,0,0,0,0,0,0,1,0,0,0,325,Train
0.753911013,1.650161332,0.163165967,0,0,1,0,1,0,0,0,0,0,0,0,0,0,0,0,0,0,0,0,263,Train
-0.847327599,-0.935387468,-0.871928672,0,0,1,0,0,0,0,0,0,0,0,0,0,0,0,0,0,1,0,0,200,Train
0.513725221,0.357386932,0.278176483,0,0,1,0,0,0,0,0,0,0,0,0,0,0,0,0,0,1,0,0,264,Train
-0.286894085,-0.935387468,0.469860675,0,0,0,1,0,0,0,0,0,0,1,0,0,0,0,0,0,0,0,0,280,Train
0.43366329,0.357386932,0.35485016,0,0,0,1,0,0,0,0,0,0,0,0,0,0,0,0,1,0,0,0,275,Train
-0.447017946,-0.935387468,-0.986939187,0,0,0,1,1,0,0,0,0,0,0,0,0,0,0,0,0,0,0,0,194,Train
-0.286894085,-0.935387468,0.35485016,0,0,0,1,0,0,0,0,0,0,1,0,0,0,0,0,0,0,0,0,275,Train
-1.247637252,-0.935387468,-1.446981249,0,0,0,1,0,0,0,0,0,0,0,0,0,1,0,0,0,0,0,0,166,Train
-0.847327599,-0.935387468,-0.526897125,0,0,0,1,1,0,0,0,0,0,0,0,0,0,0,0,0,0,0,0,216,Train
2.515273486,1.650161332,2.655060468,0,0,1,0,0,0,0,0,0,0,0,0,0,0,0,0,1,0,0,0,413,Train
-0.847327599,-0.935387468,-0.871928672,0,0,1,0,0,0,0,0,0,0,0,0,0,0,1,0,0,0,0,0,199,Train
-0.847327599,-0.935387468,-1.983696988,0,0,0,1,0,0,1,0,0,0,0,0,0,0,0,0,0,0,0,0,131,Train
0.35360136,0.357386932,3.191776207,0,1,0,0,0,0,0,0,0,0,0,0,0,0,0,0,0,0,0,1,316,Train
-0.847327599,-0.935387468,-1.293633895,1,0,0,0,0,0,0,0,0,0,0,0,0,1,0,0,0,0,0,0,198,Train
-0.046708293,0.357386932,1.504955314,0,0,1,0,0,0,0,0,0,0,0,0,0,0,0,0,1,0,0,0,340,Train
-0.847327599,-0.935387468,-0.41188661,0,0,1,0,0,0,0,0,0,0,0,0,0,0,0,1,0,0,0,0,226,Train
-0.847327599,-0.935387468,-1.025276026,0,0,0,1,1,0,0,0,0,0,0,0,0,0,0,0,0,0,0,0,189,Train
-0.527079877,-0.935387468,-0.066855064,0,0,0,1,0,0,0,0,0,0,0,0,0,0,0,1,0,0,0,0,249,Train
0.43366329,0.357386932,0.968239575,0,0,0,1,0,0,0,0,0,0,0,0,0,0,0,1,0,0,0,0,312,Train
0.35360136,0.357386932,0.08649229,0,0,1,0,1,0,0,0,0,0,0,0,0,0,0,0,0,0,0,0,258,Train
1.554530319,1.650161332,0.929902737,0,0,1,0,0,0,1,0,0,0,0,0,0,0,0,0,0,0,0,0,304,Train
-0.847327599,-0.935387468,-0.603570802,0,0,1,0,0,0,0,0,0,0,0,0,1,0,0,0,0,0,0,0,214,Train
1.074158735,1.650161332,0.278176483,0,0,1,0,0,1,0,0,0,0,0,0,0,0,0,0,0,0,0,0,269,Train
2.515273486,1.650161332,1.428281637,0,0,1,0,0,0,0,0,0,0,0,0,0,0,0,0,1,0,0,0,340,Train
0.513725221,0.357386932,0.316513321,0,0,1,0,0,0,0,0,0,0,0,0,0,0,1,0,0,0,0,0,267,Train
1.794716111,1.650161332,2.463376276,0,1,0,0,0,0,0,0,0,0,0,0,0,0,0,0,1,0,0,0,275,Train
0.43366329,0.357386932,0.048155452,0,0,0,1,0,1,0,0,0,0,0,0,0,0,0,0,0,0,0,0,251,Train
0.753911013,0.357386932,1.121586929,0,0,0,1,0,0,0,0,0,1,0,0,0,0,0,0,0,0,0,0,322,Train
-0.847327599,-0.935387468,-0.603570802,0,0,0,1,0,0,0,0,0,0,0,1,0,0,0,0,0,0,0,0,214,Train
1.314344527,1.650161332,0.661544867,0,0,1,0,0,1,0,0,0,0,0,0,0,0,0,0,0,0,0,0,287,Train
1.234282596,1.650161332,1.466618475,0,0,1,0,0,0,0,0,0,0,0,0,0,0,0,0,1,0,0,0,341,Train
0.753911013,0.357386932,0.814892221,0,0,0,1,0,0,0,0,0,0,0,0,0,0,0,1,0,0,0,0,297,Train
-0.847327599,-0.935387468,0.661544867,0,1,0,0,0,0,0,0,0,0,0,1,0,0,0,0,0,0,0,0,208,Train
1.554530319,1.650161332,3.000092015,0,1,0,0,0,0,0,0,0,0,1,0,0,0,0,0,0,0,0,0,305,Train
-1.247637252,-0.935387468,-1.523654926,0,0,0,1,0,0,0,0,0,0,0,0,0,1,0,0,0,0,0,0,158,Train
-0.527079877,-0.935387468,-0.871928672,0,0,0,1,0,0,1,0,0,0,0,0,0,0,0,0,0,0,0,0,198,Train
-1.247637252,-0.935387468,-1.293633895,0,0,0,1,1,0,0,0,0,0,0,0,0,0,0,0,0,0,0,0,173,Train
1.794716111,1.650161332,2.923418338,0,1,0,0,0,0,0,0,0,0,0,0,0,0,0,0,1,0,0,0,294,Train
-0.847327599,-0.935387468,-1.408644411,0,0,0,1,0,0,1,0,0,0,0,0,0,0,0,0,0,0,0,0,163,Train
0.273539429,0.357386932,-0.028518225,0,0,1,0,0,0,0,0,0,0,0,0,0,0,0,0,0,1,0,0,246,Train
-0.847327599,-0.935387468,-1.983696988,0,0,0,1,0,0,1,0,0,0,0,0,0,0,0,0,0,0,0,0,132,Train
-0.847327599,-0.935387468,-0.258539256,0,0,1,0,0,0,0,0,0,0,0,0,0,0,1,0,0,0,0,0,235,Train
-1.00745146,-0.935387468,-1.408644411,0,0,0,1,0,0,1,0,0,0,0,0,0,0,0,0,0,0,0,0,163,Train
1.794716111,1.650161332,0.85322906,0,0,0,1,0,0,0,0,0,0,0,0,0,0,0,0,1,0,0,0,305,Train
2.675397347,1.650161332,1.159923768,0,0,1,0,0,1,0,0,0,0,0,0,0,0,0,0,0,0,0,0,317,Train
-0.847327599,-0.935387468,-1.370307572,0,0,0,1,0,0,1,0,0,0,0,0,0,0,0,0,0,0,0,0,166,Train
0.43366329,0.357386932,1.313271121,0,1,0,0,0,1,0,0,0,0,0,0,0,0,0,0,0,0,0,0,234,Train
0.35360136,0.357386932,-0.028518225,0,0,1,0,0,0,0,0,0,0,0,0,0,0,0,1,0,0,0,0,249,Train
0.35360136,0.357386932,2.425039437,0,0,1,0,0,0,0,0,0,0,0,0,0,0,0,0,0,1,0,0,403,Train
1.074158735,1.650161332,1.121586929,0,0,1,0,1,0,0,0,0,0,0,0,0,0,0,0,0,0,0,0,315,Train
-0.847327599,-0.935387468,-0.756918156,0,0,1,0,0,0,1,0,0,0,0,0,0,0,0,0,0,0,0,0,205,Train
1.794716111,1.650161332,1.159923768,0,0,0,1,0,0,0,0,0,0,1,0,0,0,0,0,0,0,0,0,325,Train
-1.247637252,-0.935387468,-1.370307572,0,0,0,1,0,1,0,0,0,0,0,0,0,0,0,0,0,0,0,0,170,Train
-0.847327599,-0.935387468,0.163165967,0,0,1,0,1,0,0,0,0,0,0,0,0,0,0,0,0,0,0,0,256,Train
0.35360136,0.357386932,-0.373549772,0,0,1,0,0,0,0,0,0,0,0,0,0,0,0,0,0,1,0,0,229,Train
0.35360136,0.357386932,-0.066855064,0,0,1,0,0,0,0,0,0,0,0,0,0,0,1,0,0,0,0,0,246,Train
-1.167575321,-0.935387468,-1.255297057,0,0,0,1,1,0,0,0,0,0,0,0,0,0,0,0,0,0,0,0,175,Train
-0.447017946,-0.935387468,-0.680244479,0,0,0,1,1,0,0,0,0,0,0,0,0,0,0,0,0,0,0,0,207,Train
-0.847327599,-0.935387468,-0.948602349,0,0,0,1,0,0,1,0,0,0,0,0,0,0,0,0,0,0,0,0,194,Train
0.753911013,1.650161332,0.891565898,0,0,1,0,0,0,1,0,0,0,0,0,0,0,0,0,0,0,0,0,309,Train
-0.847327599,-0.935387468,-0.526897125,0,0,0,1,0,0,0,0,0,0,0,0,0,0,0,1,0,0,0,0,220,Train
-0.847327599,-0.935387468,-0.603570802,0,0,0,1,0,0,1,0,0,0,0,0,0,0,0,0,0,0,0,0,217,Train
-0.447017946,-0.935387468,-0.488560287,0,0,0,1,0,1,0,0,0,0,0,0,0,0,0,0,0,0,0,0,224,Train
2.515273486,1.650161332,1.658302668,0,0,1,0,1,0,0,0,0,0,0,0,0,0,0,0,0,0,0,0,347,Train
-1.00745146,-0.935387468,-0.91026551,0,0,1,0,0,0,0,0,0,0,0,0,0,0,0,0,0,1,0,0,197,Train
1.794716111,1.650161332,0.546534352,0,0,0,1,0,0,0,0,0,0,1,0,0,0,0,0,0,0,0,0,286,Train
1.554530319,1.650161332,1.658302668,0,0,1,0,0,0,0,0,0,0,0,0,0,0,0,0,1,0,0,0,347,Train
-0.046708293,0.357386932,0.508197513,0,0,1,0,1,0,0,0,0,0,0,0,0,0,0,0,0,0,0,0,284,Train
-0.046708293,0.357386932,0.201502806,0,0,1,0,0,0,0,0,0,0,0,0,0,0,0,0,0,1,0,0,265,Train
-0.607141807,-0.935387468,0.201502806,0,0,0,1,0,0,0,0,0,0,0,0,0,0,0,0,1,0,0,0,265,Train
-0.046708293,0.357386932,-0.335212933,1,0,0,0,0,0,0,0,0,0,1,0,0,0,0,0,0,0,0,0,265,Train
-0.527079877,-0.935387468,-1.67700228,0,0,0,1,0,0,1,0,0,0,0,0,0,0,0,0,0,0,0,0,150,Train
-0.046708293,0.357386932,0.929902737,0,0,1,0,0,0,0,0,0,0,0,0,0,0,0,0,1,0,0,0,304,Train
-0.046708293,0.357386932,0.163165967,0,0,0,1,0,0,0,0,0,0,0,0,0,1,0,0,0,0,0,0,258,Train
-1.247637252,-1.581774668,-1.408644411,0,0,1,0,0,0,0,0,0,0,0,0,0,0,1,0,0,0,0,0,163,Train
-0.847327599,-0.935387468,-0.526897125,0,0,0,1,0,1,0,0,0,0,0,0,0,0,0,0,0,0,0,0,224,Train
-0.527079877,-0.935387468,-0.296876095,0,0,0,1,0,0,1,0,0,0,0,0,0,0,0,0,0,0,0,0,230,Train
-1.00745146,-0.935387468,-0.91026551,0,0,0,1,1,0,0,0,0,0,0,0,0,0,0,0,0,0,0,0,196,Train
-1.167575321,-0.935387468,-0.603570802,0,0,0,1,0,0,0,0,0,0,0,0,0,0,0,1,0,0,0,0,219,Train
0.43366329,0.357386932,0.623208029,0,0,1,0,0,0,0,0,0,0,0,0,0,0,0,0,1,0,0,0,290,Train
0.273539429,0.357386932,-0.373549772,0,0,1,0,0,0,0,0,0,0,0,0,0,0,0,0,0,1,0,0,230,Train
-0.847327599,-0.935387468,-0.296876095,0,0,1,0,0,0,0,0,0,0,0,0,0,0,0,1,0,0,0,0,240,Train
0.193477499,0.357386932,0.393186998,0,0,1,0,0,0,1,0,0,0,0,0,0,0,0,0,0,0,0,0,279,Train
-1.327699183,-0.935387468,-0.718581318,0,0,0,1,0,0,0,0,0,0,0,0,0,0,0,1,0,0,0,0,210,Train
-0.046708293,0.357386932,-1.140286541,0,0,1,0,1,0,0,0,0,0,0,0,0,0,0,0,0,0,0,0,183,Train
-0.847327599,-0.935387468,-0.373549772,0,0,1,0,0,0,1,0,0,0,0,0,0,0,0,0,0,0,0,0,225,Train
-0.046708293,0.357386932,-0.756918156,1,0,0,0,0,1,0,0,0,0,0,0,0,0,0,0,0,0,0,0,238,Train
-0.847327599,-0.935387468,-0.565233964,0,0,1,0,0,0,0,0,0,0,0,0,0,0,1,0,0,0,0,0,218,Train
-0.847327599,-0.935387468,-0.680244479,0,0,1,0,1,0,0,0,0,0,0,0,0,0,0,0,0,0,0,0,211,Train
0.43366329,0.357386932,1.006576414,0,0,0,1,0,0,0,0,0,0,0,0,0,0,0,1,0,0,0,0,308,Train
-0.447017946,-0.935387468,-0.833591833,0,0,0,1,0,0,1,0,0,0,0,0,0,0,0,0,0,0,0,0,198,Train
-0.046708293,0.357386932,0.699881706,0,0,1,0,0,0,1,0,0,0,0,0,0,0,0,0,0,0,0,0,295,Train
0.43366329,0.357386932,0.35485016,0,0,0,1,0,0,0,0,0,1,0,0,0,0,0,0,0,0,0,0,274,Train
0.513725221,0.357386932,-0.220202418,0,0,1,0,0,0,1,0,0,0,0,0,0,0,0,0,0,0,0,0,235,Train
0.43366329,0.357386932,0.048155452,0,0,0,1,0,1,0,0,0,0,0,0,0,0,0,0,0,0,0,0,257,Train
0.35360136,0.357386932,0.278176483,0,0,0,1,0,0,0,0,0,0,1,0,0,0,0,0,0,0,0,0,264,Train
0.35360136,0.357386932,-0.488560287,0,0,0,1,0,0,1,0,0,0,0,0,0,0,0,0,0,0,0,0,223,Train
1.71465418,2.942935732,1.466618475,0,0,1,0,0,0,0,0,0,0,0,0,0,0,0,0,0,1,0,0,340,Train
0.513725221,0.357386932,0.124829129,0,0,1,0,0,0,1,0,0,0,0,0,0,0,0,0,0,0,0,0,255,Train
-0.607141807,-0.935387468,-0.603570802,0,0,0,1,0,0,0,0,0,0,0,0,0,0,1,0,0,0,0,0,217,Train
-0.046708293,0.357386932,-0.143528741,0,0,1,0,0,0,0,1,0,0,0,0,0,0,0,0,0,0,0,0,242,Train
0.753911013,1.650161332,0.316513321,0,0,1,0,1,0,0,0,0,0,0,0,0,0,0,0,0,0,0,0,271,Train
0.35360136,0.357386932,0.08649229,0,0,1,0,0,0,1,0,0,0,0,0,0,0,0,0,0,0,0,0,257,Train
0.753911013,1.650161332,1.428281637,0,0,1,0,0,1,0,0,0,0,0,0,0,0,0,0,0,0,0,0,339,Train
-0.527079877,-0.935387468,-0.066855064,0,0,0,1,0,0,0,0,0,0,0,0,0,0,0,1,0,0,0,0,244,Train
0.43366329,0.357386932,0.699881706,0,0,1,0,0,1,0,0,0,0,0,0,0,0,0,0,0,0,0,0,290,Train
-0.527079877,-0.935387468,0.124829129,0,0,0,1,0,0,0,0,0,0,0,0,0,0,0,1,0,0,0,0,257,Train
1.954839972,1.650161332,0.968239575,0,0,1,0,0,0,1,0,0,0,0,0,0,0,0,0,0,0,0,0,310,Train
-1.00745146,-0.935387468,-1.216960218,0,0,0,1,0,0,1,0,0,0,0,0,0,0,0,0,0,0,0,0,175,Train
-0.527079877,-0.935387468,-0.603570802,0,0,0,1,1,0,0,0,0,0,0,0,0,0,0,0,0,0,0,0,217,Train
-0.847327599,-0.935387468,-0.986939187,0,0,0,1,1,0,0,0,0,0,0,0,0,0,0,0,0,0,0,0,189,Train
0.35360136,0.357386932,0.814892221,0,0,0,1,0,0,0,0,0,0,1,0,0,0,0,0,0,0,0,0,303,Train
0.113415568,0.357386932,0.278176483,0,0,0,1,0,0,0,0,0,0,0,0,0,0,0,1,0,0,0,0,264,Train
-1.167575321,-0.935387468,-1.638665441,1,0,0,0,1,0,0,0,0,0,0,0,0,0,0,0,0,0,0,0,175,Train
0.43366329,0.357386932,0.85322906,0,0,0,1,0,0,0,0,0,0,0,0,0,0,0,1,0,0,0,0,304,Train
-1.167575321,-0.935387468,-2.328728534,0,0,0,1,0,0,0,0,0,0,0,0,0,1,0,0,0,0,0,0,110,Train
-0.046708293,0.357386932,-0.220202418,0,0,1,0,1,0,0,0,0,0,0,0,0,0,0,0,0,0,0,0,238,Train
2.675397347,1.650161332,1.198260606,0,0,1,0,0,0,1,0,0,0,0,0,0,0,0,0,0,0,0,0,320,Train
-0.527079877,-0.935387468,-0.373549772,0,0,0,1,0,0,0,0,0,0,0,0,0,1,0,0,0,0,0,0,225,Train
-0.046708293,0.357386932,0.08649229,0,0,1,0,0,0,0,0,0,0,0,0,0,0,1,0,0,0,0,0,259,Train
-1.00745146,-0.935387468,-1.446981249,0,0,0,1,1,0,0,0,0,0,0,0,0,0,0,0,0,0,0,0,161,Train
-0.847327599,-0.935387468,-0.91026551,0,0,1,0,0,0,0,1,0,0,0,0,0,0,0,0,0,0,0,0,193,Train
-0.046708293,0.357386932,-0.181865579,0,0,1,0,0,1,0,0,0,0,0,0,0,0,0,0,0,0,0,0,241,Train
0.593787152,0.357386932,0.239839644,0,0,1,0,0,0,0,1,0,0,0,0,0,0,0,0,0,0,0,0,266,Train
-0.527079877,-0.935387468,-0.641907641,0,0,0,1,1,0,0,0,0,0,0,0,0,0,0,0,0,0,0,0,210,Train
-0.046708293,0.357386932,-0.373549772,0,0,1,0,1,0,0,0,0,0,0,0,0,0,0,0,0,0,0,0,228,Train
-1.487823044,-1.581774668,-1.830349634,0,0,0,1,1,0,0,0,0,0,0,0,0,0,0,0,0,0,0,0,138,Train
1.954839972,1.650161332,2.11834473,0,0,1,0,0,0,0,0,0,0,0,0,0,0,0,0,1,0,0,0,369,Train
-0.847327599,-0.935387468,0.048155452,0,0,0,1,0,0,0,0,0,0,0,0,0,0,0,1,0,0,0,0,257,Train
0.593787152,0.357386932,-0.105191902,0,0,1,0,0,0,0,1,0,0,0,0,0,0,0,0,0,0,0,0,242,Train
-0.447017946,-0.935387468,-0.603570802,0,0,0,1,0,1,0,0,0,0,0,0,0,0,0,0,0,0,0,0,215,Train
0.35360136,0.357386932,-0.220202418,0,0,0,1,0,0,0,0,0,0,0,0,0,0,0,1,0,0,0,0,240,Train
0.593787152,0.357386932,-0.028518225,0,0,1,0,0,0,0,1,0,0,0,0,0,0,0,0,0,0,0,0,251,Train
0.193477499,0.357386932,0.278176483,0,0,0,1,0,0,0,0,0,0,0,0,0,0,0,1,0,0,0,0,269,Train
-0.046708293,0.357386932,0.201502806,0,0,1,0,0,0,0,0,0,0,0,0,0,0,0,0,1,0,0,0,264,Train
-0.847327599,-0.935387468,-0.603570802,0,0,1,0,0,0,0,0,0,0,0,0,0,0,0,1,0,0,0,0,215,Train
-0.447017946,-0.935387468,-0.680244479,0,0,0,1,1,0,0,0,0,0,0,0,0,0,0,0,0,0,0,0,207,Train
-0.847327599,-0.935387468,-0.143528741,0,0,1,0,0,0,0,0,0,0,0,0,0,0,0,1,0,0,0,0,243,Train
-0.847327599,-0.935387468,-0.641907641,0,0,1,0,1,0,0,0,0,0,0,0,0,0,0,0,0,0,0,0,209,Train
-0.046708293,0.357386932,0.776555383,0,0,1,0,0,1,0,0,0,0,0,0,0,0,0,0,0,0,0,0,300,Train
-0.046708293,0.357386932,0.009818613,0,0,1,0,0,0,0,0,0,0,0,0,0,0,1,0,0,0,0,0,251,Train
-0.527079877,-0.935387468,-0.258539256,0,0,0,1,0,0,0,0,0,0,0,0,0,0,0,1,0,0,0,0,232,Train
-0.847327599,-0.935387468,0.469860675,0,1,0,0,0,0,0,0,0,0,0,0,0,0,0,1,0,0,0,0,128,Train
-1.167575321,-0.935387468,-1.025276026,0,0,0,1,1,0,0,0,0,0,0,0,0,0,0,0,0,0,0,0,191,Train
-0.607141807,-0.935387468,-0.526897125,0,0,0,1,0,0,0,0,0,0,0,0,0,0,1,0,0,0,0,0,221,Train
-0.046708293,0.357386932,0.048155452,0,0,1,0,0,0,0,0,0,0,0,0,0,0,1,0,0,0,0,0,245,Train
-1.327699183,-0.935387468,-0.948602349,0,0,0,1,0,0,0,0,0,0,0,0,0,0,0,1,0,0,0,0,196,Train
1.794716111,1.650161332,1.236597445,0,0,0,1,0,0,0,0,0,0,1,0,0,0,0,0,0,0,0,0,330,Train
1.554530319,1.650161332,3.076765692,0,1,0,0,0,0,0,0,0,0,1,0,0,0,0,0,0,0,0,0,310,Train
0.753911013,0.357386932,1.313271121,0,0,0,1,0,0,0,0,0,0,0,0,0,0,0,1,0,0,0,0,327,Train
-0.046708293,0.357386932,2.501713114,0,1,0,0,0,0,0,0,0,0,0,0,0,0,0,0,1,0,0,0,277,Train
-1.167575321,-0.935387468,-0.450223449,0,0,0,1,1,0,0,0,0,0,0,0,0,0,0,0,0,0,0,0,221,Train
-1.00745146,-0.935387468,-1.255297057,0,0,0,1,0,0,1,0,0,0,0,0,0,0,0,0,0,0,0,0,176,Train
0.35360136,0.357386932,2.34836576,0,1,0,0,0,0,0,0,0,0,0,0,0,0,0,0,1,0,0,0,270,Train
2.515273486,1.650161332,1.964997376,0,0,0,1,0,0,0,0,0,0,1,0,0,0,0,0,0,0,0,0,366,Train
-1.167575321,-0.935387468,-0.718581318,0,0,0,1,0,0,0,0,0,0,0,0,0,1,0,0,0,0,0,0,205,Train
0.43366329,0.357386932,0.124829129,0,0,0,1,0,1,0,0,0,0,0,0,0,0,0,0,0,0,0,0,261,Train
0.513725221,0.357386932,0.201502806,0,0,0,1,0,1,0,0,0,0,0,0,0,0,0,0,0,0,0,0,260,Train
2.515273486,1.650161332,2.156681568,0,0,1,0,0,0,0,0,0,0,0,0,0,0,0,0,1,0,0,0,377,Train
-0.046708293,0.357386932,0.431523836,0,0,0,1,0,0,0,0,0,0,0,0,0,0,0,1,0,0,0,0,274,Train
0.43366329,0.357386932,1.198260606,0,1,0,0,0,0,1,0,0,0,0,0,0,0,0,0,0,0,0,0,230,Train
1.074158735,1.650161332,0.738218544,0,0,1,0,0,0,0,0,0,0,0,0,0,0,1,0,0,0,0,0,292,Train
-0.527079877,-0.935387468,0.124829129,0,0,0,1,0,0,0,0,0,0,0,0,0,0,0,1,0,0,0,0,261,Train
-0.847327599,-0.935387468,-0.565233964,0,0,0,1,0,0,0,0,0,0,0,0,0,0,0,1,0,0,0,0,216,Train
-1.167575321,-0.935387468,-0.91026551,0,0,0,1,1,0,0,0,0,0,0,0,0,0,0,0,0,0,0,0,200,Train
-0.847327599,-0.935387468,-1.983696988,0,0,0,1,0,0,1,0,0,0,0,0,0,0,0,0,0,0,0,0,131,Train
-0.847327599,-0.935387468,-0.181865579,0,0,1,0,1,0,0,0,0,0,0,0,0,0,0,0,0,0,0,0,240,Train
-0.847327599,-0.935387468,0.201502806,0,0,0,1,0,0,0,0,0,0,0,0,0,0,0,1,0,0,0,0,260,Train
-0.847327599,-0.935387468,-0.220202418,0,0,0,1,0,0,0,0,0,0,0,0,0,0,0,1,0,0,0,0,239,Train
-0.046708293,0.357386932,-0.028518225,1,0,0,0,0,0,0,0,0,0,1,0,0,0,0,0,0,0,0,0,288,Train
-0.046708293,0.357386932,0.699881706,0,0,1,0,0,0,0,0,0,0,0,0,0,0,0,0,0,1,0,0,296,Train
1.794716111,1.650161332,1.159923768,0,0,0,1,0,0,0,0,0,0,0,0,0,0,0,0,1,0,0,0,325,Train
1.554530319,1.650161332,0.968239575,0,0,1,0,0,1,0,0,0,0,0,0,0,0,0,0,0,0,0,0,306,Train
-0.847327599,-0.935387468,-0.641907641,0,0,1,0,1,0,0,0,0,0,0,0,0,0,0,0,0,0,0,0,209,Train
-0.447017946,-0.935387468,-1.101949703,0,0,0,1,0,0,1,0,0,0,0,0,0,0,0,0,0,0,0,0,186,Train
0.113415568,0.357386932,-0.105191902,0,0,0,1,0,0,0,0,0,0,0,0,0,0,0,1,0,0,0,0,242,Train
0.43366329,0.357386932,0.163165967,0,0,0,1,1,0,0,0,0,0,0,0,0,0,0,0,0,0,0,0,258,Train
-0.046708293,0.357386932,0.201502806,0,0,1,0,0,0,0,0,0,0,0,0,0,0,0,0,0,1,0,0,264,Train
2.114963833,1.650161332,2.11834473,0,0,0,1,0,0,0,0,0,0,1,0,0,0,0,0,0,0,0,0,383,Train
-1.247637252,-1.581774668,-1.101949703,0,0,1,0,0,0,0,1,0,0,0,0,0,0,0,0,0,0,0,0,184,Train
-0.046708293,0.357386932,-0.296876095,0,0,1,0,0,0,1,0,0,0,0,0,0,0,0,0,0,0,0,0,238,Train
-0.046708293,0.357386932,0.699881706,0,0,1,0,0,0,1,0,0,0,0,0,0,0,0,0,0,0,0,0,295,Train
-0.847327599,-0.935387468,-0.833591833,0,0,0,1,1,0,0,0,0,0,0,0,0,0,0,0,0,0,0,0,198,Train
-1.487823044,-1.581774668,-1.753675957,0,0,0,1,1,0,0,0,0,0,0,0,0,0,0,0,0,0,0,0,143,Train
-0.527079877,-0.935387468,0.201502806,0,0,0,1,0,0,0,0,0,0,0,0,0,0,0,1,0,0,0,0,260,Train
-1.167575321,-0.935387468,-1.331970734,0,0,0,1,1,0,0,0,0,0,0,0,0,0,0,0,0,0,0,0,172,Train
1.074158735,1.650161332,0.661544867,0,0,1,0,0,1,0,0,0,0,0,0,0,0,0,0,0,0,0,0,292,Train
-1.167575321,-0.935387468,-0.756918156,0,0,0,1,0,0,0,0,0,0,0,0,0,1,0,0,0,0,0,0,208,Train
1.794716111,1.650161332,0.929902737,0,0,0,1,0,0,0,0,0,0,0,0,0,0,0,0,1,0,0,0,310,Train
-0.046708293,0.357386932,0.239839644,0,0,1,0,0,0,0,0,0,0,0,0,0,0,1,0,0,0,0,0,267,Train
2.515273486,1.650161332,0.699881706,0,0,1,0,0,0,0,0,0,0,0,0,0,0,1,0,0,0,0,0,296,Train
-0.046708293,0.357386932,0.58487119,0,0,0,1,0,1,0,0,0,0,0,0,0,0,0,0,0,0,0,0,290,Train
0.35360136,0.357386932,-0.641907641,0,0,0,1,0,0,1,0,0,0,0,0,0,0,0,0,0,0,0,0,214,Train
0.994096805,0.357386932,2.770070984,0,1,0,0,0,0,0,0,0,0,1,0,0,0,0,0,0,0,0,0,296,Train
2.114963833,1.650161332,0.814892221,0,0,0,1,0,1,0,0,0,0,0,0,0,0,0,0,0,0,0,0,302,Train
-0.847327599,-0.935387468,-0.41188661,0,0,1,0,0,0,1,0,0,0,0,0,0,0,0,0,0,0,0,0,227,Train
-0.527079877,-0.935387468,-0.105191902,0,0,0,1,0,0,0,0,0,0,0,0,0,0,0,1,0,0,0,0,248,Train
-0.046708293,0.357386932,-0.181865579,0,0,1,0,1,0,0,0,0,0,0,0,0,0,0,0,0,0,0,0,240,Train
-1.247637252,-0.935387468,-1.025276026,0,0,0,1,0,0,1,0,0,0,0,0,0,0,0,0,0,0,0,0,186,Train
-0.046708293,0.357386932,0.048155452,0,0,1,0,0,0,0,0,0,0,0,0,0,0,0,0,1,0,0,0,251,Train
-0.847327599,-0.935387468,-1.561991764,1,0,0,0,0,0,1,0,0,0,0,0,0,0,0,0,0,0,0,0,182,Train
-0.847327599,-0.935387468,-0.718581318,0,0,0,1,1,0,0,0,0,0,0,0,0,0,0,0,0,0,0,0,205,Train
-0.847327599,-0.935387468,-0.795254995,0,0,0,1,0,0,1,0,0,0,0,0,0,0,0,0,0,0,0,0,206,Train
-1.167575321,-0.935387468,-1.293633895,0,0,0,1,1,0,0,0,0,0,0,0,0,0,0,0,0,0,0,0,173,Train
-0.847327599,-0.935387468,-0.91026551,0,0,1,0,0,0,0,0,0,0,0,0,0,1,0,0,0,0,0,0,196,Train
-0.046708293,0.357386932,0.124829129,0,0,1,0,0,0,0,0,0,0,0,0,0,0,1,0,0,0,0,0,255,Train
-1.00745146,-0.935387468,-1.408644411,0,0,0,1,1,0,0,0,0,0,0,0,0,0,0,0,0,0,0,0,165,Train
-0.847327599,-0.935387468,-0.641907641,0,0,1,0,1,0,0,0,0,0,0,0,0,0,0,0,0,0,0,0,209,Train
-0.847327599,-0.935387468,-0.795254995,0,0,0,1,0,0,0,0,0,0,0,0,0,1,0,0,0,0,0,0,205,Train
1.794716111,1.650161332,2.693397307,0,1,0,0,0,0,0,0,0,0,1,0,0,0,0,0,0,0,0,0,295,Train
0.35360136,0.357386932,0.738218544,0,0,0,1,0,0,0,0,0,0,0,0,0,0,0,0,1,0,0,0,299,Train
0.35360136,0.357386932,0.508197513,0,0,0,1,0,0,0,0,0,0,0,0,0,0,0,0,1,0,0,0,278,Train
0.43366329,0.357386932,0.048155452,0,0,0,1,0,1,0,0,0,0,0,0,0,0,0,0,0,0,0,0,257,Train
-0.847327599,-0.935387468,-0.756918156,0,0,1,0,1,0,0,0,0,0,0,0,0,0,0,0,0,0,0,0,205,Train
-0.847327599,-0.935387468,-1.216960218,0,0,0,1,0,0,0,0,0,0,0,0,0,1,0,0,0,0,0,0,177,Train
-1.167575321,-0.935387468,-1.293633895,1,0,0,0,0,0,0,0,0,0,0,0,0,0,0,1,0,0,0,0,199,Train
-1.327699183,-0.935387468,-0.948602349,0,0,0,1,0,0,0,0,0,0,0,0,0,1,0,0,0,0,0,0,194,Train
0.35360136,0.357386932,0.469860675,0,0,0,1,0,0,0,0,0,0,1,0,0,0,0,0,0,0,0,0,282,Train
-0.847327599,-0.935387468,-0.603570802,0,0,1,0,0,0,0,0,0,0,0,0,0,0,0,0,0,1,0,0,215,Train
-0.046708293,0.357386932,0.508197513,0,0,1,0,0,0,0,0,0,0,0,0,0,0,0,0,0,1,0,0,278,Train
-0.447017946,-0.935387468,0.968239575,0,1,0,0,0,0,0,0,0,0,0,0,0,0,0,1,0,0,0,0,219,Train
-1.00745146,-0.935387468,-0.526897125,0,0,0,1,0,0,0,0,0,0,0,0,0,1,0,0,0,0,0,0,220,Train
-1.00745146,-0.935387468,-1.408644411,0,0,0,1,1,0,0,0,0,0,0,0,0,0,0,0,0,0,0,0,165,Train
-1.167575321,-0.935387468,-1.216960218,0,0,0,1,1,0,0,0,0,0,0,0,0,0,0,0,0,0,0,0,175,Train
-0.046708293,0.357386932,0.469860675,0,0,1,0,0,0,0,0,0,0,0,0,0,0,0,0,1,0,0,0,281,Train
2.114963833,1.650161332,1.083250091,0,0,0,1,0,0,0,0,0,0,1,0,0,0,0,0,0,0,0,0,320,Train
1.794716111,1.650161332,0.85322906,0,0,0,1,0,0,0,0,0,0,0,0,0,0,0,0,1,0,0,0,305,Train
-0.126770224,0.357386932,0.431523836,0,0,1,0,0,0,1,0,0,0,0,0,0,0,0,0,0,0,0,0,280,Train
0.35360136,0.357386932,0.201502806,0,0,0,1,0,0,0,0,0,0,1,0,0,0,0,0,0,0,0,0,263,Train
0.35360136,0.357386932,-0.028518225,0,0,1,0,0,0,0,0,0,0,0,0,0,0,0,1,0,0,0,0,246,Train
-0.046708293,0.357386932,-0.220202418,1,0,0,0,0,0,0,0,0,0,1,0,0,0,0,0,0,0,0,0,275,Train
0.35360136,0.357386932,1.121586929,0,0,0,1,0,0,0,0,0,0,0,0,0,0,0,0,1,0,0,0,322,Train
-0.847327599,-0.935387468,-1.140286541,0,0,1,0,0,0,0,0,0,0,0,0,0,0,0,0,0,1,0,0,183,Train
0.994096805,0.357386932,2.425039437,0,1,0,0,0,0,0,0,0,0,1,0,0,0,0,0,0,0,0,0,284,Train
1.314344527,1.650161332,1.926660537,0,0,1,0,0,0,0,0,0,0,0,0,0,0,0,0,1,0,0,0,370,Train
-1.327699183,-0.935387468,-1.063612864,0,0,0,1,0,0,1,0,0,0,0,0,0,0,0,0,0,0,0,0,184,Train
2.515273486,1.650161332,1.313271121,0,0,1,0,0,0,0,0,0,0,0,0,0,0,0,0,1,0,0,0,333,Train
0.593787152,0.357386932,0.431523836,0,0,1,0,0,0,0,1,0,0,0,0,0,0,0,0,0,0,0,0,274,Train
0.35360136,0.357386932,-0.028518225,0,0,0,1,0,0,0,0,1,0,0,0,0,0,0,0,0,0,0,0,252,Train
-0.847327599,-0.935387468,-0.565233964,0,0,0,1,0,0,0,0,0,0,0,0,1,0,0,0,0,0,0,0,214,Train
1.794716111,1.650161332,2.195018406,0,0,0,1,0,0,0,0,0,0,0,0,0,0,0,0,0,0,0,1,380,Train
1.314344527,1.650161332,0.431523836,0,0,1,0,0,0,0,0,0,0,0,0,0,0,0,0,0,1,0,0,274,Train
-0.046708293,0.357386932,-0.105191902,0,0,1,0,0,0,0,0,0,0,0,0,0,0,1,0,0,0,0,0,246,Train
-1.327699183,-0.935387468,-1.331970734,0,0,0,1,0,0,0,1,0,0,0,0,0,0,0,0,0,0,0,0,171,Train
-0.447017946,-0.935387468,-0.335212933,0,0,0,1,0,0,1,0,0,0,0,0,0,0,0,0,0,0,0,0,228,Train
2.114963833,1.650161332,2.195018406,0,0,1,0,0,0,0,0,0,0,0,0,0,0,0,0,1,0,0,0,380,Train
-0.847327599,-0.935387468,-0.641907641,0,0,0,1,0,1,0,0,0,0,0,0,0,0,0,0,0,0,0,0,212,Train
-0.847327599,-0.935387468,-0.565233964,0,0,1,0,1,0,0,0,0,0,0,0,0,0,0,0,0,0,0,0,221,Train
-0.046708293,0.357386932,-0.220202418,0,0,1,0,0,1,0,0,0,0,0,0,0,0,0,0,0,0,0,0,238,Train
0.43366329,0.357386932,0.239839644,0,0,0,1,0,0,0,0,0,0,0,0,0,1,0,0,0,0,0,0,262,Train
-0.527079877,-0.935387468,-0.603570802,0,0,0,1,0,0,0,0,0,0,0,0,0,0,0,1,0,0,0,0,218,Train
0.43366329,0.357386932,0.08649229,0,0,0,1,0,0,1,0,0,0,0,0,0,0,0,0,0,0,0,0,258,Train
2.114963833,1.650161332,1.543292152,0,0,0,1,0,0,0,0,0,0,1,0,0,0,0,0,0,0,0,0,346,Train
-0.607141807,-0.935387468,0.239839644,0,0,0,1,0,0,0,0,0,0,0,0,0,0,0,1,0,0,0,0,268,Train
0.35360136,0.357386932,0.08649229,0,0,1,0,0,0,1,0,0,0,0,0,0,0,0,0,0,0,0,0,253,Train
0.43366329,0.357386932,0.431523836,0,0,0,1,0,0,0,0,0,0,1,0,0,0,0,0,0,0,0,0,274,Train
1.554530319,1.650161332,0.968239575,0,0,1,0,0,1,0,0,0,0,0,0,0,0,0,0,0,0,0,0,306,Train
-0.447017946,-0.289000268,0.08649229,0,0,0,1,0,0,0,0,0,0,0,0,0,0,0,1,0,0,0,0,254,Train
1.554530319,1.650161332,2.770070984,0,1,0,0,0,0,0,0,0,0,1,0,0,0,0,0,0,0,0,0,300,Train
2.675397347,1.650161332,1.926660537,0,0,1,0,0,0,0,0,0,0,0,0,0,0,0,0,1,0,0,0,363,Train
-1.247637252,-1.581774668,-1.293633895,0,0,1,0,0,0,0,1,0,0,0,0,0,0,0,0,0,0,0,0,174,Train
-1.247637252,-0.935387468,-1.600328603,0,0,0,1,1,0,0,0,0,0,0,0,0,0,0,0,0,0,0,0,155,Train
-0.046708293,0.357386932,-0.296876095,1,0,0,0,0,0,0,0,0,0,0,0,0,0,0,0,1,0,0,0,268,Train
0.35360136,0.357386932,0.469860675,0,0,0,1,0,0,0,0,0,0,1,0,0,0,0,0,0,0,0,0,281,Train
0.753911013,0.357386932,0.968239575,0,0,0,1,0,0,0,0,0,0,0,0,0,0,0,0,1,0,0,0,310,Train
-0.046708293,0.357386932,0.163165967,0,0,1,0,0,0,0,1,0,0,0,0,0,0,0,0,0,0,0,0,260,Train
0.193477499,0.357386932,0.316513321,0,0,1,0,1,0,0,0,0,0,0,0,0,0,0,0,0,0,0,0,274,Train
-1.728008836,-1.581774668,-1.485318087,0,0,1,0,0,0,0,0,0,0,0,0,0,0,0,0,0,1,0,0,157,Train
-0.847327599,-0.935387468,-1.638665441,1,0,0,0,1,0,0,0,0,0,0,0,0,0,0,0,0,0,0,0,178,Train
1.954839972,1.650161332,-0.066855064,0,0,1,0,0,0,0,0,0,0,0,0,0,0,0,0,0,1,0,0,252,Train
-0.847327599,-0.935387468,-0.756918156,0,0,1,0,0,0,0,0,0,0,0,0,0,0,1,0,0,0,0,0,206,Train
0.513725221,0.357386932,0.546534352,0,0,0,1,0,0,0,0,0,0,0,0,0,0,0,1,0,0,0,0,281,Train
0.43366329,0.357386932,0.58487119,0,0,0,1,0,0,0,0,0,0,1,0,0,0,0,0,0,0,0,0,290,Train
0.113415568,0.357386932,0.163165967,0,0,0,1,0,0,0,0,0,0,0,0,0,0,0,1,0,0,0,0,258,Train
-0.046708293,0.357386932,0.316513321,0,0,1,0,0,0,0,0,0,0,0,0,0,0,0,1,0,0,0,0,273,Train
0.35360136,0.357386932,0.776555383,0,0,0,1,0,0,0,0,0,0,0,0,0,0,0,0,1,0,0,0,294,Train
1.554530319,1.650161332,0.546534352,0,0,1,0,0,0,0,0,0,0,0,0,0,0,1,0,0,0,0,0,286,Train
-0.447017946,-0.935387468,0.239839644,0,0,0,1,0,0,0,0,0,1,0,0,0,0,0,0,0,0,0,0,267,Train
-0.847327599,-0.935387468,-0.41188661,0,0,0,1,1,0,0,0,0,0,0,0,0,0,0,0,0,0,0,0,226,Train
-1.247637252,-0.935387468,-0.91026551,0,0,0,1,0,0,1,0,0,0,0,0,0,0,0,0,0,0,0,0,197,Train
-0.607141807,-0.935387468,-0.258539256,0,0,0,1,0,0,0,0,0,0,0,0,0,0,1,0,0,0,0,0,236,Train
-0.206832154,-0.935387468,-0.143528741,1,0,0,0,0,0,0,0,0,1,0,0,0,0,0,0,0,0,0,0,280,Train
0.35360136,0.357386932,-0.066855064,0,0,0,1,0,0,0,0,0,0,0,0,0,0,0,0,1,0,0,0,247,Train
2.515273486,1.650161332,0.508197513,0,0,1,0,1,0,0,0,0,0,0,0,0,0,0,0,0,0,0,0,284,Train
-0.847327599,-0.935387468,0.009818613,0,0,0,1,0,0,0,0,0,0,0,0,0,0,0,1,0,0,0,0,254,Train
0.753911013,1.650161332,0.776555383,0,0,1,0,0,0,1,0,0,0,0,0,0,0,0,0,0,0,0,0,300,Train
-0.447017946,-0.935387468,-0.143528741,0,0,0,1,0,0,0,0,0,0,0,1,0,0,0,0,0,0,0,0,239,Train
-0.046708293,0.357386932,0.08649229,0,0,1,0,1,0,0,0,0,0,0,0,0,0,0,0,0,0,0,0,257,Train
-1.00745146,-0.935387468,-1.17862338,0,0,0,1,0,0,1,0,0,0,0,0,0,0,0,0,0,0,0,0,177,Train
0.43366329,0.357386932,1.84998686,0,1,0,0,0,0,0,0,0,0,0,0,0,0,0,0,1,0,0,0,250,Train
-0.847327599,-0.935387468,-0.143528741,0,0,0,1,0,0,0,0,0,0,0,0,0,0,0,1,0,0,0,0,239,Train
0.593787152,0.357386932,0.431523836,0,0,1,0,0,0,0,1,0,0,0,0,0,0,0,0,0,0,0,0,278,Train
0.35360136,0.357386932,1.35160796,0,0,0,1,0,0,0,0,0,0,0,0,0,0,0,0,1,0,0,0,334,Train
-0.847327599,-0.935387468,-0.756918156,0,0,0,1,0,0,0,0,0,0,0,0,0,0,0,1,0,0,0,0,202,Train
-1.167575321,-0.935387468,-1.140286541,0,0,0,1,1,0,0,0,0,0,0,0,0,0,0,0,0,0,0,0,184,Train
1.074158735,1.650161332,1.121586929,0,0,1,0,0,0,0,0,0,0,0,0,0,0,1,0,0,0,0,0,321,Train
-0.847327599,-0.935387468,-0.181865579,0,1,0,0,1,0,0,0,0,0,0,0,0,0,0,0,0,0,0,0,170,Train
0.43366329,0.357386932,0.623208029,0,0,1,0,0,0,0,0,0,0,0,0,0,0,0,0,1,0,0,0,292,Train
1.954839972,1.650161332,0.623208029,0,0,1,0,0,0,0,0,0,0,0,0,0,0,0,0,0,1,0,0,285,Train
-0.847327599,-0.935387468,-0.565233964,0,0,1,0,0,0,0,0,0,0,0,0,0,0,1,0,0,0,0,0,214,Train
-1.247637252,-0.935387468,-0.680244479,0,0,0,1,0,0,0,0,0,0,0,0,0,0,0,1,0,0,0,0,210,Train
-0.847327599,-0.935387468,-0.526897125,0,0,0,1,0,0,0,0,0,0,0,1,0,0,0,0,0,0,0,0,220,Train
-0.847327599,-0.935387468,-0.488560287,0,0,1,0,0,0,0,0,0,0,0,0,0,0,1,0,0,0,0,0,221,Train
-0.847327599,-0.935387468,-1.140286541,0,0,1,0,1,0,0,0,0,0,0,0,0,0,0,0,0,0,0,0,182,Train
0.43366329,0.357386932,2.386702599,0,1,0,0,0,0,0,0,0,0,1,0,0,0,0,0,0,0,0,0,283,Train
-0.847327599,-0.935387468,-1.561991764,0,0,0,1,1,0,0,0,0,0,0,0,0,0,0,0,0,0,0,0,158,Train
0.593787152,0.357386932,-0.028518225,0,0,1,0,0,0,0,1,0,0,0,0,0,0,0,0,0,0,0,0,246,Train
1.554530319,1.650161332,1.773313183,0,0,1,0,0,0,0,0,0,0,0,0,0,0,0,0,1,0,0,0,354,Train
0.43366329,0.357386932,-0.181865579,0,0,0,1,0,1,0,0,0,0,0,0,0,0,0,0,0,0,0,0,240,Train
-1.327699183,-0.935387468,-0.948602349,0,0,0,1,0,0,0,0,0,0,0,0,0,0,0,1,0,0,0,0,194,Train
-0.847327599,-0.935387468,-0.373549772,0,0,0,1,0,0,1,0,0,0,0,0,0,0,0,0,0,0,0,0,230,Train
-0.687203738,-0.935387468,-0.91026551,1,0,0,0,0,0,0,0,0,0,0,0,0,0,0,1,0,0,0,0,227,Train
-0.847327599,-0.935387468,-1.907023311,0,0,0,1,0,0,1,0,0,0,0,0,0,0,0,0,0,0,0,0,133,Train
1.554530319,1.650161332,0.699881706,0,0,1,0,0,0,0,0,0,0,0,0,0,0,0,0,1,0,0,0,294,Train
1.314344527,1.650161332,0.35485016,0,0,1,0,1,0,0,0,0,0,0,0,0,0,0,0,0,0,0,0,275,Train
0.753911013,1.650161332,0.278176483,0,0,1,0,0,0,0,1,0,0,0,0,0,0,0,0,0,0,0,0,271,Train
-0.847327599,-0.935387468,-0.641907641,0,0,1,0,0,0,0,0,0,0,0,0,0,0,1,0,0,0,0,0,209,Train
2.114963833,1.650161332,1.274934283,0,0,0,1,0,0,0,0,0,0,1,0,0,0,0,0,0,0,0,0,324,Train
-1.247637252,-0.935387468,-0.833591833,0,0,0,1,0,0,0,0,0,0,0,0,0,0,0,1,0,0,0,0,202,Train
0.43366329,0.357386932,0.278176483,0,0,0,1,0,1,0,0,0,0,0,0,0,0,0,0,0,0,0,0,264,Train
-1.167575321,-0.935387468,-0.833591833,0,0,0,1,0,0,0,0,0,0,0,0,0,0,0,1,0,0,0,0,201,Train
0.753911013,1.650161332,1.198260606,0,0,1,0,0,0,0,0,0,0,0,0,0,0,0,0,0,1,0,0,324,Train
1.554530319,1.650161332,2.61672363,0,1,0,0,0,0,0,0,0,0,1,0,0,0,0,0,0,0,0,0,293,Train
-0.286894085,-0.935387468,0.58487119,0,0,0,1,0,0,0,0,0,1,0,0,0,0,0,0,0,0,0,0,283,Train
1.074158735,1.650161332,0.35485016,0,0,1,0,0,0,0,0,0,0,0,0,0,0,1,0,0,0,0,0,273,Train
0.35360136,0.357386932,-1.17862338,0,0,1,0,0,0,1,0,0,0,0,0,0,0,0,0,0,0,0,0,177,Train
-0.847327599,-0.935387468,-1.17862338,1,0,0,0,1,0,0,0,0,0,0,0,0,0,0,0,0,0,0,0,208,Train
0.35360136,0.357386932,0.623208029,0,0,0,1,0,0,0,0,0,0,1,0,0,0,0,0,0,0,0,0,285,Train
-0.847327599,-0.935387468,-2.213718019,0,0,0,1,0,0,1,0,0,0,0,0,0,0,0,0,0,0,0,0,114,Train
-0.847327599,-0.935387468,-0.565233964,0,0,0,1,0,0,0,0,0,0,0,0,0,0,0,1,0,0,0,0,214,Train
0.273539429,0.357386932,-0.143528741,0,0,1,0,0,0,0,0,0,0,0,0,0,0,0,0,0,1,0,0,245,Train
-0.847327599,-0.935387468,-0.220202418,0,0,1,0,0,0,0,1,0,0,0,0,0,0,0,0,0,0,0,0,239,Train
-1.247637252,-1.581774668,-1.370307572,0,0,1,0,0,0,0,0,0,0,0,0,0,0,1,0,0,0,0,0,166,Train
1.074158735,1.650161332,1.159923768,0,0,1,0,0,0,0,0,0,0,0,0,0,0,1,0,0,0,0,0,322,Train
-0.286894085,0.357386932,0.469860675,0,0,0,1,0,1,0,0,0,0,0,0,0,0,0,0,0,0,0,0,281,Train
1.554530319,1.650161332,1.006576414,0,0,0,1,0,1,0,0,0,0,0,0,0,0,0,0,0,0,0,0,318,Train
-1.487823044,-1.581774668,-0.91026551,0,0,0,1,0,0,0,0,0,0,0,0,0,0,0,1,0,0,0,0,198,Train
0.35360136,0.357386932,0.009818613,0,0,0,1,0,0,0,0,0,0,0,0,0,0,0,1,0,0,0,0,252,Train
-0.046708293,0.357386932,0.623208029,0,0,1,0,0,0,0,0,0,0,0,0,0,0,0,0,1,0,0,0,291,Train
0.43366329,0.357386932,0.58487119,0,0,0,1,0,0,0,0,0,0,0,0,0,0,0,0,1,0,0,0,283,Train
-1.167575321,-0.935387468,-1.140286541,0,0,1,0,0,0,0,1,0,0,0,0,0,0,0,0,0,0,0,0,179,Train
-0.847327599,-0.935387468,-0.756918156,0,0,1,0,1,0,0,0,0,0,0,0,0,0,0,0,0,0,0,0,207,Train
0.43366329,0.357386932,-0.143528741,0,0,0,1,0,0,1,0,0,0,0,0,0,0,0,0,0,0,0,0,242,Train
2.114963833,1.650161332,1.543292152,0,0,0,1,0,0,0,0,0,0,1,0,0,0,0,0,0,0,0,0,340,Train
-0.847327599,-0.935387468,-0.296876095,0,0,1,0,0,0,0,0,0,0,0,0,0,0,0,0,1,0,0,0,232,Train
-0.046708293,0.357386932,-0.143528741,0,0,1,0,0,0,0,0,0,0,0,0,0,0,1,0,0,0,0,0,239,Train
-0.847327599,-0.935387468,-1.485318087,1,0,0,0,0,0,1,0,0,0,0,0,0,0,0,0,0,0,0,0,180,Train
0.35360136,0.357386932,0.776555383,0,0,0,1,0,0,0,0,0,0,0,0,0,0,0,0,1,0,0,0,294,Train
-0.527079877,-0.935387468,-0.526897125,0,0,0,1,0,0,0,0,0,0,0,0,0,0,0,1,0,0,0,0,216,Train
-0.847327599,-0.935387468,-0.718581318,0,0,1,0,0,0,0,0,0,0,0,0,0,0,1,0,0,0,0,0,205,Train
-0.046708293,0.357386932,-0.526897125,0,0,1,0,0,0,1,0,0,0,0,0,0,0,0,0,0,0,0,0,216,Train
1.554530319,1.650161332,0.738218544,0,0,1,0,0,0,0,0,0,0,0,0,0,0,0,0,0,1,0,0,299,Train
0.43366329,0.357386932,-0.105191902,0,0,0,1,0,0,0,0,0,0,0,0,0,0,0,1,0,0,0,0,247,Train
-0.847327599,-0.935387468,-0.450223449,0,0,0,1,0,0,0,0,0,0,0,0,0,0,0,1,0,0,0,0,224,Train
0.193477499,0.357386932,0.316513321,0,0,0,1,0,0,0,0,0,0,1,0,0,0,0,0,0,0,0,0,273,Train
0.43366329,0.357386932,0.85322906,0,0,0,1,0,0,0,0,0,0,0,0,0,0,0,1,0,0,0,0,304,Train
-0.847327599,-0.935387468,-0.948602349,0,0,0,1,0,0,0,0,0,0,0,0,0,1,0,0,0,0,0,0,193,Train
0.753911013,1.650161332,0.776555383,0,0,1,0,0,0,1,0,0,0,0,0,0,0,0,0,0,0,0,0,300,Train
-1.327699183,-0.935387468,-1.101949703,0,0,0,1,0,0,0,1,0,0,0,0,0,0,0,0,0,0,0,0,186,Train
0.43366329,0.357386932,-0.181865579,0,0,0,1,0,1,0,0,0,0,0,0,0,0,0,0,0,0,0,0,240,Train
0.753911013,1.650161332,-0.028518225,0,0,1,0,0,0,1,0,0,0,0,0,0,0,0,0,0,0,0,0,249,Train
-0.847327599,-0.935387468,-0.756918156,0,0,0,1,0,0,0,0,0,0,0,0,0,0,0,1,0,0,0,0,204,Train
-0.046708293,0.357386932,0.278176483,0,0,1,0,0,0,0,1,0,0,0,0,0,0,0,0,0,0,0,0,271,Train
-0.447017946,-0.935387468,-0.641907641,0,0,0,1,0,0,0,0,0,0,0,0,0,0,0,0,1,0,0,0,214,Train
-0.046708293,0.357386932,-0.373549772,1,0,0,0,0,0,0,0,0,0,0,0,0,0,0,0,1,0,0,0,270,Train
1.314344527,1.650161332,1.696639506,0,0,1,0,0,0,0,0,0,0,0,0,0,0,0,0,1,0,0,0,357,Train
1.954839972,1.650161332,0.623208029,0,0,1,0,0,0,0,0,0,0,0,0,0,0,0,0,0,1,0,0,291,Train
2.995645069,1.650161332,2.846744661,0,0,1,0,0,0,1,0,0,0,0,0,0,0,0,0,0,0,0,0,419,Train
-0.847327599,-0.935387468,-0.526897125,0,0,1,0,1,0,0,0,0,0,0,0,0,0,0,0,0,0,0,0,220,Train
-0.847327599,-0.935387468,-0.756918156,0,0,1,0,0,0,0,0,0,0,0,0,0,0,1,0,0,0,0,0,205,Train
1.554530319,1.650161332,0.968239575,0,0,1,0,0,1,0,0,0,0,0,0,0,0,0,0,0,0,0,0,313,Train
0.593787152,0.357386932,0.239839644,0,0,1,0,0,0,0,1,0,0,0,0,0,0,0,0,0,0,0,0,266,Train
-0.046708293,0.357386932,0.623208029,0,0,1,0,0,0,0,0,0,0,0,0,0,0,0,0,1,0,0,0,291,Train
-0.447017946,-0.935387468,-1.370307572,0,0,0,1,1,0,0,0,0,0,0,0,0,0,0,0,0,0,0,0,169,Train
0.43366329,0.357386932,2.156681568,0,1,0,0,0,0,0,0,0,0,0,0,0,0,0,1,0,0,0,0,274,Train
-0.046708293,0.357386932,0.623208029,0,0,1,0,0,0,1,0,0,0,0,0,0,0,0,0,0,0,0,0,293,Train
-0.046708293,0.357386932,0.201502806,0,0,1,0,0,0,0,0,0,0,0,0,0,0,0,0,0,1,0,0,265,Train
-0.447017946,-0.935387468,-0.526897125,0,0,0,1,0,0,0,0,0,0,0,0,0,0,0,1,0,0,0,0,216,Train
-0.847327599,-0.935387468,-0.91026551,0,0,1,0,0,0,0,0,0,0,0,0,0,0,1,0,0,0,0,0,193,Train
-1.00745146,-0.935387468,-0.756918156,0,0,0,1,0,0,1,0,0,0,0,0,0,0,0,0,0,0,0,0,202,Train
0.43366329,0.357386932,0.469860675,0,0,1,0,0,0,0,0,0,0,0,0,0,0,0,0,1,0,0,0,281,Train
-0.286894085,0.357386932,0.316513321,0,0,0,1,0,0,0,0,0,0,1,0,0,0,0,0,0,0,0,0,272,Train
2.515273486,1.650161332,1.198260606,0,0,1,0,0,0,0,0,0,0,0,0,0,0,0,0,1,0,0,0,325,Train
-0.527079877,-0.935387468,-0.450223449,0,0,0,1,0,0,0,0,0,0,0,0,0,0,0,1,0,0,0,0,224,Train
0.35360136,0.357386932,0.814892221,0,0,0,1,0,0,0,0,0,1,0,0,0,0,0,0,0,0,0,0,300,Train
2.114963833,1.650161332,2.34836576,0,0,1,0,0,0,0,0,0,0,0,0,0,0,0,0,1,0,0,0,395,Train
1.074158735,1.650161332,1.504955314,0,0,1,0,0,0,1,0,0,0,0,0,0,0,0,0,0,0,0,0,344,Train
-0.847327599,-0.935387468,-0.603570802,0,0,1,0,0,0,1,0,0,0,0,0,0,0,0,0,0,0,0,0,216,Train
-0.847327599,-0.935387468,-0.603570802,0,0,0,1,0,0,0,0,0,0,0,0,0,0,0,1,0,0,0,0,212,Train
-0.847327599,-0.935387468,-0.756918156,0,0,1,0,0,0,0,0,0,0,0,0,0,0,1,0,0,0,0,0,207,Train
-0.847327599,-0.935387468,-0.105191902,0,0,1,0,0,0,0,0,0,0,0,0,0,0,0,0,1,0,0,0,246,Train
-1.327699183,-0.935387468,-1.255297057,0,0,0,1,1,0,0,0,0,0,0,0,0,0,0,0,0,0,0,0,173,Train
0.113415568,0.357386932,0.201502806,0,0,0,1,0,0,0,0,0,0,0,0,0,0,0,1,0,0,0,0,260,Train
1.234282596,1.650161332,0.814892221,0,0,1,0,0,0,1,0,0,0,0,0,0,0,0,0,0,0,0,0,303,Train
-0.847327599,-0.935387468,-0.450223449,0,0,1,0,0,0,0,0,0,0,0,0,0,0,1,0,0,0,0,0,224,Train
-1.247637252,-0.935387468,-1.216960218,0,0,0,1,0,1,0,0,0,0,0,0,0,0,0,0,0,0,0,0,177,Train
0.43366329,0.357386932,0.124829129,0,0,0,1,0,0,0,0,0,0,1,0,0,0,0,0,0,0,0,0,260,Train
2.515273486,1.650161332,1.428281637,0,0,1,0,0,0,0,0,0,0,0,0,0,0,0,0,1,0,0,0,334,Train
-0.527079877,-0.935387468,0.201502806,0,1,0,0,0,0,1,0,0,0,0,0,0,0,0,0,0,0,0,0,186,Train
0.35360136,0.357386932,-0.220202418,0,0,1,0,0,0,1,0,0,0,0,0,0,0,0,0,0,0,0,0,235,Train
1.074158735,1.650161332,0.776555383,0,0,1,0,0,0,0,0,0,0,0,0,0,0,1,0,0,0,0,0,294,Train
0.35360136,0.357386932,0.85322906,0,0,0,1,0,0,0,0,0,0,0,0,0,0,0,0,1,0,0,0,305,Train
-0.046708293,0.357386932,0.08649229,0,0,1,0,0,0,0,0,0,0,0,0,0,0,1,0,0,0,0,0,256,Train
-0.046708293,0.357386932,-0.41188661,1,0,0,0,0,0,0,0,0,0,1,0,0,0,0,0,0,0,0,0,260,Train
-0.847327599,-0.935387468,-0.450223449,0,0,1,0,0,0,0,1,0,0,0,0,0,0,0,0,0,0,0,0,221,Train
-0.447017946,-0.935387468,-1.17862338,0,0,0,1,0,0,1,0,0,0,0,0,0,0,0,0,0,0,0,0,182,Train
-0.046708293,0.357386932,0.278176483,0,0,1,0,0,0,0,0,0,0,0,0,0,0,0,0,1,0,0,0,270,Train
-0.046708293,0.357386932,0.316513321,0,0,1,0,0,0,0,0,0,0,0,0,0,0,0,1,0,0,0,0,273,Train
-1.167575321,-0.935387468,-1.216960218,0,0,1,0,0,0,0,0,0,0,0,0,0,0,0,0,0,1,0,0,175,Train
-0.847327599,-0.935387468,-0.373549772,0,0,1,0,0,0,0,0,0,0,0,0,0,0,1,0,0,0,0,0,225,Train
0.193477499,0.357386932,0.699881706,0,0,0,1,0,0,0,0,0,0,0,0,0,0,0,1,0,0,0,0,297,Train
0.35360136,0.357386932,0.393186998,0,0,0,1,0,0,0,0,0,0,0,0,0,0,0,1,0,0,0,0,278,Train
0.35360136,0.357386932,2.501713114,0,1,0,0,0,0,0,0,0,0,0,0,0,0,0,0,1,0,0,0,288,Train
-0.046708293,0.357386932,-0.680244479,1,0,0,0,0,0,0,0,0,0,1,0,0,0,0,0,0,0,0,0,243,Train
-1.327699183,-0.935387468,-1.370307572,0,0,0,1,0,0,0,1,0,0,0,0,0,0,0,0,0,0,0,0,166,Train
1.954839972,1.650161332,0.968239575,0,0,1,0,0,0,0,0,0,0,0,0,1,0,0,0,0,0,0,0,310,Train
-0.286894085,0.357386932,0.35485016,0,0,0,1,0,0,0,0,0,0,1,0,0,0,0,0,0,0,0,0,275,Train
-0.847327599,-0.935387468,-0.526897125,0,0,1,0,0,0,0,0,0,0,0,0,0,0,0,1,0,0,0,0,219,Train
0.43366329,0.357386932,-0.181865579,0,0,0,1,0,0,1,0,0,0,0,0,0,0,0,0,0,0,0,0,241,Train
-1.167575321,-0.935387468,-0.680244479,0,0,0,1,0,0,0,0,0,0,0,0,0,1,0,0,0,0,0,0,208,Train
-1.247637252,-0.935387468,-1.67700228,0,0,0,1,0,0,0,0,0,0,0,0,0,1,0,0,0,0,0,0,147,Train
-0.847327599,-0.935387468,-0.641907641,0,0,1,0,0,0,0,0,0,0,0,0,0,0,1,0,0,0,0,0,209,Train
-1.327699183,-0.935387468,-1.561991764,0,0,0,1,0,0,0,0,0,0,0,0,0,0,1,0,0,0,0,0,157,Train
-0.527079877,-0.935387468,-0.948602349,0,0,1,0,1,0,0,0,0,0,0,0,0,0,0,0,0,0,0,0,197,Train
2.515273486,1.650161332,1.84998686,0,0,1,0,0,0,0,0,0,0,0,0,0,0,1,0,0,0,0,0,367,Train
-1.167575321,-0.935387468,-0.603570802,0,0,0,1,0,1,0,0,0,0,0,0,0,0,0,0,0,0,0,0,218,Train
0.273539429,0.357386932,0.124829129,0,0,1,0,0,0,0,1,0,0,0,0,0,0,0,0,0,0,0,0,255,Train
-0.847327599,-0.935387468,-0.603570802,0,0,1,0,0,0,0,0,0,0,0,0,0,0,0,0,0,1,0,0,215,Train
-1.247637252,-0.935387468,-0.565233964,0,0,0,1,0,0,0,0,0,0,0,0,0,0,0,1,0,0,0,0,216,Train
0.753911013,1.650161332,0.239839644,0,0,1,0,1,0,0,0,0,0,0,0,0,0,0,0,0,0,0,0,269,Train
-0.046708293,0.357386932,-0.220202418,0,0,1,0,0,0,0,0,0,0,0,0,0,0,1,0,0,0,0,0,239,Train
-1.167575321,-0.935387468,-0.373549772,0,0,0,1,0,1,0,0,0,0,0,0,0,0,0,0,0,0,0,0,227,Train
0.43366329,0.357386932,2.693397307,0,1,0,0,0,0,0,0,0,0,1,0,0,0,0,0,0,0,0,0,285,Train
-0.847327599,-0.935387468,-0.948602349,0,0,1,0,0,0,0,1,0,0,0,0,0,0,0,0,0,0,0,0,195,Train
-0.126770224,0.357386932,-0.028518225,0,0,1,0,0,1,0,0,0,0,0,0,0,0,0,0,0,0,0,0,249,Train
-1.00745146,-0.935387468,-1.216960218,0,0,0,1,0,0,1,0,0,0,0,0,0,0,0,0,0,0,0,0,175,Train
0.753911013,1.650161332,1.658302668,0,0,1,0,0,0,1,0,0,0,0,0,0,0,0,0,0,0,0,0,353,Train
-0.847327599,-0.935387468,-0.833591833,0,0,0,1,0,0,0,0,0,0,0,0,0,0,1,0,0,0,0,0,201,Train
-1.00745146,-0.935387468,-1.216960218,0,0,0,1,1,0,0,0,0,0,0,0,0,0,0,0,0,0,0,0,175,Train
-1.167575321,-0.935387468,-0.833591833,0,0,0,1,1,0,0,0,0,0,0,0,0,0,0,0,0,0,0,0,204,Train
1.954839972,1.650161332,0.929902737,0,0,1,0,0,1,0,0,0,0,0,0,0,0,0,0,0,0,0,0,313,Train
-0.847327599,-0.935387468,-1.293633895,0,0,0,1,1,0,0,0,0,0,0,0,0,0,0,0,0,0,0,0,173,Train
-0.847327599,-0.935387468,-0.680244479,0,0,1,0,0,0,1,0,0,0,0,0,0,0,0,0,0,0,0,0,210,Train
-1.327699183,-0.935387468,-1.101949703,0,0,0,1,0,0,0,1,0,0,0,0,0,0,0,0,0,0,0,0,186,Train
2.515273486,1.650161332,2.770070984,0,0,0,1,0,0,0,0,0,0,1,0,0,0,0,0,0,0,0,0,414,Train
0.43366329,0.357386932,1.274934283,0,1,0,0,0,0,1,0,0,0,0,0,0,0,0,0,0,0,0,0,232,Train
1.074158735,1.650161332,0.776555383,0,0,1,0,1,0,0,0,0,0,0,0,0,0,0,0,0,0,0,0,294,Train
0.35360136,0.357386932,0.623208029,0,0,0,1,0,0,0,0,0,0,1,0,0,0,0,0,0,0,0,0,291,Train
1.794716111,1.650161332,0.85322906,0,0,0,1,0,0,0,0,0,0,0,0,0,0,0,0,1,0,0,0,305,Train
2.515273486,1.650161332,1.658302668,0,0,1,0,0,0,1,0,0,0,0,0,0,0,0,0,0,0,0,0,352,Train
-0.847327599,-0.935387468,-0.795254995,0,0,0,1,0,0,1,0,0,0,0,0,0,0,0,0,0,0,0,0,204,Train
-1.00745146,-0.935387468,-0.948602349,0,0,0,1,0,0,0,0,0,0,0,0,0,1,0,0,0,0,0,0,195,Train
2.114963833,1.650161332,2.233355245,0,0,0,1,0,0,0,0,0,0,0,0,0,0,0,0,1,0,0,0,382,Train
0.914034874,1.650161332,1.313271121,0,0,1,0,0,0,0,0,0,0,0,0,0,0,0,0,0,1,0,0,327,Train
-0.046708293,0.357386932,-0.105191902,0,0,1,0,0,0,0,0,0,0,0,0,0,0,0,0,0,1,0,0,246,Train
-0.847327599,-0.935387468,-0.565233964,0,0,1,0,0,0,0,0,0,0,0,0,0,0,1,0,0,0,0,0,214,Train
-0.847327599,-0.935387468,-0.373549772,0,0,1,0,1,0,0,0,0,0,0,0,0,0,0,0,0,0,0,0,230,Train
-1.167575321,-0.935387468,-1.255297057,0,0,1,0,0,0,0,1,0,0,0,0,0,0,0,0,0,0,0,0,172,Train
0.753911013,0.357386932,0.814892221,0,0,0,1,0,0,0,0,0,1,0,0,0,0,0,0,0,0,0,0,304,Train
-0.286894085,0.357386932,0.469860675,0,0,0,1,0,1,0,0,0,0,0,0,0,0,0,0,0,0,0,0,280,Train
0.35360136,0.357386932,-0.680244479,0,0,0,1,0,0,1,0,0,0,0,0,0,0,0,0,0,0,0,0,212,Train
0.43366329,0.357386932,-0.028518225,0,0,0,1,0,1,0,0,0,0,0,0,0,0,0,0,0,0,0,0,250,Train
1.71465418,1.650161332,1.466618475,0,0,1,0,0,0,0,0,0,0,0,0,0,0,1,0,0,0,0,0,341,Train
-0.046708293,0.357386932,0.009818613,0,0,1,0,0,0,0,0,0,0,0,0,0,0,0,0,0,1,0,0,254,Train
-0.847327599,-0.935387468,-0.258539256,0,0,0,1,0,1,0,0,0,0,0,0,0,0,0,0,0,0,0,0,237,Train
-1.167575321,-0.935387468,-1.17862338,0,0,0,1,1,0,0,0,0,0,0,0,0,0,0,0,0,0,0,0,177,Train
0.753911013,1.650161332,0.35485016,0,0,1,0,0,0,1,0,0,0,0,0,0,0,0,0,0,0,0,0,269,Train
-0.046708293,0.357386932,-0.335212933,0,0,1,0,1,0,0,0,0,0,0,0,0,0,0,0,0,0,0,0,228,Train
-0.847327599,-0.935387468,-0.871928672,0,0,0,1,0,0,1,0,0,0,0,0,0,0,0,0,0,0,0,0,196,Train
2.114963833,1.650161332,1.236597445,0,0,0,1,0,0,0,0,0,0,1,0,0,0,0,0,0,0,0,0,328,Train
2.114963833,1.650161332,0.776555383,0,0,0,1,0,1,0,0,0,0,0,0,0,0,0,0,0,0,0,0,294,Train
0.113415568,0.357386932,-0.220202418,0,0,0,1,0,0,0,0,0,0,0,0,0,0,0,1,0,0,0,0,240,Train
-0.847327599,-0.935387468,-0.833591833,0,0,0,1,0,0,1,0,0,0,0,0,0,0,0,0,0,0,0,0,198,Train
-0.447017946,-0.935387468,-1.063612864,0,0,0,1,0,0,1,0,0,0,0,0,0,0,0,0,0,0,0,0,184,Train
-0.447017946,-0.935387468,-1.293633895,0,0,0,1,0,0,0,0,0,0,0,0,0,0,0,1,0,0,0,0,172,Train
-0.447017946,-0.935387468,-0.603570802,0,0,0,1,0,0,0,0,0,0,0,0,0,0,0,1,0,0,0,0,221,Train
0.43366329,0.357386932,0.393186998,0,0,0,1,1,0,0,0,0,0,0,0,0,0,0,0,0,0,0,0,277,Train
-0.286894085,-0.935387468,0.35485016,0,0,0,1,0,0,0,0,0,1,0,0,0,0,0,0,0,0,0,0,274,Train
1.234282596,1.650161332,0.58487119,0,0,1,0,0,0,1,0,0,0,0,0,0,0,0,0,0,0,0,0,286,Train
0.35360136,0.357386932,2.003334214,0,1,0,0,0,1,0,0,0,0,0,0,0,0,0,0,0,0,0,0,256,Train
-1.00745146,-0.935387468,-1.101949703,0,0,0,1,0,0,1,0,0,0,0,0,0,0,0,0,0,0,0,0,182,Train
1.074158735,1.650161332,0.623208029,0,0,1,0,0,1,0,0,0,0,0,0,0,0,0,0,0,0,0,0,292,Train
-0.847327599,-0.935387468,0.431523836,0,0,1,0,0,0,0,0,0,0,0,0,0,0,0,1,0,0,0,0,274,Train
-0.847327599,-0.935387468,-0.91026551,0,0,0,1,0,0,0,0,0,0,0,0,0,1,0,0,0,0,0,0,198,Train
-0.847327599,-0.935387468,-1.830349634,0,0,0,1,0,1,0,0,0,0,0,0,0,0,0,0,0,0,0,0,140,Train
-0.607141807,-0.935387468,-0.181865579,0,0,0,1,0,0,0,0,0,0,0,0,0,0,1,0,0,0,0,0,241,Train
-0.286894085,0.357386932,0.58487119,0,0,0,1,0,0,0,0,0,0,1,0,0,0,0,0,0,0,0,0,288,Train
-0.447017946,-0.935387468,-1.293633895,0,0,0,1,1,0,0,0,0,0,0,0,0,0,0,0,0,0,0,0,170,Train
-0.447017946,-0.935387468,-0.91026551,0,0,0,1,0,0,1,0,0,0,0,0,0,0,0,0,0,0,0,0,197,Train
0.35360136,0.357386932,0.661544867,0,0,0,1,0,0,0,0,0,0,1,0,0,0,0,0,0,0,0,0,292,Train
0.35360136,0.357386932,0.08649229,0,0,0,1,0,0,0,0,0,0,0,0,0,0,0,1,0,0,0,0,256,Train
1.794716111,1.650161332,0.891565898,0,0,0,1,0,0,0,0,0,0,1,0,0,0,0,0,0,0,0,0,307,Train
-0.847327599,-0.935387468,-0.91026551,0,0,1,0,0,0,0,0,0,0,0,0,0,0,1,0,0,0,0,0,197,Train
0.35360136,0.357386932,0.661544867,0,0,0,1,0,0,0,0,0,0,0,0,0,0,0,0,1,0,0,0,293,Train
-1.327699183,-0.935387468,-1.446981249,0,0,0,1,1,0,0,0,0,0,0,0,0,0,0,0,0,0,0,0,163,Train
0.35360136,0.357386932,-0.105191902,0,0,1,0,0,0,0,0,0,0,0,0,0,0,0,1,0,0,0,0,246,Train
-0.847327599,-0.935387468,-1.255297057,0,0,0,1,1,0,0,0,0,0,0,0,0,0,0,0,0,0,0,0,175,Train
-0.847327599,-0.935387468,-0.795254995,0,0,0,1,0,0,0,0,0,0,0,0,0,0,1,0,0,0,0,0,205,Train
-0.847327599,-0.935387468,-0.335212933,0,0,1,0,0,0,0,0,0,0,0,0,0,0,0,0,1,0,0,0,232,Train
-0.847327599,-0.935387468,-0.833591833,0,0,0,1,0,0,0,0,0,0,0,0,0,1,0,0,0,0,0,0,198,Train
-0.527079877,-0.935387468,-0.143528741,0,0,0,1,0,0,0,0,0,0,0,0,0,0,0,1,0,0,0,0,245,Train
-1.167575321,-0.935387468,-1.101949703,0,0,0,1,1,0,0,0,0,0,0,0,0,0,0,0,0,0,0,0,186,Train
-0.046708293,0.357386932,-0.258539256,0,0,1,0,0,1,0,0,0,0,0,0,0,0,0,0,0,0,0,0,235,Train
-0.046708293,0.357386932,-0.335212933,0,0,1,0,0,0,0,0,0,0,0,0,0,0,1,0,0,0,0,0,231,Train
0.35360136,0.357386932,-0.641907641,0,0,1,0,0,0,1,0,0,0,0,0,0,0,0,0,0,0,0,0,211,Train
1.794716111,1.650161332,1.006576414,0,0,0,1,0,0,0,0,0,0,0,0,0,0,0,0,1,0,0,0,314,Train
-0.527079877,-0.935387468,-0.258539256,0,0,0,1,0,0,0,0,0,0,0,0,0,0,0,1,0,0,0,0,238,Train
0.35360136,0.357386932,-0.066855064,0,0,1,0,0,0,0,0,0,0,0,0,0,0,1,0,0,0,0,0,244,Train
-0.847327599,-0.935387468,-0.105191902,0,0,1,0,0,0,0,0,0,0,0,1,0,0,0,0,0,0,0,0,248,Train
0.593787152,1.650161332,1.159923768,0,0,1,0,0,1,0,0,0,0,0,0,0,0,0,0,0,0,0,0,321,Train
0.43366329,0.357386932,0.201502806,0,0,0,1,0,0,0,0,0,0,0,0,0,0,0,0,1,0,0,0,265,Train
0.593787152,0.357386932,0.316513321,0,0,1,0,0,0,0,1,0,0,0,0,0,0,0,0,0,0,0,0,267,Train
-0.847327599,-0.935387468,-0.756918156,0,0,1,0,0,0,0,0,0,0,0,0,0,1,0,0,0,0,0,0,206,Train
-0.046708293,0.357386932,0.431523836,0,0,1,0,0,0,0,0,0,0,0,0,0,0,1,0,0,0,0,0,280,Train
0.43366329,0.357386932,2.310028922,0,1,0,0,0,0,0,0,0,0,1,0,0,0,0,0,0,0,0,0,279,Train
-0.847327599,-0.935387468,-1.446981249,1,0,0,0,1,0,0,0,0,0,0,0,0,0,0,0,0,0,0,0,189,Train
1.794716111,1.650161332,0.929902737,0,0,0,1,0,0,0,0,0,0,0,0,0,0,0,0,1,0,0,0,310,Train
-0.286894085,0.357386932,0.393186998,0,0,0,1,0,0,0,0,0,0,1,0,0,0,0,0,0,0,0,0,277,Train
-0.847327599,-0.935387468,-1.485318087,1,0,0,0,1,0,0,0,0,0,0,0,0,0,0,0,0,0,0,0,184,Train
0.35360136,0.357386932,-0.986939187,0,0,1,0,1,0,0,0,0,0,0,0,0,0,0,0,0,0,0,0,189,Train
-0.847327599,-0.935387468,-0.91026551,0,0,0,1,1,0,0,0,0,0,0,0,0,0,0,0,0,0,0,0,193,Train
-0.527079877,-0.935387468,0.124829129,0,0,0,1,0,0,0,0,0,0,0,0,0,0,0,1,0,0,0,0,260,Train
-0.046708293,0.357386932,0.393186998,0,0,1,0,0,0,0,0,0,0,0,0,0,0,0,1,0,0,0,0,277,Train
1.954839972,1.650161332,1.696639506,0,0,1,0,0,0,0,0,0,0,0,0,0,0,0,0,1,0,0,0,357,Train
-0.607141807,-0.935387468,-0.296876095,0,0,0,1,0,0,0,0,0,0,0,0,0,0,1,0,0,0,0,0,234,Train
-1.487823044,-1.581774668,-1.67700228,0,0,0,1,1,0,0,0,0,0,0,0,0,0,0,0,0,0,0,0,147,Train
1.554530319,1.650161332,0.891565898,0,0,1,0,0,0,0,1,0,0,0,0,0,0,0,0,0,0,0,0,301,Train
1.554530319,1.650161332,0.699881706,0,0,1,0,0,0,0,1,0,0,0,0,0,0,0,0,0,0,0,0,290,Train
-1.00745146,-0.935387468,-1.025276026,0,0,0,1,1,0,0,0,0,0,0,0,0,0,0,0,0,0,0,0,190,Train
-1.00745146,-0.935387468,-1.025276026,0,0,0,1,1,0,0,0,0,0,0,0,0,0,0,0,0,0,0,0,189,Train
0.43366329,0.357386932,-0.105191902,0,0,0,1,0,0,1,0,0,0,0,0,0,0,0,0,0,0,0,0,246,Train
0.193477499,0.357386932,0.048155452,0,0,0,1,0,0,0,0,0,0,1,0,0,0,0,0,0,0,0,0,256,Train
-1.247637252,-0.935387468,-1.331970734,0,0,0,1,0,0,0,0,0,0,0,0,0,0,0,0,0,1,0,0,169,Train
0.43366329,0.357386932,1.198260606,0,1,0,0,0,1,0,0,0,0,0,0,0,0,0,0,0,0,0,0,229,Train
0.35360136,0.357386932,0.738218544,0,0,0,1,0,0,0,0,0,1,0,0,0,0,0,0,0,0,0,0,299,Train
-0.847327599,-0.935387468,-0.833591833,0,0,0,1,0,0,0,0,0,0,0,0,0,1,0,0,0,0,0,0,198,Train
-0.847327599,-0.935387468,-0.41188661,0,0,1,0,0,0,0,0,0,0,0,0,0,0,0,1,0,0,0,0,227,Train
-1.247637252,-0.935387468,-0.948602349,0,0,0,1,0,0,0,0,0,0,0,0,0,0,0,1,0,0,0,0,195,Train
-0.847327599,-0.935387468,-0.871928672,0,0,0,1,0,1,0,0,0,0,0,0,0,0,0,0,0,0,0,0,196,Train
-0.847327599,-0.935387468,-0.105191902,0,0,1,0,0,0,0,0,0,0,0,0,0,0,0,1,0,0,0,0,242,Train
-0.847327599,-0.935387468,-0.986939187,0,0,0,1,0,0,0,0,0,0,0,0,0,0,0,1,0,0,0,0,189,Train
-0.046708293,0.357386932,-0.565233964,1,0,0,0,0,0,0,0,0,0,0,0,0,0,0,0,1,0,0,0,246,Train
-0.847327599,-0.935387468,0.124829129,0,0,1,0,1,0,0,0,0,0,0,0,0,0,0,0,0,0,0,0,255,Train
0.35360136,0.357386932,0.776555383,0,0,0,1,0,0,0,0,0,0,0,0,0,0,0,0,1,0,0,0,294,Train
-1.247637252,-1.581774668,-1.255297057,0,0,1,0,0,0,0,0,0,0,0,0,0,0,1,0,0,0,0,0,175,Train
-0.447017946,-0.935387468,-2.098707503,0,0,0,1,0,0,1,0,0,0,0,0,0,0,0,0,0,0,0,0,124,Train
-0.847327599,-0.935387468,-0.296876095,0,0,1,0,0,0,0,0,0,0,0,0,0,0,0,1,0,0,0,0,230,Train
-0.847327599,-0.935387468,-1.370307572,0,0,0,1,1,0,0,0,0,0,0,0,0,0,0,0,0,0,0,0,166,Train
0.994096805,0.357386932,2.310028922,0,1,0,0,0,0,0,0,0,0,1,0,0,0,0,0,0,0,0,0,269,Train
2.515273486,1.650161332,1.428281637,0,0,1,0,0,1,0,0,0,0,0,0,0,0,0,0,0,0,0,0,339,Train
0.35360136,0.357386932,0.08649229,0,0,1,0,0,0,0,0,0,0,0,0,0,0,0,1,0,0,0,0,258,Train
-0.046708293,0.357386932,-0.143528741,0,0,1,0,0,0,1,0,0,0,0,0,0,0,0,0,0,0,0,0,239,Train
-0.447017946,-0.935387468,-1.945360149,0,0,0,1,0,0,1,0,0,0,0,0,0,0,0,0,0,0,0,0,134,Train
0.43366329,0.357386932,1.006576414,0,0,0,1,0,0,0,0,0,0,0,0,0,0,0,1,0,0,0,0,313,Train
2.114963833,1.650161332,0.623208029,0,0,0,1,0,0,0,0,0,0,1,0,0,0,0,0,0,0,0,0,290,Train
-1.247637252,-0.935387468,-1.408644411,0,0,0,1,1,0,0,0,0,0,0,0,0,0,0,0,0,0,0,0,163,Train
-0.847327599,-0.935387468,-0.335212933,0,0,1,0,0,0,0,1,0,0,0,0,0,0,0,0,0,0,0,0,231,Train
0.43366329,0.357386932,0.776555383,0,0,0,1,0,0,0,0,0,0,0,0,0,0,0,1,0,0,0,0,299,Train
-0.447017946,-0.935387468,0.009818613,0,0,0,1,0,0,0,0,0,1,0,0,0,0,0,0,0,0,0,0,252,Train
-1.00745146,-0.935387468,-0.91026551,0,0,1,0,0,0,0,0,0,0,0,0,0,0,0,0,0,1,0,0,197,Train
-1.167575321,-0.935387468,-1.293633895,1,0,0,0,0,0,0,0,0,0,0,0,0,0,0,1,0,0,0,0,198,Train
1.554530319,1.650161332,1.581628991,0,0,0,1,0,0,0,0,0,0,1,0,0,0,0,0,0,0,0,0,343,Train
-1.327699183,-0.935387468,-1.063612864,0,0,0,1,1,0,0,0,0,0,0,0,0,0,0,0,0,0,0,0,184,Train
-1.247637252,-0.935387468,-1.523654926,0,0,0,1,1,0,0,0,0,0,0,0,0,0,0,0,0,0,0,0,158,Train
-0.607141807,-0.935387468,-0.181865579,0,0,0,1,0,0,0,0,0,0,0,0,0,0,1,0,0,0,0,0,240,Train
-0.847327599,-0.935387468,-0.833591833,0,0,0,1,0,0,1,0,0,0,0,0,0,0,0,0,0,0,0,0,203,Train
-0.847327599,-0.935387468,-0.603570802,0,0,1,0,0,0,0,0,0,0,0,0,0,0,0,1,0,0,0,0,215,Train
-0.847327599,-0.935387468,-0.181865579,0,0,1,0,0,0,0,0,0,0,0,0,0,0,0,1,0,0,0,0,242,Train
0.43366329,0.357386932,-0.181865579,0,0,0,1,0,1,0,0,0,0,0,0,0,0,0,0,0,0,0,0,240,Train
-1.167575321,-0.935387468,-1.561991764,1,0,0,0,0,0,1,0,0,0,0,0,0,0,0,0,0,0,0,0,180,Train
-0.447017946,-0.935387468,-1.868686472,0,0,0,1,0,0,1,0,0,0,0,0,0,0,0,0,0,0,0,0,139,Train
-1.247637252,-0.935387468,-1.446981249,0,0,0,1,0,0,0,0,0,0,0,0,0,1,0,0,0,0,0,0,164,Train
-0.046708293,0.357386932,0.048155452,0,0,1,0,0,0,0,0,0,0,0,0,0,0,0,1,0,0,0,0,257,Train
-0.046708293,0.357386932,-0.450223449,1,0,0,0,0,0,0,0,0,0,0,0,0,0,0,0,1,0,0,0,256,Train
-1.167575321,-0.935387468,-1.063612864,0,0,1,0,0,0,0,0,0,0,0,0,0,0,0,0,0,1,0,0,184,Train
0.43366329,0.357386932,0.278176483,0,0,0,1,0,1,0,0,0,0,0,0,0,0,0,0,0,0,0,0,264,Train
0.753911013,1.650161332,0.929902737,0,0,1,0,0,1,0,0,0,0,0,0,0,0,0,0,0,0,0,0,308,Train
-0.527079877,-0.935387468,-0.565233964,0,0,0,1,0,0,0,0,0,0,0,0,0,0,0,1,0,0,0,0,220,Train
-0.847327599,-0.935387468,-0.795254995,0,0,0,1,0,0,0,0,0,0,0,0,0,1,0,0,0,0,0,0,206,Train
-0.847327599,-0.935387468,-0.335212933,0,0,1,0,0,0,0,0,0,0,0,0,0,0,0,1,0,0,0,0,231,Train
-0.607141807,-0.935387468,-0.181865579,0,0,0,1,0,0,0,0,0,0,0,0,0,0,1,0,0,0,0,0,242,Train
-0.527079877,-0.935387468,-1.140286541,0,0,0,1,0,0,0,0,0,0,0,0,0,0,0,1,0,0,0,0,179,Train
0.994096805,0.357386932,0.431523836,0,0,0,1,0,0,0,0,0,0,1,0,0,0,0,0,0,0,0,0,274,Train
-0.046708293,0.357386932,-0.028518225,0,0,1,0,1,0,0,0,0,0,0,0,0,0,0,0,0,0,0,0,235,Train
1.794716111,1.650161332,1.159923768,0,0,0,1,0,0,0,0,0,0,0,0,0,0,0,0,1,0,0,0,317,Train
-1.167575321,-0.935387468,-1.025276026,0,0,1,0,0,0,0,0,0,0,0,0,0,0,0,0,0,1,0,0,186,Train
0.35360136,0.357386932,0.508197513,0,0,0,1,0,0,0,0,0,0,1,0,0,0,0,0,0,0,0,0,284,Train
-1.167575321,-0.935387468,-1.446981249,0,0,0,1,0,0,0,0,0,0,0,0,0,0,1,0,0,0,0,0,161,Train
-0.527079877,-0.935387468,-0.335212933,0,0,0,1,0,0,0,0,0,0,0,1,0,0,0,0,0,0,0,0,232,Train
-1.327699183,-0.935387468,-1.063612864,0,0,0,1,0,0,1,0,0,0,0,0,0,0,0,0,0,0,0,0,184,Train
-0.847327599,-0.935387468,-0.450223449,0,0,1,0,0,0,0,0,0,0,0,0,0,0,0,1,0,0,0,0,225,Train
-0.847327599,-0.935387468,-0.220202418,0,0,1,0,1,0,0,0,0,0,0,0,0,0,0,0,0,0,0,0,235,Train
-0.046708293,0.357386932,-0.066855064,0,0,1,0,0,0,0,0,0,0,0,0,0,0,0,1,0,0,0,0,246,Train
-0.847327599,-0.935387468,-0.181865579,0,0,1,0,0,0,0,0,0,0,0,0,0,0,0,1,0,0,0,0,240,Train
0.43366329,0.357386932,1.466618475,0,1,0,0,0,1,0,0,0,0,0,0,0,0,0,0,0,0,0,0,245,Train
-0.847327599,-0.935387468,0.08649229,0,0,0,1,0,0,0,0,0,0,0,0,0,0,0,1,0,0,0,0,259,Train
1.794716111,1.650161332,2.195018406,0,0,0,1,0,0,0,0,0,0,0,0,0,0,0,0,0,0,1,0,380,Train
-0.847327599,-0.935387468,-0.526897125,0,0,1,0,1,0,0,0,0,0,0,0,0,0,0,0,0,0,0,0,219,Train
-0.847327599,-0.935387468,-0.450223449,0,0,1,0,0,0,1,0,0,0,0,0,0,0,0,0,0,0,0,0,226,Train
0.43366329,0.357386932,0.776555383,0,0,1,0,0,1,0,0,0,0,0,0,0,0,0,0,0,0,0,0,302,Train
-0.046708293,0.357386932,-0.296876095,0,0,1,0,1,0,0,0,0,0,0,0,0,0,0,0,0,0,0,0,230,Train
1.234282596,1.650161332,0.814892221,0,0,1,0,0,0,1,0,0,0,0,0,0,0,0,0,0,0,0,0,303,Train
-1.247637252,-0.935387468,-0.641907641,0,0,0,1,0,0,0,0,0,0,0,0,0,0,0,1,0,0,0,0,214,Train
-0.286894085,0.357386932,-0.335212933,0,0,1,0,0,0,0,0,0,0,0,0,0,0,0,0,0,1,0,0,228,Train
-0.847327599,-0.935387468,-0.718581318,0,0,1,0,1,0,0,0,0,0,0,0,0,0,0,0,0,0,0,0,205,Train
-0.447017946,-0.935387468,-0.335212933,0,0,1,0,0,0,0,0,0,0,0,0,0,0,0,0,0,1,0,0,230,Train
0.35360136,0.357386932,0.163165967,0,0,1,0,0,0,0,0,0,0,0,0,0,0,1,0,0,0,0,0,262,Train
-1.00745146,-0.935387468,-0.91026551,0,0,1,0,0,0,0,0,0,0,0,0,0,0,0,0,0,1,0,0,197,Train
-0.847327599,-0.935387468,-0.603570802,0,0,1,0,0,0,1,0,0,0,0,0,0,0,0,0,0,0,0,0,217,Train
-0.447017946,-0.935387468,-1.140286541,0,0,0,1,0,0,1,0,0,0,0,0,0,0,0,0,0,0,0,0,187,Train
-0.847327599,-0.935387468,-1.446981249,0,0,0,1,1,0,0,0,0,0,0,0,0,0,0,0,0,0,0,0,165,Train
-0.847327599,-0.935387468,-0.680244479,0,0,0,1,0,0,0,0,0,0,0,0,0,1,0,0,0,0,0,0,211,Train
-1.00745146,-0.935387468,-1.485318087,0,0,0,1,0,0,1,0,0,0,0,0,0,0,0,0,0,0,0,0,163,Train
-0.286894085,0.357386932,-0.603570802,0,0,1,0,0,0,0,0,0,0,0,0,0,0,0,0,0,1,0,0,212,Train
0.753911013,1.650161332,-0.028518225,0,0,1,0,0,0,1,0,0,0,0,0,0,0,0,0,0,0,0,0,249,Train
-0.046708293,0.357386932,-0.296876095,0,0,1,0,1,0,0,0,0,0,0,0,0,0,0,0,0,0,0,0,230,Train
-0.847327599,-0.935387468,-1.216960218,0,0,1,0,1,0,0,0,0,0,0,0,0,0,0,0,0,0,0,0,177,Train
-1.327699183,-0.935387468,-0.948602349,0,0,0,1,0,0,0,0,0,0,0,0,0,0,0,1,0,0,0,0,194,Train
0.35360136,0.357386932,1.006576414,0,0,0,1,0,0,0,0,0,0,0,0,0,0,0,0,1,0,0,0,315,Train
-0.847327599,-0.935387468,-0.871928672,0,0,0,1,1,0,0,0,0,0,0,0,0,0,0,0,0,0,0,0,200,Train
-0.046708293,0.357386932,0.738218544,0,0,1,0,0,0,0,0,0,0,0,0,0,0,0,0,1,0,0,0,296,Train
-1.167575321,-0.935387468,-0.871928672,0,0,1,0,1,0,0,0,0,0,0,0,0,0,0,0,0,0,0,0,196,Train
-0.847327599,-0.935387468,-0.335212933,0,0,1,0,0,0,0,0,0,0,0,0,0,0,0,1,0,0,0,0,232,Train
-0.447017946,-0.935387468,1.504955314,0,1,0,0,0,0,0,0,0,0,0,1,0,0,0,0,0,0,0,0,242,Train
-0.847327599,-0.935387468,-0.680244479,0,0,0,1,0,0,0,0,0,0,0,0,0,0,0,1,0,0,0,0,207,Train
1.554530319,1.650161332,1.428281637,0,0,0,1,0,0,0,0,0,0,1,0,0,0,0,0,0,0,0,0,341,Train
0.35360136,0.357386932,-0.335212933,0,0,0,1,0,0,0,0,0,0,0,0,1,0,0,0,0,0,0,0,232,Train
-0.847327599,-0.935387468,-1.983696988,0,0,0,1,0,0,1,0,0,0,0,0,0,0,0,0,0,0,0,0,132,Train
-1.167575321,-0.935387468,-0.526897125,0,0,0,1,0,0,1,0,0,0,0,0,0,0,0,0,0,0,0,0,221,Train
2.114963833,1.650161332,0.891565898,0,0,1,0,0,0,1,0,0,0,0,0,0,0,0,0,0,0,0,0,307,Train
-0.447017946,-0.935387468,-1.101949703,0,0,0,1,0,0,1,0,0,0,0,0,0,0,0,0,0,0,0,0,186,Train
-0.046708293,0.357386932,-0.143528741,0,0,1,0,0,1,0,0,0,0,0,0,0,0,0,0,0,0,0,0,242,Train
0.43366329,0.357386932,-0.181865579,0,0,0,1,0,0,1,0,0,0,0,0,0,0,0,0,0,0,0,0,241,Train
-1.327699183,-0.935387468,-1.025276026,0,0,0,1,0,0,0,0,0,0,0,0,0,0,0,1,0,0,0,0,190,Train
0.43366329,0.357386932,0.469860675,0,0,0,1,0,0,0,0,0,0,0,0,0,0,0,1,0,0,0,0,276,Train
-0.847327599,-0.935387468,-0.641907641,0,0,0,1,0,1,0,0,0,0,0,0,0,0,0,0,0,0,0,0,209,Train
-0.046708293,0.357386932,0.239839644,0,0,1,0,0,0,0,1,0,0,0,0,0,0,0,0,0,0,0,0,266,Train
0.43366329,0.357386932,0.393186998,0,0,0,1,0,0,0,0,0,0,0,0,0,0,0,0,1,0,0,0,276,Train
-1.327699183,-0.935387468,-1.140286541,0,0,0,1,0,0,0,1,0,0,0,0,0,0,0,0,0,0,0,0,183,Train
-0.046708293,0.357386932,-0.565233964,0,0,1,0,0,0,1,0,0,0,0,0,0,0,0,0,0,0,0,0,214,Train
-0.046708293,0.357386932,-0.220202418,0,0,1,0,0,0,0,0,0,0,0,0,0,0,1,0,0,0,0,0,239,Train
-0.847327599,-0.935387468,-0.565233964,0,0,1,0,0,0,0,0,0,0,0,0,0,1,0,0,0,0,0,0,218,Train
-1.487823044,-1.581774668,-1.830349634,0,0,0,1,1,0,0,0,0,0,0,0,0,0,0,0,0,0,0,0,141,Train
-0.847327599,-0.935387468,-0.603570802,0,0,1,0,1,0,0,0,0,0,0,0,0,0,0,0,0,0,0,0,215,Train
-0.847327599,-0.935387468,-0.526897125,0,0,1,0,0,0,0,0,0,0,0,0,0,0,1,0,0,0,0,0,220,Train
0.113415568,0.357386932,-0.296876095,0,0,0,1,0,0,0,0,0,0,0,0,0,0,0,1,0,0,0,0,234,Train
-0.847327599,-0.935387468,-0.680244479,0,0,1,0,0,0,0,0,0,0,0,0,0,0,1,0,0,0,0,0,211,Train
2.034901902,1.650161332,0.623208029,0,0,1,0,0,0,1,0,0,0,0,0,0,0,0,0,0,0,0,0,285,Train
1.394406458,1.650161332,0.814892221,0,0,1,0,0,1,0,0,0,0,0,0,0,0,0,0,0,0,0,0,297,Train
-0.286894085,0.357386932,0.661544867,0,0,0,1,0,0,0,0,0,0,1,0,0,0,0,0,0,0,0,0,293,Train
-0.847327599,-0.935387468,-0.488560287,0,0,1,0,0,0,1,0,0,0,0,0,0,0,0,0,0,0,0,0,224,Train
-0.847327599,-0.935387468,-0.680244479,0,0,1,0,0,0,0,0,0,0,0,0,0,0,0,1,0,0,0,0,211,Train
0.43366329,0.357386932,0.35485016,0,0,0,1,0,0,0,0,0,1,0,0,0,0,0,0,0,0,0,0,273,Train
0.593787152,1.650161332,1.428281637,0,0,1,0,0,1,0,0,0,0,0,0,0,0,0,0,0,0,0,0,334,Train
-0.046708293,0.357386932,0.699881706,0,0,1,0,1,0,0,0,0,0,0,0,0,0,0,0,0,0,0,0,294,Train
0.273539429,0.357386932,-0.258539256,0,0,1,0,0,0,0,1,0,0,0,0,0,0,0,0,0,0,0,0,232,Train
-1.247637252,-0.935387468,-0.795254995,0,0,0,1,0,0,1,0,0,0,0,0,0,0,0,0,0,0,0,0,203,Train
-1.247637252,-1.581774668,-1.101949703,0,0,1,0,0,0,0,0,0,0,0,0,0,0,1,0,0,0,0,0,184,Train
2.515273486,1.650161332,1.543292152,0,0,1,0,1,0,0,0,0,0,0,0,0,0,0,0,0,0,0,0,340,Train
-0.847327599,-0.935387468,-1.216960218,0,0,0,1,1,0,0,0,0,0,0,0,0,0,0,0,0,0,0,0,175,Train
1.794716111,1.650161332,2.463376276,0,1,0,0,0,0,0,0,0,0,1,0,0,0,0,0,0,0,0,0,286,Train
0.753911013,1.650161332,0.048155452,0,0,1,0,0,1,0,0,0,0,0,0,0,0,0,0,0,0,0,0,255,Train
0.35360136,0.357386932,-0.220202418,0,0,1,0,0,0,0,0,0,0,0,0,0,0,1,0,0,0,0,0,235,Train
-0.847327599,-0.935387468,-0.450223449,0,0,1,0,0,0,1,0,0,0,0,0,0,0,0,0,0,0,0,0,226,Train
2.515273486,1.650161332,1.274934283,0,0,1,0,0,0,0,0,0,0,1,0,0,0,0,0,0,0,0,0,331,Train
2.034901902,1.650161332,0.776555383,0,0,1,0,0,0,1,0,0,0,0,0,0,0,0,0,0,0,0,0,294,Train
0.43366329,0.357386932,0.431523836,0,0,0,1,0,0,0,0,0,0,0,0,0,0,0,0,1,0,0,0,278,Train
1.554530319,1.650161332,0.929902737,0,0,1,0,0,1,0,0,0,0,0,0,0,0,0,0,0,0,0,0,304,Train
1.234282596,1.650161332,1.313271121,0,0,0,1,0,0,0,0,0,0,1,0,0,0,0,0,0,0,0,0,334,Train
0.753911013,1.650161332,2.386702599,0,0,1,0,0,0,0,0,0,0,0,0,0,0,0,0,1,0,0,0,396,Train
0.43366329,0.357386932,0.776555383,0,0,0,1,0,0,0,0,0,0,0,0,0,0,0,0,1,0,0,0,294,Train
-0.046708293,0.357386932,0.393186998,0,0,1,0,0,0,0,0,0,0,0,0,0,0,1,0,0,0,0,0,278,Train
1.794716111,1.650161332,0.546534352,0,0,0,1,0,0,0,0,0,0,1,0,0,0,0,0,0,0,0,0,288,Train
-0.046708293,0.357386932,-0.373549772,0,0,1,0,0,0,0,1,0,0,0,0,0,0,0,0,0,0,0,0,228,Train
0.193477499,0.357386932,0.661544867,0,0,0,1,0,0,0,0,1,0,0,0,0,0,0,0,0,0,0,0,296,Train
0.753911013,0.357386932,1.159923768,0,0,0,1,0,0,0,0,0,0,0,0,0,0,0,0,1,0,0,0,321,Train
-0.046708293,0.357386932,-0.143528741,0,0,1,0,0,0,0,0,0,0,0,0,0,0,1,0,0,0,0,0,244,Train
-1.167575321,-0.935387468,-0.526897125,0,0,0,1,0,0,0,0,0,0,0,0,0,0,0,1,0,0,0,0,220,Train
-0.847327599,-0.935387468,-1.063612864,1,0,0,0,0,0,0,0,0,0,0,0,0,0,0,1,0,0,0,0,211,Train
-1.327699183,-0.935387468,-1.140286541,0,0,0,1,0,0,1,0,0,0,0,0,0,0,0,0,0,0,0,0,184,Train
-0.847327599,-0.935387468,-1.140286541,0,0,0,1,0,0,0,0,0,0,0,0,0,1,0,0,0,0,0,0,179,Train
-0.847327599,-0.935387468,-0.565233964,0,0,0,1,0,0,0,0,0,0,0,0,0,0,0,1,0,0,0,0,214,Train
0.35360136,0.357386932,-0.296876095,0,0,1,0,0,0,1,0,0,0,0,0,0,0,0,0,0,0,0,0,235,Train
-1.167575321,-0.935387468,-2.290391696,0,0,0,1,0,0,0,0,0,0,0,0,0,1,0,0,0,0,0,0,114,Train
-1.247637252,-1.581774668,-1.17862338,0,0,1,0,0,0,0,0,0,0,0,0,0,0,1,0,0,0,0,0,181,Train
0.593787152,0.357386932,0.124829129,0,0,0,1,0,0,0,0,0,0,0,0,0,0,0,0,1,0,0,0,265,Train
-0.046708293,0.357386932,-0.143528741,0,0,1,0,0,0,1,0,0,0,0,0,0,0,0,0,0,0,0,0,245,Train
-1.167575321,-0.935387468,-0.795254995,0,0,1,0,1,0,0,0,0,0,0,0,0,0,0,0,0,0,0,0,200,Train
-1.647946905,-1.581774668,-1.600328603,0,0,0,1,0,0,0,0,0,0,0,0,0,0,1,0,0,0,0,0,153,Train
0.513725221,0.357386932,0.431523836,0,0,1,0,0,0,0,0,0,0,0,0,0,1,0,0,0,0,0,0,279,Train
-0.046708293,0.357386932,-0.105191902,0,0,1,0,0,0,0,1,0,0,0,0,0,0,0,0,0,0,0,0,246,Train
-0.206832154,-0.935387468,-0.258539256,1,0,0,0,0,0,0,0,0,1,0,0,0,0,0,0,0,0,0,0,270,Train
0.43366329,0.357386932,-0.105191902,0,0,0,1,1,0,0,0,0,0,0,0,0,0,0,0,0,0,0,0,242,Train
-0.046708293,0.357386932,0.546534352,0,0,1,0,0,0,1,0,0,0,0,0,0,0,0,0,0,0,0,0,281,Train
-0.527079877,-0.935387468,-0.718581318,0,0,0,1,1,0,0,0,0,0,0,0,0,0,0,0,0,0,0,0,206,Train
0.35360136,0.357386932,0.08649229,0,0,0,1,0,0,0,0,0,0,0,0,0,0,0,1,0,0,0,0,257,Train
-0.046708293,0.357386932,-0.143528741,0,0,1,0,0,0,0,1,0,0,0,0,0,0,0,0,0,0,0,0,242,Train
1.794716111,1.650161332,1.006576414,0,0,0,1,0,0,0,0,0,0,0,0,0,0,0,0,1,0,0,0,314,Train
0.35360136,0.357386932,-0.948602349,0,0,0,1,0,0,0,0,0,0,0,0,0,0,0,0,1,0,0,0,193,Train
-0.447017946,-0.935387468,-1.868686472,0,0,0,1,0,0,1,0,0,0,0,0,0,0,0,0,0,0,0,0,136,Train
-0.847327599,-0.935387468,-0.91026551,0,0,1,0,1,0,0,0,0,0,0,0,0,0,0,0,0,0,0,0,200,Train
-0.847327599,-0.935387468,-0.296876095,0,0,0,1,0,0,0,0,0,0,0,0,0,0,0,1,0,0,0,0,233,Train
0.43366329,0.357386932,0.278176483,0,0,0,1,0,1,0,0,0,0,0,0,0,0,0,0,0,0,0,0,271,Train
-1.00745146,-0.935387468,-1.945360149,0,0,0,1,1,0,0,0,0,0,0,0,0,0,0,0,0,0,0,0,132,Train
-0.447017946,-0.935387468,-0.488560287,0,0,0,1,0,0,0,0,0,0,0,0,0,0,0,1,0,0,0,0,222,Train
1.074158735,1.650161332,1.159923768,0,0,1,0,0,0,0,0,0,0,0,0,0,0,0,0,1,0,0,0,322,Train
-1.167575321,-0.935387468,-0.948602349,0,0,1,0,0,0,0,0,0,0,0,0,0,0,0,0,0,1,0,0,191,Train
1.71465418,2.942935732,1.888323699,0,0,1,0,0,0,0,0,0,0,0,0,0,0,0,0,0,1,0,0,370,Train
-0.046708293,0.357386932,-0.258539256,0,0,1,0,0,0,0,1,0,0,0,0,0,0,0,0,0,0,0,0,237,Train
-0.847327599,-0.935387468,-0.718581318,0,0,1,0,0,0,0,0,0,0,0,0,0,0,1,0,0,0,0,0,210,Train
-0.847327599,-0.935387468,-0.948602349,0,0,0,1,0,0,1,0,0,0,0,0,0,0,0,0,0,0,0,0,191,Train
0.43366329,0.357386932,0.35485016,0,0,0,1,0,0,0,0,0,0,0,0,0,0,1,0,0,0,0,0,274,Train
-0.447017946,-0.935387468,-0.833591833,0,0,0,1,0,0,0,0,0,0,0,0,0,0,0,1,0,0,0,0,203,Train
-0.847327599,-0.935387468,-1.446981249,0,0,0,1,0,0,1,0,0,0,0,0,0,0,0,0,0,0,0,0,165,Train
1.794716111,1.650161332,2.501713114,0,1,0,0,0,0,0,0,0,0,1,0,0,0,0,0,0,0,0,0,277,Train
-0.046708293,0.357386932,0.431523836,0,0,1,0,0,0,0,0,0,0,0,0,0,0,0,0,1,0,0,0,274,Train
-1.167575321,-0.935387468,-0.833591833,0,0,0,1,0,1,0,0,0,0,0,0,0,0,0,0,0,0,0,0,205,Train
0.593787152,0.357386932,0.239839644,0,0,1,0,0,0,0,1,0,0,0,0,0,0,0,0,0,0,0,0,267,Train
0.35360136,0.357386932,1.926660537,0,1,0,0,0,0,0,0,0,0,1,0,0,0,0,0,0,0,0,0,258,Train
-1.167575321,-0.935387468,-1.17862338,0,0,0,1,1,0,0,0,0,0,0,0,0,0,0,0,0,0,0,0,177,Train
1.794716111,1.650161332,3.191776207,0,1,0,0,0,0,0,0,0,0,0,0,0,0,0,0,1,0,0,0,306,Train
0.994096805,0.357386932,0.431523836,0,0,0,1,0,0,0,0,0,0,1,0,0,0,0,0,0,0,0,0,274,Train
-1.327699183,-0.935387468,-1.255297057,0,0,0,1,1,0,0,0,0,0,0,0,0,0,0,0,0,0,0,0,175,Train
-0.527079877,-0.935387468,-0.488560287,0,0,0,1,0,0,0,0,0,0,0,0,0,0,0,1,0,0,0,0,222,Train
0.513725221,0.357386932,0.163165967,0,0,0,1,0,1,0,0,0,0,0,0,0,0,0,0,0,0,0,0,258,Train
1.314344527,1.650161332,0.546534352,0,0,1,0,0,0,1,0,0,0,0,0,0,0,0,0,0,0,0,0,281,Train
-0.447017946,-0.935387468,-1.101949703,0,0,0,1,0,0,1,0,0,0,0,0,0,0,0,0,0,0,0,0,182,Train
0.35360136,0.357386932,2.501713114,0,0,1,0,0,0,0,0,0,0,0,0,0,0,0,0,0,1,0,0,406,Train
1.794716111,1.650161332,3.191776207,0,1,0,0,0,0,0,0,0,0,0,0,0,0,0,0,1,0,0,0,319,Train
0.753911013,0.357386932,1.274934283,0,0,1,0,0,0,0,0,0,0,0,0,0,0,0,0,0,1,0,0,334,Train
-0.447017946,-0.935387468,-0.335212933,0,0,0,1,0,0,0,0,0,0,0,1,0,0,0,0,0,0,0,0,228,Train
2.515273486,1.650161332,1.35160796,0,0,1,0,0,0,0,0,0,0,0,0,0,0,0,0,0,1,0,0,336,Train
-0.847327599,-0.935387468,-0.718581318,0,0,0,1,0,0,1,0,0,0,0,0,0,0,0,0,0,0,0,0,210,Train
-1.407761113,-0.935387468,-1.753675957,0,0,0,1,0,0,0,1,0,0,0,0,0,0,0,0,0,0,0,0,143,Train
-0.847327599,-0.935387468,-0.028518225,0,0,1,0,0,0,0,0,0,0,0,0,0,0,0,1,0,0,0,0,252,Train
0.35360136,0.357386932,-0.181865579,0,0,0,1,0,0,0,0,0,0,0,0,0,0,0,1,0,0,0,0,240,Train
-0.847327599,-0.935387468,-0.028518225,0,0,1,0,0,0,1,0,0,0,0,0,0,0,0,0,0,0,0,0,246,Train
-0.607141807,-0.935387468,-0.526897125,0,0,0,1,0,0,0,0,0,0,0,0,0,0,1,0,0,0,0,0,216,Train
0.35360136,0.357386932,0.508197513,0,0,0,1,0,0,0,0,0,1,0,0,0,0,0,0,0,0,0,0,283,Train
0.43366329,0.357386932,0.546534352,0,0,0,1,0,0,0,0,0,0,0,0,0,0,0,0,1,0,0,0,286,Train
-1.247637252,-0.935387468,-1.216960218,0,0,0,1,0,0,1,0,0,0,0,0,0,0,0,0,0,0,0,0,179,Train
-0.847327599,-0.935387468,-1.331970734,1,0,0,0,0,0,0,0,0,0,0,0,0,1,0,0,0,0,0,0,196,Train
0.35360136,0.357386932,-0.066855064,0,0,0,1,0,0,0,0,1,0,0,0,0,0,0,0,0,0,0,0,244,Train
0.113415568,0.357386932,0.009818613,0,0,0,1,0,0,0,0,0,0,0,0,0,0,0,1,0,0,0,0,248,Train
-0.847327599,-0.935387468,-0.718581318,0,0,1,0,0,0,0,0,0,0,0,0,0,0,1,0,0,0,0,0,205,Train
-0.046708293,0.357386932,0.35485016,0,0,1,0,1,0,0,0,0,0,0,0,0,0,0,0,0,0,0,0,273,Train
-0.847327599,-0.935387468,-0.641907641,0,0,1,0,1,0,0,0,0,0,0,0,0,0,0,0,0,0,0,0,213,Train
1.314344527,1.650161332,0.929902737,0,0,1,0,1,0,0,0,0,0,0,0,0,0,0,0,0,0,0,0,304,Train
-0.527079877,-0.935387468,-1.025276026,0,0,0,1,0,1,0,0,0,0,0,0,0,0,0,0,0,0,0,0,191,Train
-0.847327599,-0.935387468,-0.680244479,0,0,0,1,0,0,1,0,0,0,0,0,0,0,0,0,0,0,0,0,207,Train
-1.247637252,-0.935387468,-1.561991764,0,0,0,1,0,0,1,0,0,0,0,0,0,0,0,0,0,0,0,0,157,Train
0.43366329,0.357386932,0.58487119,0,0,1,0,0,0,0,0,0,0,0,0,0,0,0,1,0,0,0,0,287,Train
-0.046708293,0.357386932,0.239839644,0,0,1,0,0,0,0,0,0,0,0,0,0,0,1,0,0,0,0,0,266,Train
-0.847327599,-0.935387468,-0.833591833,0,0,0,1,1,0,0,0,0,0,0,0,0,0,0,0,0,0,0,0,203,Train
-0.447017946,-0.289000268,-0.105191902,0,0,1,0,0,0,0,0,0,0,0,0,0,0,1,0,0,0,0,0,245,Train
-0.046708293,0.357386932,-0.220202418,0,0,1,0,0,1,0,0,0,0,0,0,0,0,0,0,0,0,0,0,238,Train
-0.046708293,0.357386932,-0.143528741,0,0,1,0,0,0,0,1,0,0,0,0,0,0,0,0,0,0,0,0,243,Train
0.753911013,1.650161332,0.163165967,0,0,1,0,0,1,0,0,0,0,0,0,0,0,0,0,0,0,0,0,261,Train
-0.847327599,-0.935387468,-0.603570802,0,0,1,0,0,0,1,0,0,0,0,0,0,0,0,0,0,0,0,0,215,Train
-0.847327599,-0.935387468,-0.795254995,0,0,1,0,0,0,0,0,0,0,0,0,0,0,1,0,0,0,0,0,200,Train
0.35360136,0.357386932,0.738218544,0,0,0,1,0,0,0,0,0,0,1,0,0,0,0,0,0,0,0,0,298,Train
0.35360136,0.357386932,2.233355245,0,0,1,0,0,0,0,0,0,0,0,0,0,0,0,0,0,1,0,0,393,Train
0.35360136,0.357386932,0.58487119,0,0,0,1,0,0,0,0,0,0,1,0,0,0,0,0,0,0,0,0,288,Train
-0.847327599,-0.935387468,-0.028518225,0,0,1,0,0,0,0,0,0,0,0,0,0,0,0,1,0,0,0,0,246,Train
-0.447017946,-0.935387468,-1.907023311,0,0,0,1,0,0,0,0,0,0,0,0,0,0,0,1,0,0,0,0,136,Train
1.554530319,1.650161332,0.738218544,0,0,0,1,0,0,0,0,0,0,0,0,0,0,1,0,0,0,0,0,292,Train
-0.527079877,-0.935387468,0.124829129,0,0,0,1,0,0,0,0,0,0,0,0,0,0,0,1,0,0,0,0,259,Train
-1.00745146,-0.935387468,-0.795254995,0,0,0,1,0,0,0,0,0,0,0,0,0,0,1,0,0,0,0,0,200,Train
-0.847327599,-0.935387468,-0.641907641,0,0,1,0,0,0,0,0,0,0,0,0,0,1,0,0,0,0,0,0,213,Train
0.35360136,0.357386932,0.623208029,0,0,0,1,0,0,0,0,0,0,0,0,0,0,0,1,0,0,0,0,291,Train
1.314344527,1.650161332,1.658302668,0,0,1,0,0,0,0,0,0,0,0,0,0,0,1,0,0,0,0,0,355,Train
0.273539429,0.357386932,-0.373549772,0,0,1,0,0,0,0,0,0,0,0,0,0,0,0,0,0,1,0,0,225,Train
-0.527079877,-0.935387468,0.124829129,0,0,0,1,0,0,0,0,0,0,0,0,0,0,0,1,0,0,0,0,255,Train
-1.487823044,-1.581774668,-1.600328603,0,0,0,1,1,0,0,0,0,0,0,0,0,0,0,0,0,0,0,0,155,Train
-0.046708293,0.357386932,-1.101949703,1,0,0,0,0,0,1,0,0,0,0,0,0,0,0,0,0,0,0,0,213,Train
-0.046708293,0.357386932,-0.258539256,0,0,1,0,0,0,0,0,0,0,0,0,0,0,0,0,0,1,0,0,237,Train
-0.046708293,0.357386932,-0.718581318,1,0,0,0,0,0,0,0,0,0,1,0,0,0,0,0,0,0,0,0,238,Train
-0.046708293,0.357386932,-0.296876095,0,0,1,0,0,1,0,0,0,0,0,0,0,0,0,0,0,0,0,0,235,Train
-0.847327599,-0.935387468,-0.718581318,0,0,1,0,0,0,0,0,0,0,0,0,0,0,1,0,0,0,0,0,211,Train
2.114963833,1.650161332,1.236597445,0,0,0,1,0,0,0,0,0,0,0,0,0,0,0,0,1,0,0,0,328,Train
0.43366329,0.357386932,-0.066855064,0,0,0,1,0,0,0,0,0,0,0,0,0,0,0,1,0,0,0,0,250,Train
2.515273486,1.650161332,0.431523836,0,0,1,0,0,0,0,0,0,0,0,0,0,0,0,0,0,1,0,0,278,Train
-0.206832154,-0.935387468,-0.105191902,1,0,0,0,0,0,0,0,0,1,0,0,0,0,0,0,0,0,0,0,283,Train
-0.286894085,0.357386932,-0.066855064,0,0,0,1,0,0,0,0,0,0,1,0,0,0,0,0,0,0,0,0,249,Train
0.753911013,1.650161332,0.623208029,0,0,1,0,0,0,0,0,0,0,0,0,0,0,1,0,0,0,0,0,291,Train
-0.847327599,-0.935387468,-0.335212933,0,0,1,0,0,0,0,0,0,0,0,0,0,1,0,0,0,0,0,0,231,Train
0.513725221,0.357386932,0.35485016,0,0,1,0,0,0,1,0,0,0,0,0,0,0,0,0,0,0,0,0,274,Train
-1.167575321,-0.935387468,-1.293633895,0,0,0,1,0,1,0,0,0,0,0,0,0,0,0,0,0,0,0,0,175,Train
-0.286894085,0.357386932,0.08649229,0,0,0,1,0,0,0,0,0,0,1,0,0,0,0,0,0,0,0,0,258,Train
-0.847327599,-0.935387468,-0.603570802,0,0,1,0,0,0,0,0,0,0,0,0,0,0,1,0,0,0,0,0,212,Train
-0.046708293,0.357386932,0.968239575,0,0,1,0,0,0,0,0,0,0,0,0,0,0,0,0,1,0,0,0,306,Train
0.43366329,0.357386932,0.623208029,0,0,0,1,0,0,0,0,0,0,0,0,0,0,0,0,1,0,0,0,292,Train
-0.847327599,-0.935387468,-0.488560287,0,0,1,0,0,0,0,0,0,0,0,0,0,0,1,0,0,0,0,0,222,Train
-0.847327599,-0.935387468,-0.565233964,0,0,0,1,0,1,0,0,0,0,0,0,0,0,0,0,0,0,0,0,222,Train
0.753911013,1.650161332,0.163165967,0,0,1,0,0,0,1,0,0,0,0,0,0,0,0,0,0,0,0,0,261,Train
0.994096805,0.357386932,1.044913252,0,0,0,1,0,0,0,0,0,0,1,0,0,0,0,0,0,0,0,0,317,Train
-0.046708293,0.357386932,0.009818613,0,0,1,0,0,0,1,0,0,0,0,0,0,0,0,0,0,0,0,0,253,Train
-1.487823044,-0.935387468,-1.485318087,0,0,0,1,0,0,0,0,0,0,0,0,0,0,1,0,0,0,0,0,159,Train
1.554530319,1.650161332,2.770070984,0,1,0,0,0,0,0,0,0,0,1,0,0,0,0,0,0,0,0,0,300,Train
-0.847327599,-0.935387468,-0.986939187,0,0,0,1,1,0,0,0,0,0,0,0,0,0,0,0,0,0,0,0,191,Train
-0.046708293,0.357386932,-0.565233964,0,0,1,0,0,1,0,0,0,0,0,0,0,0,0,0,0,0,0,0,214,Train
0.35360136,0.357386932,-0.41188661,0,0,0,1,0,0,1,0,0,0,0,0,0,0,0,0,0,0,0,0,225,Train
-0.847327599,-0.935387468,-0.641907641,0,0,0,1,0,0,0,0,0,0,0,0,0,0,0,1,0,0,0,0,209,Train
-0.847327599,-0.935387468,-0.450223449,0,0,1,0,0,1,0,0,0,0,0,0,0,0,0,0,0,0,0,0,224,Train
2.515273486,1.650161332,2.233355245,0,0,1,0,0,0,1,0,0,0,0,0,0,0,0,0,0,0,0,0,382,Train
-0.847327599,-0.935387468,-1.025276026,0,0,0,1,0,0,0,0,0,0,0,0,0,0,1,0,0,0,0,0,189,Train
-0.286894085,0.357386932,0.393186998,0,0,0,1,0,0,0,0,0,0,1,0,0,0,0,0,0,0,0,0,277,Train
-0.046708293,0.357386932,-0.526897125,1,0,0,0,0,0,0,0,0,0,1,0,0,0,0,0,0,0,0,0,252,Train
-0.847327599,-0.935387468,-0.680244479,0,0,1,0,0,0,0,0,0,0,0,0,0,0,1,0,0,0,0,0,210,Train
-0.447017946,-0.935387468,-0.948602349,0,0,0,1,0,0,1,0,0,0,0,0,0,0,0,0,0,0,0,0,193,Train
-0.847327599,-0.935387468,-0.41188661,0,0,1,0,0,0,0,0,0,0,0,0,0,0,0,1,0,0,0,0,226,Train
0.43366329,0.357386932,1.543292152,0,1,0,0,0,1,0,0,0,0,0,0,0,0,0,0,0,0,0,0,237,Train
-0.447017946,-0.935387468,-0.373549772,0,0,0,1,0,0,0,0,0,0,0,0,0,0,0,1,0,0,0,0,229,Train
-0.046708293,0.357386932,-0.220202418,0,0,1,0,1,0,0,0,0,0,0,0,0,0,0,0,0,0,0,0,238,Train
0.35360136,0.357386932,-0.488560287,0,0,0,1,0,0,1,0,0,0,0,0,0,0,0,0,0,0,0,0,218,Train
0.35360136,0.357386932,1.313271121,0,0,0,1,0,0,0,0,0,0,0,0,0,0,0,0,1,0,0,0,333,Train
-0.847327599,-0.935387468,-0.296876095,0,0,0,1,0,0,0,0,0,0,0,0,0,0,0,1,0,0,0,0,233,Train
0.35360136,0.357386932,0.08649229,0,0,1,0,0,0,0,0,0,0,0,0,0,0,0,1,0,0,0,0,259,Train
-0.046708293,0.357386932,0.814892221,0,0,1,0,0,0,0,0,0,0,0,0,0,0,0,0,0,1,0,0,302,Train
0.35360136,0.357386932,0.239839644,0,0,0,1,0,0,0,0,0,1,0,0,0,0,0,0,0,0,0,0,267,Train
0.43366329,0.357386932,0.35485016,0,0,0,1,0,0,0,0,0,0,0,0,0,0,0,1,0,0,0,0,275,Train
0.753911013,1.650161332,0.278176483,0,0,1,0,0,0,0,0,0,0,0,0,0,0,0,0,0,1,0,0,270,Train
-0.847327599,-0.935387468,-0.948602349,0,0,0,1,0,0,1,0,0,0,0,0,0,0,0,0,0,0,0,0,191,Train
-1.167575321,-0.935387468,-0.488560287,0,0,0,1,0,0,0,0,0,0,0,1,0,0,0,0,0,0,0,0,218,Train
-0.847327599,-0.935387468,-0.181865579,0,0,1,0,1,0,0,0,0,0,0,0,0,0,0,0,0,0,0,0,240,Train
-0.847327599,-0.935387468,-0.488560287,0,0,0,1,1,0,0,0,0,0,0,0,0,0,0,0,0,0,0,0,226,Train
0.753911013,0.357386932,0.891565898,0,0,0,1,0,0,0,0,0,1,0,0,0,0,0,0,0,0,0,0,301,Train
1.074158735,1.650161332,1.159923768,0,0,1,0,1,0,0,0,0,0,0,0,0,0,0,0,0,0,0,0,324,Train
2.515273486,1.650161332,1.581628991,0,0,1,0,0,0,0,0,0,0,0,0,0,0,1,0,0,0,0,0,349,Train
0.593787152,0.357386932,0.239839644,0,0,1,0,0,0,0,1,0,0,0,0,0,0,0,0,0,0,0,0,267,Train
-0.847327599,-0.935387468,-0.603570802,0,0,1,0,0,0,1,0,0,0,0,0,0,0,0,0,0,0,0,0,214,Train
1.074158735,1.650161332,0.623208029,0,0,1,0,0,0,0,0,0,0,0,0,0,0,1,0,0,0,0,0,290,Train
-0.447017946,-0.935387468,-0.373549772,0,0,0,1,0,0,0,0,0,0,0,0,0,0,0,1,0,0,0,0,230,Train
0.43366329,0.357386932,0.08649229,0,0,0,1,0,0,1,0,0,0,0,0,0,0,0,0,0,0,0,0,258,Train
-0.847327599,-0.935387468,-0.105191902,0,0,0,1,0,0,0,0,0,0,0,0,0,0,0,1,0,0,0,0,245,Train
-1.167575321,-0.935387468,-0.756918156,0,0,0,1,1,0,0,0,0,0,0,0,0,0,0,0,0,0,0,0,202,Train
-0.847327599,-0.935387468,0.239839644,0,0,0,1,0,0,0,0,0,0,0,0,0,0,0,1,0,0,0,0,262,Train
-0.527079877,-0.935387468,-0.756918156,0,0,0,1,1,0,0,0,0,0,0,0,0,0,0,0,0,0,0,0,204,Train
0.914034874,1.650161332,1.466618475,0,0,1,0,0,0,0,0,0,0,0,0,0,0,0,0,0,1,0,0,336,Train
0.193477499,0.357386932,0.048155452,0,0,0,1,0,1,0,0,0,0,0,0,0,0,0,0,0,0,0,0,251,Train
0.35360136,0.357386932,0.738218544,0,0,0,1,0,0,0,0,0,0,1,0,0,0,0,0,0,0,0,0,298,Train
1.554530319,1.650161332,0.891565898,0,0,0,1,0,0,0,0,0,0,1,0,0,0,0,0,0,0,0,0,308,Train
0.513725221,0.357386932,0.35485016,0,0,1,0,0,0,0,0,0,0,0,0,0,0,1,0,0,0,0,0,269,Train
1.794716111,1.650161332,1.159923768,0,0,0,1,0,0,0,0,0,0,0,0,0,0,0,0,1,0,0,0,317,Train
-1.247637252,-0.935387468,-1.140286541,0,0,0,1,0,0,1,0,0,0,0,0,0,0,0,0,0,0,0,0,182,Train
-0.847327599,-0.935387468,-0.718581318,0,0,0,1,1,0,0,0,0,0,0,0,0,0,0,0,0,0,0,0,205,Train
-0.046708293,0.357386932,0.316513321,0,0,1,0,1,0,0,0,0,0,0,0,0,0,0,0,0,0,0,0,273,Train
-0.046708293,0.357386932,-0.143528741,0,0,1,0,0,0,0,1,0,0,0,0,0,0,0,0,0,0,0,0,243,Train
1.794716111,1.650161332,1.964997376,0,0,0,1,0,0,0,0,0,0,0,0,0,0,0,0,0,0,1,0,366,Train
-0.847327599,-0.935387468,-0.641907641,0,0,0,1,0,1,0,0,0,0,0,0,0,0,0,0,0,0,0,0,209,Train
2.114963833,1.650161332,0.776555383,0,0,0,1,0,1,0,0,0,0,0,0,0,0,0,0,0,0,0,0,294,Train
-0.046708293,0.357386932,-0.105191902,0,0,1,0,1,0,0,0,0,0,0,0,0,0,0,0,0,0,0,0,245,Train
-1.167575321,-0.935387468,-0.603570802,0,0,0,1,1,0,0,0,0,0,0,0,0,0,0,0,0,0,0,0,216,Train
-1.327699183,-0.935387468,-1.216960218,0,0,0,1,0,0,0,0,0,0,0,0,0,1,0,0,0,0,0,0,178,Train
-0.527079877,-0.935387468,-0.488560287,0,0,0,1,1,0,0,0,0,0,0,0,0,0,0,0,0,0,0,0,219,Train
-0.046708293,0.357386932,0.009818613,0,0,1,0,0,0,0,0,0,0,0,0,0,0,0,0,0,1,0,0,253,Train
-1.00745146,-0.935387468,-1.101949703,0,0,0,1,0,0,1,0,0,0,0,0,0,0,0,0,0,0,0,0,182,Train
0.43366329,0.357386932,0.278176483,0,0,0,1,1,0,0,0,0,0,0,0,0,0,0,0,0,0,0,0,265,Train
0.593787152,0.357386932,-0.066855064,0,0,1,0,0,0,0,1,0,0,0,0,0,0,0,0,0,0,0,0,244,Train
-0.847327599,-0.935387468,-1.561991764,1,0,0,0,0,0,0,0,0,0,0,0,0,1,0,0,0,0,0,0,180,Train
2.114963833,1.650161332,1.236597445,0,0,0,1,0,0,0,0,0,0,0,0,0,0,0,0,1,0,0,0,329,Train
-0.046708293,0.357386932,0.35485016,0,0,1,0,0,0,0,0,0,0,0,0,0,0,1,0,0,0,0,0,273,Train
-0.847327599,-0.935387468,-0.986939187,0,0,0,1,1,0,0,0,0,0,0,0,0,0,0,0,0,0,0,0,189,Train
-0.046708293,0.357386932,0.124829129,0,0,1,0,0,0,0,0,0,0,0,0,0,0,1,0,0,0,0,0,260,Train
-0.046708293,0.357386932,0.431523836,0,0,1,0,1,0,0,0,0,0,0,0,0,0,0,0,0,0,0,0,280,Train
0.35360136,0.357386932,2.271692083,0,1,0,0,0,0,0,0,0,0,0,0,0,0,0,0,1,0,0,0,267,Train
1.554530319,1.650161332,0.776555383,0,0,0,1,0,0,0,0,0,0,0,0,0,0,1,0,0,0,0,0,300,Train
-1.00745146,-0.935387468,-0.526897125,0,0,1,0,0,0,0,0,0,0,0,0,0,0,1,0,0,0,0,0,216,Train
0.753911013,0.357386932,1.35160796,0,0,1,0,0,0,0,0,0,0,0,0,0,0,0,0,0,1,0,0,334,Train
1.554530319,1.650161332,1.198260606,0,0,0,1,0,0,0,0,0,0,1,0,0,0,0,0,0,0,0,0,326,Train
0.43366329,0.357386932,0.35485016,0,0,0,1,0,0,0,0,0,1,0,0,0,0,0,0,0,0,0,0,273,Train
-1.167575321,-0.935387468,-1.17862338,0,0,0,1,1,0,0,0,0,0,0,0,0,0,0,0,0,0,0,0,177,Train
0.35360136,0.357386932,0.35485016,0,0,0,1,0,0,0,0,1,0,0,0,0,0,0,0,0,0,0,0,274,Train
-0.527079877,-0.935387468,-0.91026551,0,0,0,1,0,0,0,0,0,0,0,0,0,0,0,1,0,0,0,0,197,Train
-0.847327599,-0.935387468,-0.41188661,0,0,1,0,0,0,0,0,0,0,0,0,0,0,0,1,0,0,0,0,228,Train
0.273539429,0.357386932,-0.105191902,0,0,1,0,0,0,0,1,0,0,0,0,0,0,0,0,0,0,0,0,246,Train
-1.167575321,-0.935387468,-1.216960218,0,0,0,1,1,0,0,0,0,0,0,0,0,0,0,0,0,0,0,0,175,Train
-0.447017946,-0.935387468,-1.216960218,0,0,0,1,1,0,0,0,0,0,0,0,0,0,0,0,0,0,0,0,176,Train
-0.046708293,0.357386932,-0.066855064,0,0,1,0,0,0,0,1,0,0,0,0,0,0,0,0,0,0,0,0,248,Train
-0.046708293,0.357386932,-0.066855064,0,0,1,0,0,0,0,1,0,0,0,0,0,0,0,0,0,0,0,0,248,Train
-0.046708293,0.357386932,-0.296876095,0,0,1,0,1,0,0,0,0,0,0,0,0,0,0,0,0,0,0,0,233,Train
1.794716111,1.650161332,3.345123561,0,1,0,0,0,0,0,0,0,0,1,0,0,0,0,0,0,0,0,0,326,Train
0.753911013,0.357386932,1.121586929,0,0,0,1,0,0,0,0,0,1,0,0,0,0,0,0,0,0,0,0,315,Train
-0.046708293,0.357386932,0.239839644,0,0,1,0,0,1,0,0,0,0,0,0,0,0,0,0,0,0,0,0,262,Train
-0.447017946,-0.935387468,-0.028518225,0,0,1,0,0,0,0,0,0,0,0,0,0,0,0,0,0,1,0,0,249,Train
-0.847327599,-0.935387468,-0.91026551,0,0,1,0,0,0,0,0,0,0,0,0,0,0,1,0,0,0,0,0,197,Train
0.35360136,0.357386932,-0.181865579,0,0,1,0,0,0,0,0,0,0,0,0,0,0,0,1,0,0,0,0,242,Train
-0.847327599,-0.935387468,-1.025276026,0,0,0,1,1,0,0,0,0,0,0,0,0,0,0,0,0,0,0,0,189,Train
-0.286894085,-0.935387468,0.35485016,0,0,0,1,0,0,0,0,0,0,1,0,0,0,0,0,0,0,0,0,275,Train
-1.167575321,-0.935387468,-1.216960218,0,0,0,1,0,0,0,0,0,0,0,0,0,0,1,0,0,0,0,0,178,Train
-0.847327599,-0.935387468,-0.91026551,0,0,1,0,0,0,0,1,0,0,0,0,0,0,0,0,0,0,0,0,196,Train
-0.847327599,-0.935387468,-0.488560287,0,0,1,0,0,0,1,0,0,0,0,0,0,0,0,0,0,0,0,0,221,Train
-1.167575321,-0.935387468,-1.216960218,0,0,0,1,0,0,0,0,0,0,0,0,0,0,1,0,0,0,0,0,175,Train
0.43366329,0.357386932,1.083250091,0,1,0,0,0,0,1,0,0,0,0,0,0,0,0,0,0,0,0,0,218,Train
0.43366329,0.357386932,0.431523836,0,0,0,1,0,0,0,0,0,0,1,0,0,0,0,0,0,0,0,0,280,Train
1.074158735,1.650161332,0.58487119,0,0,1,0,1,0,0,0,0,0,0,0,0,0,0,0,0,0,0,0,288,Train
2.114963833,1.650161332,1.236597445,0,0,0,1,0,0,0,0,0,0,1,0,0,0,0,0,0,0,0,0,328,Train
-0.527079877,-0.935387468,-0.871928672,0,0,0,1,0,1,0,0,0,0,0,0,0,0,0,0,0,0,0,0,202,Train
-0.847327599,-0.935387468,-0.526897125,0,0,1,0,0,0,0,0,0,0,0,0,0,0,1,0,0,0,0,0,219,Train
-1.247637252,-0.935387468,-1.293633895,0,0,1,0,0,0,1,0,0,0,0,0,0,0,0,0,0,0,0,0,173,Train
0.513725221,0.357386932,0.58487119,0,0,0,1,0,0,0,0,0,0,1,0,0,0,0,0,0,0,0,0,283,Train
0.35360136,0.357386932,0.623208029,0,0,0,1,0,1,0,0,0,0,0,0,0,0,0,0,0,0,0,0,291,Train
2.515273486,1.650161332,1.428281637,0,0,1,0,0,0,1,0,0,0,0,0,0,0,0,0,0,0,0,0,339,Train
-0.447017946,-0.935387468,-0.833591833,0,0,0,1,0,0,0,0,0,0,0,0,0,0,0,1,0,0,0,0,204,Train
-0.847327599,-0.935387468,-0.526897125,0,0,1,0,1,0,0,0,0,0,0,0,0,0,0,0,0,0,0,0,219,Train
-0.046708293,0.357386932,0.623208029,0,0,1,0,0,0,0,0,0,0,0,0,0,0,0,0,1,0,0,0,291,Train
-0.847327599,-0.935387468,-0.641907641,0,0,1,0,0,0,0,0,0,0,0,0,0,0,1,0,0,0,0,0,213,Train
0.43366329,0.357386932,0.08649229,0,0,0,1,0,1,0,0,0,0,0,0,0,0,0,0,0,0,0,0,258,Train
0.753911013,1.650161332,1.313271121,0,0,1,0,0,0,0,0,0,0,0,0,0,0,0,0,0,1,0,0,333,Train
-1.00745146,-0.935387468,-1.255297057,0,0,0,1,0,0,1,0,0,0,0,0,0,0,0,0,0,0,0,0,172,Train
0.513725221,0.357386932,0.58487119,0,0,0,1,0,0,0,0,0,0,0,0,0,0,0,1,0,0,0,0,283,Train
-0.847327599,-0.935387468,-0.641907641,0,0,1,0,0,0,0,0,0,0,0,0,0,0,0,1,0,0,0,0,213,Train
-0.126770224,0.357386932,0.048155452,0,0,1,0,0,0,1,0,0,0,0,0,0,0,0,0,0,0,0,0,255,Train
-0.447017946,-0.935387468,0.201502806,0,0,0,1,0,0,0,0,0,1,0,0,0,0,0,0,0,0,0,0,265,Train
0.35360136,0.357386932,0.35485016,0,0,0,1,0,0,0,0,0,0,0,0,0,0,0,1,0,0,0,0,269,Train
0.35360136,0.357386932,2.425039437,0,0,1,0,0,0,0,0,0,0,0,0,0,0,0,0,0,1,0,0,402,Train
-0.527079877,-0.935387468,-0.41188661,0,0,0,1,0,0,0,0,0,0,0,0,0,0,0,1,0,0,0,0,228,Train
-0.847327599,-0.935387468,-0.833591833,0,0,1,0,1,0,0,0,0,0,0,0,0,0,0,0,0,0,0,0,198,Train
-0.046708293,0.357386932,1.389944798,0,0,1,0,0,0,0,0,0,0,0,0,0,0,0,0,1,0,0,0,340,Train
-0.046708293,0.357386932,0.35485016,0,0,1,0,1,0,0,0,0,0,0,0,0,0,0,0,0,0,0,0,273,Train
-0.046708293,0.357386932,0.508197513,0,0,1,0,0,0,0,0,0,0,0,0,0,0,0,0,1,0,0,0,282,Train
-0.847327599,-0.935387468,-0.41188661,0,0,1,0,0,0,1,0,0,0,0,0,0,0,0,0,0,0,0,0,228,Train
-0.447017946,-0.935387468,1.313271121,0,1,0,0,0,0,0,0,0,0,0,1,0,0,0,0,0,0,0,0,233,Train
-0.847327599,-0.935387468,-1.983696988,0,0,0,1,0,0,1,0,0,0,0,0,0,0,0,0,0,0,0,0,132,Train
-0.046708293,0.357386932,-0.335212933,0,0,1,0,0,0,0,0,0,0,0,0,0,0,1,0,0,0,0,0,234,Train
-0.527079877,-0.935387468,-0.296876095,0,0,0,1,0,0,0,0,0,0,0,0,0,0,0,1,0,0,0,0,235,Train
-0.847327599,-0.935387468,-1.255297057,0,0,0,1,1,0,0,0,0,0,0,0,0,0,0,0,0,0,0,0,175,Train
-0.447017946,-0.935387468,-0.795254995,0,0,0,1,0,0,0,0,0,0,0,0,0,0,0,0,1,0,0,0,200,Train
1.074158735,1.650161332,1.159923768,0,0,1,0,0,0,0,0,0,0,0,0,0,0,1,0,0,0,0,0,324,Train
2.515273486,1.650161332,1.274934283,0,0,1,0,0,0,0,0,0,0,1,0,0,0,0,0,0,0,0,0,331,Train
0.35360136,0.357386932,0.891565898,0,0,0,1,0,0,0,0,0,0,1,0,0,0,0,0,0,0,0,0,308,Train
1.074158735,1.650161332,1.159923768,0,0,1,0,1,0,0,0,0,0,0,0,0,0,0,0,0,0,0,0,317,Train
0.35360136,0.357386932,0.316513321,0,0,0,1,0,0,0,0,0,0,0,0,0,0,0,0,1,0,0,0,267,Train
-0.527079877,-0.935387468,-0.565233964,0,0,0,1,0,0,0,0,0,0,0,0,0,0,0,1,0,0,0,0,214,Train
-1.247637252,-0.935387468,-1.331970734,0,0,0,1,0,0,0,0,0,0,0,0,0,1,0,0,0,0,0,0,171,Train
0.35360136,0.357386932,0.048155452,0,0,0,1,0,0,0,0,1,0,0,0,0,0,0,0,0,0,0,0,255,Train
0.43366329,0.357386932,1.428281637,0,1,0,0,0,1,0,0,0,0,0,0,0,0,0,0,0,0,0,0,232,Train
-0.847327599,-0.935387468,-0.718581318,0,0,1,0,0,0,1,0,0,0,0,0,0,0,0,0,0,0,0,0,206,Train
-0.286894085,0.357386932,-0.603570802,0,0,1,0,0,0,0,0,0,0,0,0,0,0,0,0,0,1,0,0,217,Train
2.515273486,1.650161332,1.159923768,0,0,1,0,0,0,0,0,0,0,0,0,0,0,0,0,1,0,0,0,317,Train
-0.847327599,-0.935387468,-0.143528741,0,0,1,0,0,0,0,0,0,0,0,0,0,0,0,1,0,0,0,0,242,Train
1.074158735,1.650161332,1.121586929,0,0,1,0,1,0,0,0,0,0,0,0,0,0,0,0,0,0,0,0,315,Train
-0.847327599,-0.935387468,0.124829129,0,0,1,0,0,0,0,0,0,0,0,0,0,0,0,1,0,0,0,0,263,Train
-1.487823044,-1.581774668,-1.638665441,0,0,0,1,1,0,0,0,0,0,0,0,0,0,0,0,0,0,0,0,151,Train
-0.046708293,0.357386932,-0.066855064,0,0,1,0,0,0,0,1,0,0,0,0,0,0,0,0,0,0,0,0,248,Train
0.753911013,1.650161332,0.546534352,0,0,1,0,0,0,1,0,0,0,0,0,0,0,0,0,0,0,0,0,281,Train
-0.046708293,0.357386932,0.08649229,0,0,1,0,0,0,0,1,0,0,0,0,0,0,0,0,0,0,0,0,257,Train
1.234282596,1.650161332,1.581628991,0,0,0,1,0,0,0,0,0,0,1,0,0,0,0,0,0,0,0,0,349,Train
1.074158735,1.650161332,0.661544867,0,0,1,0,1,0,0,0,0,0,0,0,0,0,0,0,0,0,0,0,292,Train
1.074158735,1.650161332,1.159923768,0,0,1,0,0,0,0,0,0,0,0,0,0,0,1,0,0,0,0,0,322,Train
0.43366329,0.357386932,0.699881706,0,0,0,1,0,0,0,0,0,0,1,0,0,0,0,0,0,0,0,0,294,Train
0.273539429,0.357386932,-0.105191902,0,0,1,0,0,0,0,1,0,0,0,0,0,0,0,0,0,0,0,0,242,Train
-0.847327599,-0.935387468,-1.255297057,0,0,0,1,0,0,1,0,0,0,0,0,0,0,0,0,0,0,0,0,174,Train
0.273539429,0.357386932,-0.143528741,0,0,1,0,0,0,0,0,0,0,0,0,0,0,0,0,0,1,0,0,245,Train
2.114963833,1.650161332,0.58487119,0,0,0,1,0,0,1,0,0,0,0,0,0,0,0,0,0,0,0,0,289,Train
-0.046708293,0.357386932,0.08649229,0,0,0,1,0,0,0,0,0,0,0,0,0,1,0,0,0,0,0,0,253,Train
-0.847327599,-0.935387468,-0.680244479,0,0,1,0,0,0,0,0,0,0,0,0,0,0,0,1,0,0,0,0,210,Train
1.554530319,1.650161332,0.968239575,0,0,1,0,0,1,0,0,0,0,0,0,0,0,0,0,0,0,0,0,313,Train
1.554530319,1.650161332,1.504955314,0,0,1,0,0,0,0,0,0,0,0,0,0,0,0,0,1,0,0,0,344,Train
1.954839972,1.650161332,1.811650022,0,0,1,0,0,0,0,0,0,0,0,0,0,0,0,0,1,0,0,0,364,Train
2.675397347,1.650161332,1.888323699,0,0,1,0,0,0,0,0,0,0,0,0,0,0,0,0,1,0,0,0,368,Train
0.193477499,0.357386932,0.623208029,0,0,0,1,0,0,0,0,0,0,1,0,0,0,0,0,0,0,0,0,291,Train
0.513725221,0.357386932,0.431523836,0,0,0,1,0,0,1,0,0,0,0,0,0,0,0,0,0,0,0,0,279,Train
1.794716111,1.650161332,1.121586929,0,0,0,1,0,0,0,0,0,0,0,0,0,0,0,0,1,0,0,0,321,Train
1.954839972,1.650161332,0.814892221,0,0,1,0,0,0,1,0,0,0,0,0,0,0,0,0,0,0,0,0,297,Train
-0.046708293,0.357386932,-0.143528741,0,0,1,0,1,0,0,0,0,0,0,0,0,0,0,0,0,0,0,0,242,Train
0.35360136,0.357386932,-0.641907641,0,0,1,0,0,0,1,0,0,0,0,0,0,0,0,0,0,0,0,0,214,Train
-0.847327599,-0.935387468,-0.641907641,0,0,1,0,0,0,0,0,0,0,0,0,0,1,0,0,0,0,0,0,209,Train
-0.847327599,-0.935387468,-1.025276026,0,0,0,1,1,0,0,0,0,0,0,0,0,0,0,0,0,0,0,0,189,Train
-0.447017946,-0.935387468,0.009818613,0,0,0,1,0,0,0,0,0,1,0,0,0,0,0,0,0,0,0,0,248,Train
-0.847327599,-0.935387468,-1.101949703,0,0,1,0,0,0,0,0,0,0,0,0,0,0,1,0,0,0,0,0,184,Train
-0.847327599,-0.935387468,-0.91026551,0,0,1,0,1,0,0,0,0,0,0,0,0,0,0,0,0,0,0,0,193,Train
-1.00745146,-0.935387468,-0.795254995,0,0,0,1,0,0,0,0,0,0,0,0,0,0,1,0,0,0,0,0,204,Train
-0.046708293,0.357386932,0.124829129,0,0,1,0,0,0,0,1,0,0,0,0,0,0,0,0,0,0,0,0,260,Train
0.193477499,0.357386932,0.201502806,0,0,1,0,0,0,1,0,0,0,0,0,0,0,0,0,0,0,0,0,265,Train
0.43366329,0.357386932,0.58487119,0,0,1,0,0,0,0,0,0,0,0,0,0,0,0,1,0,0,0,0,283,Train
-1.167575321,-0.935387468,-1.216960218,0,0,1,0,0,0,0,0,0,0,0,0,0,0,0,0,0,1,0,0,175,Train
2.114963833,1.650161332,1.274934283,0,0,0,1,0,0,0,0,0,0,0,0,0,0,0,0,1,0,0,0,331,Train
-0.447017946,-0.289000268,-0.258539256,0,0,0,1,1,0,0,0,0,0,0,0,0,0,0,0,0,0,0,0,232,Train
1.314344527,1.650161332,0.35485016,0,0,1,0,1,0,0,0,0,0,0,0,0,0,0,0,0,0,0,0,277,Train
0.43366329,0.357386932,-0.028518225,0,0,0,1,0,0,1,0,0,0,0,0,0,0,0,0,0,0,0,0,246,Train
-0.847327599,-0.935387468,-0.641907641,0,0,1,0,1,0,0,0,0,0,0,0,0,0,0,0,0,0,0,0,214,Train
-0.847327599,-0.935387468,0.239839644,0,0,0,1,0,0,0,0,0,0,0,1,0,0,0,0,0,0,0,0,268,Train
1.074158735,1.650161332,0.58487119,0,0,1,0,1,0,0,0,0,0,0,0,0,0,0,0,0,0,0,0,283,Train
1.794716111,1.650161332,2.578386791,0,1,0,0,0,0,0,0,0,0,1,0,0,0,0,0,0,0,0,0,280,Train
-0.847327599,-0.935387468,0.048155452,0,0,0,1,0,0,0,0,0,0,0,0,0,0,0,1,0,0,0,0,256,Train
-0.126770224,0.357386932,0.316513321,0,0,1,0,0,1,0,0,0,0,0,0,0,0,0,0,0,0,0,0,273,Train
-1.247637252,-0.935387468,-1.370307572,0,0,0,1,1,0,0,0,0,0,0,0,0,0,0,0,0,0,0,0,167,Train
1.794716111,1.650161332,1.619965829,0,0,0,1,0,0,0,0,0,0,1,0,0,0,0,0,0,0,0,0,350,Train
0.35360136,0.357386932,2.11834473,0,1,0,0,0,1,0,0,0,0,0,0,0,0,0,0,0,0,0,0,271,Train
0.43366329,0.357386932,0.508197513,0,0,0,1,0,0,0,0,1,0,0,0,0,0,0,0,0,0,0,0,278,Train
-1.00745146,-0.935387468,-1.063612864,0,0,0,1,0,0,1,0,0,0,0,0,0,0,0,0,0,0,0,0,187,Train
-0.847327599,-0.935387468,-0.833591833,0,0,1,0,0,0,0,1,0,0,0,0,0,0,0,0,0,0,0,0,200,Train
1.074158735,1.650161332,0.623208029,0,0,1,0,1,0,0,0,0,0,0,0,0,0,0,0,0,0,0,0,292,Train
0.43366329,0.357386932,0.08649229,0,0,0,1,0,1,0,0,0,0,0,0,0,0,0,0,0,0,0,0,258,Train
-0.046708293,0.357386932,-0.526897125,1,0,0,0,0,0,0,0,0,0,0,0,0,0,0,0,1,0,0,0,253,Train
-0.847327599,-0.935387468,-1.101949703,0,0,0,1,0,0,1,0,0,0,0,0,0,0,0,0,0,0,0,0,187,Train
-0.847327599,-0.935387468,-0.258539256,0,0,0,1,0,0,0,0,0,0,0,1,0,0,0,0,0,0,0,0,232,Train
-1.00745146,-0.935387468,-0.795254995,0,0,0,1,0,0,1,0,0,0,0,0,0,0,0,0,0,0,0,0,204,Train
-0.847327599,-0.935387468,-0.565233964,0,0,0,1,0,0,0,0,0,0,0,0,0,0,0,1,0,0,0,0,216,Train
-0.847327599,-0.935387468,-0.296876095,0,0,1,0,0,0,0,0,0,0,0,0,0,0,0,1,0,0,0,0,233,Train
-0.447017946,-0.935387468,0.201502806,0,0,0,1,0,0,0,0,0,1,0,0,0,0,0,0,0,0,0,0,265,Train
-1.00745146,-0.935387468,-1.983696988,0,0,0,1,0,0,0,0,0,0,0,0,1,0,0,0,0,0,0,0,129,Train
-0.847327599,-0.935387468,-0.066855064,0,1,0,0,1,0,0,0,0,0,0,0,0,0,0,0,0,0,0,0,170,Train
-0.847327599,-0.935387468,-0.795254995,0,0,0,1,1,0,0,0,0,0,0,0,0,0,0,0,0,0,0,0,203,Train
1.074158735,1.650161332,0.469860675,0,0,1,0,0,1,0,0,0,0,0,0,0,0,0,0,0,0,0,0,282,Train
-1.247637252,-0.935387468,-1.370307572,0,0,0,1,0,1,0,0,0,0,0,0,0,0,0,0,0,0,0,0,167,Train
-0.527079877,-0.935387468,-1.025276026,0,0,0,1,0,0,1,0,0,0,0,0,0,0,0,0,0,0,0,0,186,Train
-0.527079877,-0.935387468,-0.795254995,0,0,0,1,0,1,0,0,0,0,0,0,0,0,0,0,0,0,0,0,205,Train
-0.847327599,-0.935387468,-0.91026551,0,0,1,0,1,0,0,0,0,0,0,0,0,0,0,0,0,0,0,0,193,Train
-0.447017946,-0.935387468,-0.41188661,0,0,0,1,0,0,0,0,1,0,0,0,0,0,0,0,0,0,0,0,226,Train
-0.847327599,-0.935387468,-0.603570802,0,0,0,1,0,1,0,0,0,0,0,0,0,0,0,0,0,0,0,0,214,Train
0.593787152,1.650161332,1.428281637,0,0,1,0,0,1,0,0,0,0,0,0,0,0,0,0,0,0,0,0,334,Train
-0.046708293,0.357386932,0.623208029,0,0,1,0,0,0,0,0,0,0,0,0,0,0,0,0,1,0,0,0,285,Train
2.675397347,1.650161332,0.814892221,0,0,1,0,0,0,1,0,0,0,0,0,0,0,0,0,0,0,0,0,302,Train
0.753911013,1.650161332,0.163165967,0,0,1,0,0,1,0,0,0,0,0,0,0,0,0,0,0,0,0,0,261,Train
-0.527079877,-0.935387468,-0.833591833,0,0,1,0,1,0,0,0,0,0,0,0,0,0,0,0,0,0,0,0,199,Train
-0.847327599,-0.935387468,-0.450223449,0,0,0,1,0,0,0,0,0,0,0,0,0,0,1,0,0,0,0,0,225,Train
-0.046708293,0.357386932,0.163165967,0,0,1,0,0,0,0,0,0,0,0,0,0,0,0,1,0,0,0,0,262,Train
-1.00745146,-0.935387468,-1.17862338,0,0,0,1,0,0,1,0,0,0,0,0,0,0,0,0,0,0,0,0,180,Train
-0.527079877,-0.935387468,-0.565233964,0,0,0,1,0,0,0,0,0,0,0,0,0,0,0,1,0,0,0,0,219,Train
-0.847327599,-0.935387468,-0.373549772,0,0,1,0,0,0,0,0,0,0,0,0,0,0,0,1,0,0,0,0,231,Train
1.554530319,1.650161332,0.239839644,0,0,1,0,0,0,1,0,0,0,0,0,0,0,0,0,0,0,0,0,262,Train
-1.00745146,-0.935387468,-0.948602349,0,0,0,1,0,0,1,0,0,0,0,0,0,0,0,0,0,0,0,0,191,Train
-0.046708293,0.357386932,0.393186998,0,0,1,0,0,0,1,0,0,0,0,0,0,0,0,0,0,0,0,0,276,Train
-1.167575321,-0.935387468,-0.756918156,0,0,0,1,1,0,0,0,0,0,0,0,0,0,0,0,0,0,0,0,202,Train
0.35360136,0.357386932,1.389944798,0,0,0,1,0,0,0,0,0,0,0,0,0,0,0,0,1,0,0,0,331,Train
0.513725221,0.357386932,0.431523836,0,0,1,0,0,0,0,0,0,0,0,0,0,1,0,0,0,0,0,0,274,Train
-0.046708293,0.357386932,-0.105191902,0,0,1,0,1,0,0,0,0,0,0,0,0,0,0,0,0,0,0,0,246,Train
-0.046708293,0.357386932,0.08649229,0,0,1,0,1,0,0,0,0,0,0,0,0,0,0,0,0,0,0,0,256,Train
-0.447017946,-0.935387468,-0.41188661,0,0,0,1,0,0,0,0,0,0,0,0,0,0,0,1,0,0,0,0,229,Train
-1.247637252,-1.581774668,-1.255297057,0,0,1,0,0,0,0,0,0,0,0,0,0,0,1,0,0,0,0,0,175,Train
-1.247637252,-0.935387468,-1.101949703,0,0,0,1,0,1,0,0,0,0,0,0,0,0,0,0,0,0,0,0,185,Train
2.114963833,1.650161332,0.891565898,0,0,1,0,0,0,1,0,0,0,0,0,0,0,0,0,0,0,0,0,307,Train
-0.847327599,-0.935387468,-0.220202418,0,0,1,0,0,0,0,0,0,0,0,0,0,0,1,0,0,0,0,0,235,Train
-0.447017946,-0.935387468,-1.063612864,0,0,0,1,1,0,0,0,0,0,0,0,0,0,0,0,0,0,0,0,189,Train
-1.167575321,-0.935387468,-1.255297057,0,0,1,0,0,0,0,0,0,0,0,0,0,0,0,0,0,1,0,0,172,Train
-0.847327599,-0.935387468,0.278176483,0,0,0,1,0,0,0,0,0,0,0,0,0,0,0,1,0,0,0,0,266,Train
-0.527079877,-0.935387468,-0.373549772,0,0,0,1,0,0,0,0,0,0,0,0,0,0,0,1,0,0,0,0,230,Train
0.43366329,0.357386932,1.121586929,0,0,0,1,0,0,0,0,0,0,0,0,0,0,0,0,1,0,0,0,322,Train
2.995645069,1.650161332,2.501713114,0,0,1,0,0,0,1,0,0,0,0,0,0,0,0,0,0,0,0,0,405,Train
-0.046708293,0.357386932,-0.028518225,0,0,1,0,0,1,0,0,0,0,0,0,0,0,0,0,0,0,0,0,250,Train
-0.847327599,-0.935387468,-0.91026551,0,0,0,1,0,1,0,0,0,0,0,0,0,0,0,0,0,0,0,0,199,Train
0.753911013,1.650161332,0.316513321,0,0,1,0,1,0,0,0,0,0,0,0,0,0,0,0,0,0,0,0,271,Train
1.794716111,1.650161332,1.006576414,0,0,0,1,0,0,0,0,0,0,0,0,0,0,0,0,1,0,0,0,314,Train
0.35360136,0.357386932,-0.488560287,0,0,0,1,0,0,1,0,0,0,0,0,0,0,0,0,0,0,0,0,219,Train
-1.247637252,-0.935387468,-1.408644411,0,0,0,1,1,0,0,0,0,0,0,0,0,0,0,0,0,0,0,0,163,Train
-0.447017946,-0.935387468,-0.948602349,0,0,0,1,0,0,0,0,0,0,0,0,0,0,0,1,0,0,0,0,191,Train
-0.847327599,-0.935387468,0.08649229,0,0,1,0,0,0,0,0,0,0,0,0,0,0,0,0,1,0,0,0,258,Train
1.554530319,1.650161332,1.083250091,0,0,1,0,0,0,0,1,0,0,0,0,0,0,0,0,0,0,0,0,313,Train
-0.847327599,-0.935387468,-0.143528741,0,0,1,0,0,0,0,0,0,0,0,0,0,0,0,1,0,0,0,0,239,Train
0.35360136,0.357386932,0.048155452,0,0,0,1,0,0,1,0,0,0,0,0,0,0,0,0,0,0,0,0,251,Train
0.994096805,0.357386932,2.808407822,0,1,0,0,0,0,0,0,0,0,1,0,0,0,0,0,0,0,0,0,301,Train
1.954839972,1.650161332,0.85322906,0,0,1,0,1,0,0,0,0,0,0,0,0,0,0,0,0,0,0,0,305,Train
0.994096805,0.357386932,2.425039437,0,1,0,0,0,0,0,0,0,0,1,0,0,0,0,0,0,0,0,0,284,Train
0.43366329,0.357386932,-0.181865579,0,0,0,1,0,1,0,0,0,0,0,0,0,0,0,0,0,0,0,0,237,Train
-0.527079877,-0.935387468,-0.526897125,0,0,0,1,0,0,0,0,0,0,0,0,0,0,0,1,0,0,0,0,219,Train
-1.247637252,-0.935387468,-1.331970734,0,0,0,1,0,1,0,0,0,0,0,0,0,0,0,0,0,0,0,0,170,Train
0.994096805,0.357386932,2.425039437,0,1,0,0,0,0,0,0,0,0,1,0,0,0,0,0,0,0,0,0,284,Train
-0.447017946,-0.935387468,-1.025276026,0,0,0,1,0,0,1,0,0,0,0,0,0,0,0,0,0,0,0,0,190,Train
-0.046708293,0.357386932,0.316513321,0,0,1,0,1,0,0,0,0,0,0,0,0,0,0,0,0,0,0,0,273,Train
-0.847327599,-0.935387468,-0.028518225,0,0,0,1,0,0,0,0,0,0,0,0,0,0,0,1,0,0,0,0,255,Train
-1.167575321,-0.935387468,-1.025276026,0,0,1,0,0,0,0,0,0,0,0,0,0,0,0,0,0,1,0,0,186,Train
0.753911013,1.650161332,0.35485016,0,0,1,0,1,0,0,0,0,0,0,0,0,0,0,0,0,0,0,0,274,Train
-0.046708293,0.357386932,-0.258539256,0,0,1,0,0,0,0,0,0,0,0,0,0,0,0,1,0,0,0,0,232,Train
0.35360136,0.357386932,-0.335212933,0,0,1,0,0,0,1,0,0,0,0,0,0,0,0,0,0,0,0,0,233,Train
2.675397347,1.650161332,0.85322906,0,0,1,0,0,0,1,0,0,0,0,0,0,0,0,0,0,0,0,0,304,Train
0.753911013,1.650161332,0.35485016,0,0,1,0,1,0,0,0,0,0,0,0,0,0,0,0,0,0,0,0,273,Train
-0.847327599,-0.935387468,-0.181865579,0,1,0,0,1,0,0,0,0,0,0,0,0,0,0,0,0,0,0,0,165,Train
-0.847327599,-0.935387468,-0.756918156,0,0,1,0,0,1,0,0,0,0,0,0,0,0,0,0,0,0,0,0,207,Train
-0.847327599,-0.935387468,-0.373549772,0,0,1,0,0,0,1,0,0,0,0,0,0,0,0,0,0,0,0,0,225,Train
1.074158735,1.650161332,0.776555383,0,0,1,0,0,0,0,0,0,0,0,0,0,0,0,0,1,0,0,0,302,Train
1.794716111,1.650161332,1.006576414,0,0,0,1,0,0,0,0,0,0,0,0,0,0,0,0,1,0,0,0,314,Train
1.314344527,1.650161332,1.696639506,0,0,1,0,0,0,0,0,0,0,0,0,0,0,0,0,1,0,0,0,350,Train
1.794716111,1.650161332,0.85322906,0,0,0,1,0,0,0,0,0,0,1,0,0,0,0,0,0,0,0,0,303,Train
-0.847327599,-0.935387468,-1.063612864,0,0,0,1,0,0,0,0,0,0,0,0,0,1,0,0,0,0,0,0,188,Train
0.35360136,0.357386932,-1.025276026,0,0,1,0,0,0,0,0,0,0,0,0,0,0,0,0,1,0,0,0,190,Train
1.794716111,1.650161332,2.195018406,0,0,0,1,0,0,0,0,0,0,0,0,0,0,0,0,0,0,1,0,380,Train
-0.847327599,-0.935387468,-0.296876095,0,0,1,0,0,0,0,0,0,0,0,0,0,0,1,0,0,0,0,0,230,Train
-0.447017946,-0.289000268,-0.41188661,0,0,0,1,1,0,0,0,0,0,0,0,0,0,0,0,0,0,0,0,223,Train
-1.00745146,-0.935387468,-1.255297057,0,0,0,1,0,0,1,0,0,0,0,0,0,0,0,0,0,0,0,0,176,Train
0.193477499,0.357386932,0.316513321,0,0,0,1,0,0,0,0,0,0,0,0,0,0,0,1,0,0,0,0,275,Train
-0.847327599,-0.935387468,-1.485318087,0,0,0,1,1,0,0,0,0,0,0,0,0,0,0,0,0,0,0,0,162,Train
-0.046708293,0.357386932,1.466618475,0,0,1,0,0,0,0,0,0,0,0,0,0,0,0,1,0,0,0,0,339,Train
0.914034874,1.650161332,2.655060468,0,0,1,0,0,0,0,0,0,0,0,0,0,0,0,0,0,1,0,0,407,Train
-0.046708293,0.357386932,0.239839644,0,0,1,0,0,1,0,0,0,0,0,0,0,0,0,0,0,0,0,0,267,Train
1.794716111,1.650161332,0.738218544,0,0,0,1,0,0,0,0,0,0,1,0,0,0,0,0,0,0,0,0,297,Train
0.753911013,1.650161332,1.159923768,0,0,1,0,0,0,1,0,0,0,0,0,0,0,0,0,0,0,0,0,321,Train
-0.447017946,-0.935387468,-0.028518225,0,0,0,1,0,0,0,0,0,1,0,0,0,0,0,0,0,0,0,0,252,Train
0.35360136,0.357386932,-0.143528741,0,0,1,0,1,0,0,0,0,0,0,0,0,0,0,0,0,0,0,0,239,Train
-0.847327599,-0.935387468,-0.373549772,0,0,1,0,0,0,1,0,0,0,0,0,0,0,0,0,0,0,0,0,225,Train
0.753911013,1.650161332,0.968239575,0,0,1,0,0,0,1,0,0,0,0,0,0,0,0,0,0,0,0,0,313,Train
-0.527079877,-0.935387468,-0.565233964,0,0,0,1,0,0,0,0,0,0,0,0,0,0,0,1,0,0,0,0,218,Train
-0.847327599,-0.935387468,-0.91026551,0,0,0,1,1,0,0,0,0,0,0,0,0,0,0,0,0,0,0,0,197,Train
-1.00745146,-0.935387468,-2.405402211,0,0,0,1,0,0,1,0,0,0,0,0,0,0,0,0,0,0,0,0,105,Train
1.314344527,1.650161332,1.811650022,0,0,1,0,0,0,0,0,0,0,0,0,0,0,0,0,0,1,0,0,356,Train
0.35360136,0.357386932,-0.41188661,0,0,0,1,0,0,1,0,0,0,0,0,0,0,0,0,0,0,0,0,226,Train
-0.847327599,-0.935387468,-1.063612864,0,0,0,1,0,0,0,0,0,0,0,0,0,0,1,0,0,0,0,0,188,Train
-1.247637252,-0.935387468,-1.331970734,0,0,0,1,1,0,0,0,0,0,0,0,0,0,0,0,0,0,0,0,168,Train
-1.00745146,-0.935387468,-1.523654926,0,0,0,1,0,0,1,0,0,0,0,0,0,0,0,0,0,0,0,0,160,Train
-0.046708293,0.357386932,0.08649229,0,0,1,0,0,0,0,0,0,0,0,0,0,0,1,0,0,0,0,0,259,Train
1.554530319,1.650161332,0.814892221,0,0,0,1,0,0,0,0,0,0,0,0,0,0,1,0,0,0,0,0,303,Train
-1.167575321,-0.935387468,-1.025276026,0,0,0,1,0,0,1,0,0,0,0,0,0,0,0,0,0,0,0,0,189,Train
2.515273486,1.650161332,1.888323699,0,0,1,0,0,0,0,0,0,0,0,0,0,0,0,0,0,1,0,0,361,Train
-0.527079877,-0.935387468,0.124829129,0,0,0,1,0,0,0,0,0,0,0,0,0,0,0,1,0,0,0,0,255,Train
-0.847327599,-0.935387468,-1.025276026,0,0,0,1,0,0,0,0,0,0,0,0,0,0,0,1,0,0,0,0,191,Train
-0.046708293,0.357386932,-0.488560287,0,0,1,0,1,0,0,0,0,0,0,0,0,0,0,0,0,0,0,0,223,Train
0.35360136,0.357386932,-0.450223449,0,0,0,1,0,0,1,0,0,0,0,0,0,0,0,0,0,0,0,0,221,Train
-0.527079877,-0.935387468,-0.258539256,0,0,0,1,0,0,0,0,0,0,0,0,0,0,0,1,0,0,0,0,240,Train
-0.847327599,-0.935387468,-0.641907641,0,0,1,0,0,0,1,0,0,0,0,0,0,0,0,0,0,0,0,0,213,Train
2.515273486,1.650161332,1.658302668,0,0,1,0,0,0,1,0,0,0,0,0,0,0,0,0,0,0,0,0,352,Train
2.515273486,1.650161332,1.236597445,0,0,1,0,0,0,0,0,0,0,0,0,0,0,0,0,1,0,0,0,328,Train
0.273539429,0.357386932,-0.066855064,0,0,1,0,0,0,0,1,0,0,0,0,0,0,0,0,0,0,0,0,249,Train
-0.046708293,0.357386932,0.469860675,1,0,0,0,0,0,0,0,0,0,0,0,0,0,0,0,1,0,0,0,324,Train
1.794716111,1.650161332,1.35160796,0,0,0,1,0,0,0,0,0,0,0,0,0,0,0,0,1,0,0,0,336,Train
0.753911013,0.357386932,1.121586929,0,0,0,1,0,0,0,0,0,0,0,0,0,0,0,1,0,0,0,0,315,Train
0.35360136,0.357386932,0.201502806,0,0,0,1,0,1,0,0,0,0,0,0,0,0,0,0,0,0,0,0,260,Train
-0.847327599,-0.935387468,-0.91026551,0,0,1,0,0,0,0,1,0,0,0,0,0,0,0,0,0,0,0,0,196,Train
-0.046708293,0.357386932,0.009818613,1,0,0,0,0,0,0,0,0,0,1,0,0,0,0,0,0,0,0,0,289,Train
1.394406458,1.650161332,1.389944798,0,0,1,0,0,0,0,0,0,0,0,0,0,0,0,0,1,0,0,0,338,Train
-0.847327599,-0.935387468,0.316513321,0,0,1,0,0,0,0,0,0,0,0,0,0,0,0,1,0,0,0,0,267,Train
-0.447017946,-0.935387468,-0.795254995,0,0,0,1,0,0,0,0,0,0,0,0,0,0,0,1,0,0,0,0,205,Train
0.43366329,0.357386932,-0.181865579,0,0,0,1,0,1,0,0,0,0,0,0,0,0,0,0,0,0,0,0,242,Train
1.314344527,1.650161332,0.661544867,0,0,1,0,0,1,0,0,0,0,0,0,0,0,0,0,0,0,0,0,288,Train
-1.167575321,-0.935387468,-0.680244479,0,0,1,0,1,0,0,0,0,0,0,0,0,0,0,0,0,0,0,0,207,Train
-0.847327599,-0.935387468,-0.641907641,0,0,1,0,0,0,1,0,0,0,0,0,0,0,0,0,0,0,0,0,212,Train
-0.847327599,-0.935387468,-0.335212933,0,0,1,0,0,0,0,0,0,0,0,0,0,0,0,1,0,0,0,0,232,Train
-1.247637252,-0.935387468,-1.063612864,0,0,0,1,0,0,1,0,0,0,0,0,0,0,0,0,0,0,0,0,184,Train
0.753911013,0.357386932,0.929902737,0,0,0,1,0,0,0,0,0,0,0,0,0,0,0,0,1,0,0,0,308,Train
2.675397347,1.650161332,1.198260606,0,0,1,0,0,0,1,0,0,0,0,0,0,0,0,0,0,0,0,0,325,Train
1.794716111,1.650161332,0.968239575,0,0,0,1,0,0,0,0,0,0,0,0,0,0,0,0,1,0,0,0,313,Train
-0.847327599,-0.935387468,-0.641907641,0,0,1,0,0,0,0,0,0,0,0,0,0,0,1,0,0,0,0,0,213,Train
2.515273486,1.650161332,1.658302668,0,0,1,0,0,0,1,0,0,0,0,0,0,0,0,0,0,0,0,0,352,Train
0.43366329,0.357386932,0.546534352,0,0,0,1,0,0,0,0,0,1,0,0,0,0,0,0,0,0,0,0,286,Train
0.35360136,0.357386932,-0.756918156,0,0,1,0,0,0,1,0,0,0,0,0,0,0,0,0,0,0,0,0,202,Train
0.43366329,0.357386932,0.316513321,0,0,0,1,0,1,0,0,0,0,0,0,0,0,0,0,0,0,0,0,271,Train
0.35360136,0.357386932,0.316513321,0,0,0,1,0,0,0,0,0,0,1,0,0,0,0,0,0,0,0,0,272,Train
-0.847327599,-0.935387468,-0.220202418,0,0,1,0,0,0,0,0,0,0,0,1,0,0,0,0,0,0,0,0,240,Train
0.35360136,0.357386932,0.08649229,0,0,0,1,0,0,0,0,0,0,0,0,0,0,0,1,0,0,0,0,257,Train
0.35360136,0.357386932,2.310028922,0,1,0,0,0,0,0,0,0,0,1,0,0,0,0,0,0,0,0,0,269,Train
-0.046708293,0.357386932,-0.258539256,0,0,1,0,0,0,0,0,0,0,0,0,0,0,0,1,0,0,0,0,235,Train
-1.167575321,-0.935387468,-1.17862338,0,0,0,1,0,0,1,0,0,0,0,0,0,0,0,0,0,0,0,0,180,Train
-0.847327599,-0.935387468,-0.41188661,0,0,1,0,0,0,1,0,0,0,0,0,0,0,0,0,0,0,0,0,229,Train
-0.847327599,-0.935387468,-0.680244479,0,0,0,1,1,0,0,0,0,0,0,0,0,0,0,0,0,0,0,0,207,Train
0.35360136,0.357386932,0.35485016,0,0,0,1,0,0,0,0,1,0,0,0,0,0,0,0,0,0,0,0,274,Train
-0.847327599,-0.935387468,-1.17862338,0,0,0,1,0,0,1,0,0,0,0,0,0,0,0,0,0,0,0,0,181,Train
-1.00745146,-0.935387468,-0.871928672,0,0,0,1,0,0,0,0,0,0,0,0,0,1,0,0,0,0,0,0,199,Train
0.43366329,0.357386932,-0.105191902,0,0,0,1,1,0,0,0,0,0,0,0,0,0,0,0,0,0,0,0,247,Train
-0.046708293,0.357386932,-0.220202418,0,0,1,0,1,0,0,0,0,0,0,0,0,0,0,0,0,0,0,0,238,Train
1.554530319,1.650161332,0.968239575,0,0,1,0,0,1,0,0,0,0,0,0,0,0,0,0,0,0,0,0,313,Train
2.114963833,1.650161332,2.195018406,0,0,0,1,0,0,0,0,0,0,0,0,0,0,0,0,1,0,0,0,380,Train
0.43366329,0.357386932,0.58487119,0,0,0,1,0,0,0,0,0,0,0,0,0,0,0,0,1,0,0,0,283,Train
0.193477499,0.357386932,0.623208029,0,0,0,1,0,0,0,0,0,0,1,0,0,0,0,0,0,0,0,0,291,Train
-0.847327599,-0.935387468,-0.335212933,0,0,0,1,0,0,1,0,0,0,0,0,0,0,0,0,0,0,0,0,228,Train
-0.447017946,-0.935387468,-0.41188661,0,0,0,1,0,0,0,0,0,0,0,0,0,0,0,1,0,0,0,0,223,Train
0.113415568,0.357386932,0.776555383,0,0,0,1,0,0,0,0,0,0,0,0,0,0,0,0,1,0,0,0,294,Train
-0.046708293,0.357386932,0.08649229,0,0,1,0,0,0,0,0,0,0,0,0,0,0,0,0,0,1,0,0,253,Train
0.35360136,0.357386932,0.431523836,0,0,0,1,0,1,0,0,0,0,0,0,0,0,0,0,0,0,0,0,274,Train
-0.847327599,-0.935387468,-1.561991764,0,0,0,1,1,0,0,0,0,0,0,0,0,0,0,0,0,0,0,0,158,Train
-0.847327599,-0.935387468,-0.871928672,0,0,1,0,0,0,0,1,0,0,0,0,0,0,0,0,0,0,0,0,196,Train
0.593787152,0.357386932,0.08649229,0,0,1,0,0,0,0,1,0,0,0,0,0,0,0,0,0,0,0,0,257,Train
-0.527079877,-0.935387468,-0.565233964,0,0,0,1,0,0,0,0,0,0,0,0,0,0,0,1,0,0,0,0,219,Train
-0.607141807,-0.935387468,-0.41188661,0,0,0,1,0,0,0,0,0,0,0,0,0,0,1,0,0,0,0,0,226,Train
-0.046708293,0.357386932,0.776555383,0,0,1,0,0,1,0,0,0,0,0,0,0,0,0,0,0,0,0,0,299,Train
0.43366329,0.357386932,0.623208029,0,0,0,1,0,0,0,0,0,0,0,0,0,0,0,1,0,0,0,0,292,Train
2.515273486,1.650161332,2.310028922,0,0,1,0,1,0,0,0,0,0,0,0,0,0,0,0,0,0,0,0,386,Train
-0.447017946,-0.935387468,-0.603570802,0,0,0,1,0,0,0,0,0,0,0,0,0,0,0,1,0,0,0,0,217,Train
-0.447017946,-0.935387468,0.009818613,0,0,0,1,0,0,0,0,0,1,0,0,0,0,0,0,0,0,0,0,253,Train
-0.847327599,-0.935387468,-1.868686472,0,0,0,1,0,0,1,0,0,0,0,0,0,0,0,0,0,0,0,0,139,Train
0.994096805,0.357386932,2.770070984,0,1,0,0,0,0,0,0,0,0,1,0,0,0,0,0,0,0,0,0,288,Train
1.554530319,1.650161332,1.543292152,0,0,0,1,0,0,0,0,0,0,1,0,0,0,0,0,0,0,0,0,347,Train
0.513725221,0.357386932,0.278176483,0,0,1,0,0,0,0,0,0,0,0,0,0,0,0,0,0,1,0,0,270,Train
0.43366329,0.357386932,0.163165967,0,0,0,1,0,0,1,0,0,0,0,0,0,0,0,0,0,0,0,0,258,Train
-0.847327599,-0.935387468,-0.450223449,0,0,1,0,0,0,0,0,0,0,0,0,0,0,1,0,0,0,0,0,221,Train
1.394406458,1.650161332,2.808407822,0,0,0,1,0,0,0,0,0,0,0,0,0,0,0,0,0,0,0,1,416,Train
-0.046708293,0.357386932,0.278176483,0,0,0,1,0,0,1,0,0,0,0,0,0,0,0,0,0,0,0,0,264,Train
-0.847327599,-0.935387468,-0.488560287,0,0,1,0,0,0,0,0,0,0,0,0,0,0,0,1,0,0,0,0,223,Train
-0.527079877,-0.935387468,-1.715339118,0,0,0,1,0,0,1,0,0,0,0,0,0,0,0,0,0,0,0,0,147,Train
0.914034874,1.650161332,0.814892221,0,0,1,0,0,0,0,0,0,0,0,0,0,0,1,0,0,0,0,0,297,Train
0.43366329,0.357386932,0.163165967,0,0,0,1,0,0,0,0,0,0,0,0,0,0,0,0,1,0,0,0,263,Train
0.43366329,0.357386932,-0.181865579,0,0,0,1,0,1,0,0,0,0,0,0,0,0,0,0,0,0,0,0,237,Train
0.753911013,1.650161332,0.08649229,0,0,1,0,0,1,0,0,0,0,0,0,0,0,0,0,0,0,0,0,258,Train
0.35360136,0.357386932,0.661544867,0,0,0,1,0,0,0,0,0,0,0,0,0,0,0,0,1,0,0,0,288,Train
-0.447017946,-0.289000268,-0.450223449,0,0,0,1,1,0,0,0,0,0,0,0,0,0,0,0,0,0,0,0,221,Train
1.794716111,1.650161332,0.968239575,0,0,0,1,0,0,0,0,0,0,0,0,0,0,0,0,1,0,0,0,312,Train
2.114963833,1.650161332,0.814892221,0,0,0,1,0,1,0,0,0,0,0,0,0,0,0,0,0,0,0,0,302,Train
-0.046708293,0.357386932,-0.91026551,1,0,0,0,0,0,1,0,0,0,0,0,0,0,0,0,0,0,0,0,224,Train
-0.847327599,-0.935387468,-1.983696988,0,0,0,1,0,0,1,0,0,0,0,0,0,0,0,0,0,0,0,0,132,Train
0.43366329,0.357386932,1.274934283,0,1,0,0,0,0,1,0,0,0,0,0,0,0,0,0,0,0,0,0,226,Train
1.234282596,1.650161332,1.198260606,0,0,1,0,0,0,0,0,0,0,0,0,0,0,0,0,1,0,0,0,320,Train
-0.046708293,0.357386932,-0.143528741,0,0,1,0,1,0,0,0,0,0,0,0,0,0,0,0,0,0,0,0,244,Train
0.593787152,0.357386932,0.08649229,0,0,1,0,0,0,0,1,0,0,0,0,0,0,0,0,0,0,0,0,253,Train
2.515273486,1.650161332,1.313271121,0,0,1,0,0,0,0,0,0,0,1,0,0,0,0,0,0,0,0,0,327,Train
1.074158735,1.650161332,1.083250091,0,0,1,0,0,0,0,0,0,0,0,0,0,0,0,0,1,0,0,0,318,Train
0.513725221,0.357386932,0.508197513,0,0,0,1,0,0,0,0,0,0,0,0,0,0,0,1,0,0,0,0,278,Train
-1.167575321,-0.935387468,-1.255297057,0,0,1,0,1,0,0,0,0,0,0,0,0,0,0,0,0,0,0,0,172,Train
0.35360136,0.357386932,-0.41188661,0,0,0,1,0,0,1,0,0,0,0,0,0,0,0,0,0,0,0,0,226,Train
0.994096805,0.357386932,0.431523836,0,0,0,1,0,0,0,0,0,0,1,0,0,0,0,0,0,0,0,0,280,Train
0.43366329,0.357386932,0.048155452,0,0,0,1,0,1,0,0,0,0,0,0,0,0,0,0,0,0,0,0,257,Train
-0.046708293,0.357386932,-0.718581318,0,0,1,0,0,0,0,0,0,0,0,0,0,0,0,0,0,1,0,0,208,Train
0.994096805,0.357386932,0.431523836,0,0,0,1,0,0,0,0,0,0,1,0,0,0,0,0,0,0,0,0,279,Train
-1.00745146,-0.935387468,-0.948602349,0,0,0,1,1,0,0,0,0,0,0,0,0,0,0,0,0,0,0,0,194,Train
-1.167575321,-0.935387468,-0.680244479,0,0,0,1,0,0,0,0,0,0,0,0,0,0,0,1,0,0,0,0,207,Train
-0.527079877,-0.935387468,-1.753675957,0,0,0,1,0,0,1,0,0,0,0,0,0,0,0,0,0,0,0,0,143,Train
1.794716111,1.650161332,0.891565898,0,0,0,1,0,0,0,0,0,0,1,0,0,0,0,0,0,0,0,0,306,Train
2.675397347,1.650161332,0.814892221,0,0,1,0,0,0,1,0,0,0,0,0,0,0,0,0,0,0,0,0,297,Train
0.35360136,0.357386932,0.661544867,0,0,0,1,0,1,0,0,0,0,0,0,0,0,0,0,0,0,0,0,294,Train
-1.247637252,-0.935387468,-1.293633895,0,0,0,1,0,0,0,0,0,0,0,0,0,1,0,0,0,0,0,0,174,Train
-0.046708293,0.357386932,-0.220202418,0,0,1,0,1,0,0,0,0,0,0,0,0,0,0,0,0,0,0,0,238,Train
-0.447017946,-0.935387468,-1.216960218,0,0,0,1,0,0,1,0,0,0,0,0,0,0,0,0,0,0,0,0,178,Train
0.43366329,0.357386932,0.469860675,0,0,0,1,0,0,0,0,1,0,0,0,0,0,0,0,0,0,0,0,276,Train
1.234282596,1.650161332,0.814892221,0,0,1,0,0,0,1,0,0,0,0,0,0,0,0,0,0,0,0,0,297,Train
-0.046708293,0.357386932,-0.066855064,0,0,1,0,0,0,0,0,0,0,0,0,0,0,0,1,0,0,0,0,248,Train
1.074158735,1.650161332,1.504955314,0,0,1,0,1,0,0,0,0,0,0,0,0,0,0,0,0,0,0,0,343,Train
-0.847327599,-0.935387468,-0.526897125,0,0,1,0,1,0,0,0,0,0,0,0,0,0,0,0,0,0,0,0,221,Train
-1.247637252,-1.581774668,-1.101949703,0,0,1,0,0,0,0,0,0,0,0,0,0,0,1,0,0,0,0,0,184,Train
1.074158735,1.650161332,1.504955314,0,0,1,0,0,0,0,0,0,0,0,0,0,0,1,0,0,0,0,0,344,Train
-0.847327599,-0.935387468,-0.680244479,0,0,1,0,0,0,0,0,0,0,0,0,0,0,0,0,0,1,0,0,211,Train
-0.847327599,-0.935387468,0.699881706,0,1,0,0,0,0,0,0,0,0,0,1,0,0,0,0,0,0,0,0,209,Train
-1.327699183,-0.935387468,-1.140286541,0,0,0,1,0,0,1,0,0,0,0,0,0,0,0,0,0,0,0,0,182,Train
-0.046708293,0.357386932,-1.025276026,1,0,0,0,0,0,1,0,0,0,0,0,0,0,0,0,0,0,0,0,217,Train
-0.046708293,0.357386932,0.278176483,0,0,1,0,0,0,0,0,0,0,0,0,0,0,0,0,1,0,0,0,269,Train
-0.847327599,-0.935387468,-0.603570802,0,0,0,1,0,0,0,0,0,0,0,0,0,0,0,1,0,0,0,0,216,Train
-1.00745146,-0.935387468,-1.255297057,0,0,0,1,0,0,1,0,0,0,0,0,0,0,0,0,0,0,0,0,174,Train
0.43366329,0.357386932,0.009818613,0,0,0,1,0,0,1,0,0,0,0,0,0,0,0,0,0,0,0,0,252,Train
2.114963833,1.650161332,1.543292152,0,0,0,1,0,0,0,0,0,0,1,0,0,0,0,0,0,0,0,0,346,Train
-0.046708293,0.357386932,0.508197513,0,0,1,0,0,0,0,0,0,0,0,0,0,0,0,0,0,1,0,0,278,Train
-0.447017946,-0.935387468,-0.948602349,0,0,0,1,0,0,0,0,0,0,0,0,0,0,0,1,0,0,0,0,190,Train
-0.847327599,-0.935387468,-0.833591833,0,0,0,1,0,0,0,0,0,0,0,0,0,0,0,1,0,0,0,0,202,Train
1.314344527,1.650161332,1.504955314,0,0,1,0,0,0,0,0,0,0,0,0,0,0,0,0,0,1,0,0,338,Train
-0.046708293,0.357386932,0.776555383,0,0,1,0,0,1,0,0,0,0,0,0,0,0,0,0,0,0,0,0,301,Train
0.193477499,0.357386932,0.316513321,0,0,0,1,0,0,0,0,1,0,0,0,0,0,0,0,0,0,0,0,267,Train
-0.527079877,-0.935387468,-0.641907641,0,0,0,1,0,0,0,0,0,0,0,0,0,0,0,1,0,0,0,0,214,Train
-0.046708293,0.357386932,-0.373549772,0,0,1,0,0,0,1,0,0,0,0,0,0,0,0,0,0,0,0,0,228,Train
1.074158735,1.650161332,0.623208029,0,0,1,0,1,0,0,0,0,0,0,0,0,0,0,0,0,0,0,0,292,Train
-0.447017946,-0.935387468,1.466618475,0,1,0,0,0,0,0,0,0,0,0,1,0,0,0,0,0,0,0,0,240,Train
-0.847327599,-0.935387468,-0.181865579,0,1,0,0,1,0,0,0,0,0,0,0,0,0,0,0,0,0,0,0,165,Train
-0.847327599,-0.935387468,-1.216960218,0,0,0,1,0,0,1,0,0,0,0,0,0,0,0,0,0,0,0,0,180,Train
-0.847327599,-0.935387468,-1.17862338,0,0,0,1,1,0,0,0,0,0,0,0,0,0,0,0,0,0,0,0,180,Train
-0.447017946,-0.935387468,-0.718581318,0,0,0,1,0,0,0,0,0,0,0,0,0,0,0,1,0,0,0,0,205,Train
-0.286894085,-0.935387468,0.124829129,0,0,0,1,0,0,0,0,0,0,1,0,0,0,0,0,0,0,0,0,262,Train
-1.327699183,-0.935387468,-1.063612864,0,0,0,1,1,0,0,0,0,0,0,0,0,0,0,0,0,0,0,0,188,Train
0.35360136,0.357386932,1.121586929,0,0,0,1,0,0,0,0,0,0,0,0,0,0,0,0,1,0,0,0,321,Train
0.35360136,0.357386932,0.431523836,0,0,0,1,0,0,0,0,0,1,0,0,0,0,0,0,0,0,0,0,278,Train
0.113415568,0.357386932,0.316513321,0,0,0,1,0,0,0,0,0,0,0,0,0,0,0,1,0,0,0,0,269,Train
-0.847327599,-0.935387468,-1.255297057,0,0,0,1,0,0,1,0,0,0,0,0,0,0,0,0,0,0,0,0,174,Train
-0.527079877,-0.935387468,-0.296876095,0,0,0,1,0,0,0,0,0,0,0,0,0,0,0,1,0,0,0,0,230,Train
-0.847327599,-0.935387468,-1.101949703,0,0,0,1,1,0,0,0,0,0,0,0,0,0,0,0,0,0,0,0,183,Train
0.43366329,0.357386932,-0.220202418,0,0,0,1,0,0,1,0,0,0,0,0,0,0,0,0,0,0,0,0,235,Train
-0.847327599,-0.935387468,-0.795254995,0,0,0,1,0,1,0,0,0,0,0,0,0,0,0,0,0,0,0,0,205,Train
1.794716111,1.650161332,0.738218544,0,0,0,1,0,0,0,0,0,0,0,0,0,0,0,0,1,0,0,0,292,Train
-0.046708293,0.357386932,-0.488560287,0,0,1,0,0,0,0,0,0,0,0,0,0,0,1,0,0,0,0,0,222,Train
0.43366329,0.357386932,-0.220202418,0,0,0,1,0,0,1,0,0,0,0,0,0,0,0,0,0,0,0,0,235,Train
0.35360136,0.357386932,-0.028518225,0,0,1,0,0,0,0,0,0,0,0,0,0,0,0,1,0,0,0,0,251,Train
0.193477499,0.357386932,0.661544867,0,0,0,1,0,0,0,0,0,0,0,0,0,0,0,1,0,0,0,0,287,Train
-0.046708293,0.357386932,0.009818613,0,0,1,0,0,0,1,0,0,0,0,0,0,0,0,0,0,0,0,0,253,Train
1.71465418,2.942935732,1.888323699,0,0,1,0,0,0,0,0,0,0,0,0,0,0,0,0,0,1,0,0,370,Train
-0.046708293,0.357386932,0.58487119,0,0,1,0,0,0,0,0,0,0,0,0,0,0,0,1,0,0,0,0,287,Train
0.43366329,0.357386932,-0.028518225,0,0,0,1,0,0,1,0,0,0,0,0,0,0,0,0,0,0,0,0,246,Train
-1.167575321,-0.935387468,-1.140286541,0,0,0,1,1,0,0,0,0,0,0,0,0,0,0,0,0,0,0,0,179,Train
1.234282596,1.650161332,1.658302668,0,0,0,1,0,0,0,0,0,0,1,0,0,0,0,0,0,0,0,0,347,Train
-1.247637252,-0.935387468,-0.565233964,0,0,0,1,0,0,0,0,0,0,0,0,0,0,0,1,0,0,0,0,216,Train
0.43366329,0.357386932,0.201502806,0,0,0,1,0,0,0,0,0,0,0,0,0,0,0,0,1,0,0,0,265,Train
-1.167575321,-0.935387468,-0.948602349,0,0,1,0,0,0,1,0,0,0,0,0,0,0,0,0,0,0,0,0,195,Train
0.43366329,0.357386932,0.814892221,0,0,0,1,0,0,0,0,0,0,0,0,0,0,0,0,1,0,0,0,297,Train
0.43366329,0.357386932,-0.335212933,0,0,0,1,1,0,0,0,0,0,0,0,0,0,0,0,0,0,0,0,233,Train
1.554530319,1.650161332,2.655060468,0,1,0,0,0,0,0,0,0,0,1,0,0,0,0,0,0,0,0,0,294,Train
-0.046708293,0.357386932,-0.565233964,0,0,1,0,1,0,0,0,0,0,0,0,0,0,0,0,0,0,0,0,216,Train
0.43366329,0.357386932,0.776555383,0,0,1,0,0,0,1,0,0,0,0,0,0,0,0,0,0,0,0,0,294,Train
-1.247637252,-0.935387468,-1.370307572,0,0,0,1,1,0,0,0,0,0,0,0,0,0,0,0,0,0,0,0,168,Train
-0.447017946,-0.935387468,0.163165967,0,0,1,0,0,0,0,0,0,0,0,0,0,1,0,0,0,0,0,0,258,Train
1.554530319,1.650161332,3.421797238,0,1,0,0,0,0,0,0,0,0,1,0,0,0,0,0,0,0,0,0,315,Train
-1.327699183,-0.935387468,-1.140286541,0,0,0,1,0,0,0,1,0,0,0,0,0,0,0,0,0,0,0,0,182,Train
-1.167575321,-0.935387468,-0.871928672,0,0,1,0,1,0,0,0,0,0,0,0,0,0,0,0,0,0,0,0,196,Train
-0.046708293,0.357386932,0.469860675,0,0,0,1,0,0,0,0,0,0,0,0,0,0,0,1,0,0,0,0,276,Train
-0.447017946,-0.935387468,-0.986939187,0,0,0,1,0,0,0,0,0,0,0,0,0,0,0,1,0,0,0,0,194,Train
-1.247637252,-0.935387468,-1.67700228,0,0,0,1,1,0,0,0,0,0,0,0,0,0,0,0,0,0,0,0,151,Train
-1.327699183,-0.935387468,-1.140286541,0,0,0,1,0,0,0,1,0,0,0,0,0,0,0,0,0,0,0,0,179,Train
-0.847327599,-0.935387468,-1.446981249,0,0,0,1,1,0,0,0,0,0,0,0,0,0,0,0,0,0,0,0,161,Train
-0.046708293,0.357386932,-0.105191902,0,0,1,0,1,0,0,0,0,0,0,0,0,0,0,0,0,0,0,0,246,Train
0.753911013,1.650161332,2.731734145,0,0,1,0,0,0,0,0,0,0,0,0,0,0,0,0,1,0,0,0,401,Train
-0.527079877,-0.935387468,0.124829129,0,0,0,1,0,0,0,0,0,0,0,0,0,0,0,1,0,0,0,0,255,Train
-0.447017946,-0.935387468,-0.028518225,0,0,0,1,0,0,0,0,0,0,0,1,0,0,0,0,0,0,0,0,252,Train
1.794716111,1.650161332,0.891565898,0,0,0,1,0,0,0,0,0,0,1,0,0,0,0,0,0,0,0,0,307,Train
-0.847327599,-0.935387468,-0.680244479,0,0,1,0,0,0,1,0,0,0,0,0,0,0,0,0,0,0,0,0,210,Train
0.43366329,0.357386932,0.699881706,0,0,1,0,0,0,0,0,0,0,0,0,0,0,0,0,1,0,0,0,296,Train
-0.847327599,-0.935387468,-0.641907641,0,0,1,0,1,0,0,0,0,0,0,0,0,0,0,0,0,0,0,0,214,Train
-1.00745146,-0.935387468,-0.986939187,0,0,0,1,0,0,0,0,0,0,0,0,0,1,0,0,0,0,0,0,194,Train
-1.167575321,-0.935387468,-0.948602349,0,0,1,0,0,0,0,0,0,0,0,0,0,0,1,0,0,0,0,0,191,Train
0.753911013,1.650161332,0.35485016,0,0,1,0,1,0,0,0,0,0,0,0,0,0,0,0,0,0,0,0,273,Train
-0.847327599,-0.935387468,-0.603570802,0,0,1,0,1,0,0,0,0,0,0,0,0,0,0,0,0,0,0,0,217,Train
-0.527079877,-0.935387468,-0.871928672,0,0,0,1,0,0,1,0,0,0,0,0,0,0,0,0,0,0,0,0,196,Train
-0.527079877,-0.935387468,-0.948602349,0,0,0,1,0,1,0,0,0,0,0,0,0,0,0,0,0,0,0,0,198,Train
-1.00745146,-0.935387468,-1.140286541,0,0,0,1,0,0,1,0,0,0,0,0,0,0,0,0,0,0,0,0,183,Train
-0.847327599,-0.935387468,-0.220202418,0,0,0,1,0,0,1,0,0,0,0,0,0,0,0,0,0,0,0,0,239,Train
1.794716111,1.650161332,0.738218544,0,0,0,1,0,0,0,0,0,0,1,0,0,0,0,0,0,0,0,0,298,Train
2.515273486,1.650161332,1.159923768,0,0,1,0,0,0,0,0,0,0,0,0,0,0,0,0,1,0,0,0,325,Train
1.554530319,1.650161332,0.968239575,0,0,1,0,0,1,0,0,0,0,0,0,0,0,0,0,0,0,0,0,306,Train
-0.447017946,-0.935387468,0.08649229,0,0,1,0,0,0,0,0,0,0,0,0,0,0,0,0,0,1,0,0,257,Train
1.794716111,1.650161332,2.195018406,0,0,0,1,0,0,0,0,0,0,0,0,0,0,0,0,0,0,0,1,380,Train
0.593787152,0.357386932,0.58487119,0,0,1,0,0,0,0,1,0,0,0,0,0,0,0,0,0,0,0,0,285,Train
0.35360136,0.357386932,0.814892221,0,0,0,1,0,0,0,0,0,1,0,0,0,0,0,0,0,0,0,0,300,Train
0.43366329,0.357386932,-0.143528741,0,0,0,1,0,0,0,0,0,0,1,0,0,0,0,0,0,0,0,0,245,Train
-0.847327599,-0.935387468,-0.718581318,0,0,1,0,0,0,1,0,0,0,0,0,0,0,0,0,0,0,0,0,207,Train
-0.447017946,-0.935387468,-0.450223449,0,0,0,1,0,1,0,0,0,0,0,0,0,0,0,0,0,0,0,0,221,Train
0.35360136,0.357386932,0.469860675,0,0,0,1,0,0,0,0,0,0,0,0,0,0,0,1,0,0,0,0,276,Train
-1.327699183,-0.935387468,-0.986939187,0,0,0,1,0,0,0,0,0,0,0,0,0,0,0,1,0,0,0,0,192,Train
-0.527079877,-0.935387468,-0.833591833,0,0,0,1,0,1,0,0,0,0,0,0,0,0,0,0,0,0,0,0,204,Train
-1.327699183,-0.935387468,-1.025276026,0,0,0,1,0,0,0,0,0,0,0,0,0,0,0,1,0,0,0,0,186,Train
-0.847327599,-0.935387468,-1.523654926,0,0,0,1,0,0,1,0,0,0,0,0,0,0,0,0,0,0,0,0,161,Train
-0.046708293,0.357386932,-0.335212933,0,0,1,0,0,0,0,0,0,0,0,0,0,0,1,0,0,0,0,0,228,Train
-0.607141807,-0.935387468,-0.181865579,0,0,0,1,0,0,0,0,0,0,0,0,0,0,1,0,0,0,0,0,242,Train
-1.167575321,-0.935387468,-1.17862338,0,0,0,1,1,0,0,0,0,0,0,0,0,0,0,0,0,0,0,0,177,Train
-0.847327599,-0.935387468,-0.91026551,0,0,0,1,1,0,0,0,0,0,0,0,0,0,0,0,0,0,0,0,198,Train
1.314344527,1.650161332,1.84998686,0,0,1,0,0,0,0,0,0,0,0,0,0,0,0,0,1,0,0,0,359,Train
-0.527079877,-0.935387468,-0.526897125,0,0,0,1,0,0,0,0,0,0,0,0,0,0,0,1,0,0,0,0,216,Train
-0.847327599,-0.935387468,0.278176483,0,0,0,1,0,0,0,0,0,0,0,0,0,0,0,1,0,0,0,0,264,Train
0.35360136,0.357386932,2.463376276,0,1,0,0,0,0,0,0,0,0,0,0,0,0,0,0,1,0,0,0,282,Train
-0.447017946,-0.935387468,0.201502806,0,0,0,1,0,0,0,0,0,1,0,0,0,0,0,0,0,0,0,0,263,Train
-1.167575321,-0.935387468,-1.446981249,0,0,0,1,1,0,0,0,0,0,0,0,0,0,0,0,0,0,0,0,168,Train
-0.847327599,-0.935387468,-0.718581318,0,0,1,0,1,0,0,0,0,0,0,0,0,0,0,0,0,0,0,0,212,Train
0.35360136,0.357386932,-0.986939187,0,0,1,0,0,0,0,0,0,0,0,0,0,0,0,1,0,0,0,0,189,Train
-1.327699183,-0.935387468,-1.523654926,0,0,0,1,0,0,0,1,0,0,0,0,0,0,0,0,0,0,0,0,156,Train
0.43366329,0.357386932,0.048155452,0,0,0,1,0,1,0,0,0,0,0,0,0,0,0,0,0,0,0,0,255,Train
0.43366329,0.357386932,0.699881706,0,0,0,1,0,0,0,0,0,0,0,0,0,0,0,1,0,0,0,0,290,Train
0.35360136,0.357386932,-0.450223449,0,0,1,0,0,0,1,0,0,0,0,0,0,0,0,0,0,0,0,0,227,Train
-0.046708293,0.357386932,-0.603570802,0,0,1,0,0,1,0,0,0,0,0,0,0,0,0,0,0,0,0,0,212,Train
-0.046708293,0.357386932,-0.220202418,0,0,1,0,0,1,0,0,0,0,0,0,0,0,0,0,0,0,0,0,238,Train
1.794716111,1.650161332,2.386702599,0,1,0,0,0,0,0,0,0,0,1,0,0,0,0,0,0,0,0,0,283,Train
1.794716111,1.650161332,2.61672363,0,1,0,0,0,0,0,0,0,0,0,0,0,0,0,0,1,0,0,0,288,Train
-1.167575321,-0.935387468,-0.986939187,0,0,0,1,0,0,0,0,0,0,0,0,0,1,0,0,0,0,0,0,189,Train
-0.847327599,-0.935387468,-0.756918156,0,0,1,0,0,0,1,0,0,0,0,0,0,0,0,0,0,0,0,0,202,Train
-1.327699183,-0.935387468,-1.140286541,0,0,0,1,0,0,0,1,0,0,0,0,0,0,0,0,0,0,0,0,183,Train
-1.00745146,-0.935387468,-2.17538118,0,0,0,1,0,0,1,0,0,0,0,0,0,0,0,0,0,0,0,0,121,Train
1.394406458,1.650161332,1.35160796,0,0,1,0,0,0,0,0,0,0,0,0,0,0,0,0,1,0,0,0,334,Train
-0.046708293,0.357386932,0.08649229,0,0,1,0,1,0,0,0,0,0,0,0,0,0,0,0,0,0,0,0,257,Train
-0.847327599,-0.935387468,-0.603570802,0,0,1,0,0,1,0,0,0,0,0,0,0,0,0,0,0,0,0,0,217,Train
-0.527079877,-0.935387468,-0.373549772,0,0,0,1,0,0,0,0,0,0,0,1,0,0,0,0,0,0,0,0,231,Train
-0.527079877,-0.935387468,-0.450223449,0,0,1,0,1,0,0,0,0,0,0,0,0,0,0,0,0,0,0,0,221,Train
0.43366329,0.357386932,0.776555383,0,0,0,1,0,0,0,0,0,0,0,0,0,0,0,1,0,0,0,0,298,Train
0.35360136,0.357386932,-0.986939187,0,0,0,1,0,0,0,0,0,0,0,0,0,0,0,0,1,0,0,0,189,Train
-0.046708293,0.357386932,0.546534352,0,0,1,0,0,0,1,0,0,0,0,0,0,0,0,0,0,0,0,0,286,Train
-1.167575321,-0.935387468,-0.833591833,0,0,1,0,1,0,0,0,0,0,0,0,0,0,0,0,0,0,0,0,201,Train
-0.527079877,-0.935387468,-0.296876095,0,0,0,1,0,0,0,0,0,0,0,0,0,0,0,1,0,0,0,0,230,Train
-0.847327599,-0.935387468,-0.680244479,0,0,1,0,0,0,1,0,0,0,0,0,0,0,0,0,0,0,0,0,210,Train
-1.327699183,-0.935387468,-1.331970734,0,0,0,1,1,0,0,0,0,0,0,0,0,0,0,0,0,0,0,0,173,Train
0.35360136,0.357386932,-0.986939187,0,0,1,0,1,0,0,0,0,0,0,0,0,0,0,0,0,0,0,0,193,Train
0.35360136,0.357386932,0.776555383,0,0,0,1,0,0,0,0,0,0,0,0,0,0,0,0,1,0,0,0,294,Train
-0.847327599,-0.935387468,-0.91026551,0,0,0,1,1,0,0,0,0,0,0,0,0,0,0,0,0,0,0,0,198,Train
-0.527079877,-0.935387468,-0.066855064,0,0,0,1,0,0,0,0,0,0,0,0,0,0,0,1,0,0,0,0,244,Train
-0.847327599,-0.935387468,0.316513321,0,0,1,0,1,0,0,0,0,0,0,0,0,0,0,0,0,0,0,0,267,Train
-0.527079877,-0.935387468,-0.220202418,0,0,0,1,0,0,0,0,0,0,0,0,0,0,0,1,0,0,0,0,240,Train
1.794716111,1.650161332,0.85322906,0,0,0,1,0,0,0,0,0,0,1,0,0,0,0,0,0,0,0,0,304,Train
-0.046708293,0.357386932,0.278176483,0,0,1,0,0,0,0,0,0,0,0,0,0,0,0,0,1,0,0,0,269,Train
0.43366329,0.357386932,0.393186998,0,0,0,1,0,0,0,0,0,0,0,0,0,0,0,1,0,0,0,0,276,Train
-0.447017946,-0.935387468,-1.293633895,0,0,0,1,0,0,0,0,0,0,0,0,0,0,0,1,0,0,0,0,170,Train
2.515273486,1.650161332,2.233355245,0,0,1,0,0,0,1,0,0,0,0,0,0,0,0,0,0,0,0,0,382,Train
-0.847327599,-0.935387468,-0.373549772,0,0,1,0,0,0,0,0,0,0,0,0,0,0,0,1,0,0,0,0,231,Train
-0.046708293,0.357386932,-0.181865579,0,0,1,0,0,0,1,0,0,0,0,0,0,0,0,0,0,0,0,0,244,Train
-0.046708293,0.357386932,-0.296876095,1,0,0,0,0,0,0,0,0,0,1,0,0,0,0,0,0,0,0,0,270,Train
-0.046708293,0.357386932,-0.335212933,0,0,1,0,0,0,0,0,0,0,0,0,0,0,1,0,0,0,0,0,232,Train
0.43366329,0.357386932,-0.105191902,0,0,0,1,0,0,1,0,0,0,0,0,0,0,0,0,0,0,0,0,242,Train
0.35360136,0.357386932,-0.181865579,0,0,0,1,0,0,0,0,0,0,0,0,0,0,0,1,0,0,0,0,243,Train
1.554530319,1.650161332,0.891565898,0,0,0,1,0,0,0,0,0,0,1,0,0,0,0,0,0,0,0,0,307,Train
2.114963833,1.650161332,0.58487119,0,0,0,1,0,1,0,0,0,0,0,0,0,0,0,0,0,0,0,0,289,Train
-0.046708293,0.357386932,-0.105191902,0,0,1,0,0,0,0,1,0,0,0,0,0,0,0,0,0,0,0,0,246,Train
0.35360136,0.357386932,-0.181865579,0,0,0,1,0,1,0,0,0,0,0,0,0,0,0,0,0,0,0,0,237,Train
-0.527079877,-0.935387468,-0.181865579,0,0,0,1,0,0,0,0,0,0,0,0,0,0,0,1,0,0,0,0,237,Train
-0.847327599,-0.935387468,0.35485016,0,0,0,1,0,0,0,0,0,0,0,0,0,0,0,1,0,0,0,0,273,Train
1.074158735,1.650161332,1.159923768,0,0,1,0,0,0,1,0,0,0,0,0,0,0,0,0,0,0,0,0,322,Train
-0.447017946,-0.935387468,0.009818613,0,0,0,1,0,0,0,0,0,1,0,0,0,0,0,0,0,0,0,0,252,Train
1.554530319,1.650161332,0.968239575,0,0,1,0,0,1,0,0,0,0,0,0,0,0,0,0,0,0,0,0,306,Train
-0.046708293,0.357386932,0.546534352,0,0,1,0,0,0,0,0,0,0,0,0,0,0,0,1,0,0,0,0,281,Train
-0.847327599,-0.935387468,-0.718581318,0,0,1,0,1,0,0,0,0,0,0,0,0,0,0,0,0,0,0,0,205,Train
-0.046708293,0.357386932,-0.335212933,0,0,1,0,1,0,0,0,0,0,0,0,0,0,0,0,0,0,0,0,232,Train
1.554530319,1.650161332,1.159923768,0,0,0,1,0,0,0,0,0,0,0,0,0,0,1,0,0,0,0,0,324,Train
0.35360136,0.357386932,0.239839644,0,0,0,1,0,0,0,0,0,0,0,0,0,0,0,1,0,0,0,0,268,Train
0.43366329,0.357386932,-0.066855064,0,0,0,1,0,0,0,0,1,0,0,0,0,0,0,0,0,0,0,0,249,Train
1.554530319,1.650161332,1.044913252,0,0,1,0,0,0,0,1,0,0,0,0,0,0,0,0,0,0,0,0,310,Train
-0.847327599,-0.935387468,-0.028518225,0,0,1,0,0,0,0,0,0,0,0,0,0,0,0,1,0,0,0,0,251,Train
-1.00745146,-0.935387468,-0.986939187,0,0,0,1,0,0,0,0,0,0,0,0,0,1,0,0,0,0,0,0,192,Train
-0.847327599,-0.935387468,-0.603570802,0,0,1,0,1,0,0,0,0,0,0,0,0,0,0,0,0,0,0,0,212,Train
-0.847327599,-0.935387468,-0.526897125,0,0,1,0,0,0,0,0,0,0,0,0,0,1,0,0,0,0,0,0,220,Train
-0.847327599,-0.935387468,-0.680244479,0,0,1,0,0,0,0,0,0,0,0,0,0,0,0,1,0,0,0,0,209,Train
-0.847327599,-0.935387468,-1.063612864,0,0,1,0,0,0,0,0,0,0,0,0,0,0,0,0,0,1,0,0,187,Train
0.914034874,1.650161332,2.233355245,0,0,1,0,0,0,0,0,0,0,0,0,0,0,0,0,0,1,0,0,382,Train
-0.847327599,-0.935387468,-0.756918156,0,0,0,1,0,0,0,0,0,0,0,0,0,1,0,0,0,0,0,0,202,Train
1.554530319,1.650161332,0.968239575,0,0,1,0,0,1,0,0,0,0,0,0,0,0,0,0,0,0,0,0,306,Train
0.994096805,0.357386932,0.661544867,0,0,0,1,0,0,0,0,0,0,1,0,0,0,0,0,0,0,0,0,294,Train
1.314344527,1.650161332,0.469860675,0,0,1,0,0,1,0,0,0,0,0,0,0,0,0,0,0,0,0,0,280,Train
2.515273486,1.650161332,1.428281637,0,0,1,0,0,0,0,0,0,0,0,0,0,0,0,0,1,0,0,0,340,Train
-0.847327599,-0.935387468,-0.641907641,0,0,1,0,1,0,0,0,0,0,0,0,0,0,0,0,0,0,0,0,209,Train
-0.847327599,-0.935387468,-1.216960218,0,0,0,1,1,0,0,0,0,0,0,0,0,0,0,0,0,0,0,0,179,Train
0.35360136,0.357386932,1.619965829,0,0,0,1,0,0,0,0,0,0,0,0,0,0,0,0,0,0,0,1,352,Train
0.35360136,0.357386932,-0.450223449,0,0,0,1,0,0,1,0,0,0,0,0,0,0,0,0,0,0,0,0,221,Train
0.513725221,0.357386932,0.239839644,0,0,1,0,0,0,0,0,0,0,0,0,0,0,0,0,0,1,0,0,262,Train
0.513725221,0.357386932,0.35485016,0,0,1,0,0,0,0,0,0,0,0,0,0,0,0,0,0,1,0,0,269,Train
-1.00745146,-0.935387468,-1.485318087,0,0,0,1,0,0,1,0,0,0,0,0,0,0,0,0,0,0,0,0,163,Train
-0.847327599,-0.935387468,-0.450223449,0,0,1,0,1,0,0,0,0,0,0,0,0,0,0,0,0,0,0,0,221,Train
-0.847327599,-0.935387468,-0.91026551,0,0,1,0,1,0,0,0,0,0,0,0,0,0,0,0,0,0,0,0,197,Train
0.43366329,0.357386932,0.316513321,0,0,0,1,0,1,0,0,0,0,0,0,0,0,0,0,0,0,0,0,271,Train
0.35360136,0.357386932,1.313271121,0,0,0,1,0,0,0,0,0,0,0,0,0,0,0,0,1,0,0,0,333,Train
0.35360136,0.357386932,0.278176483,0,0,0,1,0,0,0,0,0,0,0,0,0,0,0,0,1,0,0,0,264,Train
0.753911013,1.650161332,1.121586929,0,0,1,0,0,0,1,0,0,0,0,0,0,0,0,0,0,0,0,0,318,Train
1.074158735,1.650161332,1.159923768,0,0,1,0,0,0,1,0,0,0,0,0,0,0,0,0,0,0,0,0,322,Train
0.193477499,0.357386932,0.35485016,0,0,0,1,0,0,0,0,0,0,1,0,0,0,0,0,0,0,0,0,273,Train
-0.847327599,-0.935387468,-0.565233964,0,0,1,0,0,0,0,0,0,0,0,0,0,0,0,1,0,0,0,0,217,Train
2.114963833,1.650161332,0.58487119,0,0,0,1,0,1,0,0,0,0,0,0,0,0,0,0,0,0,0,0,289,Train
-0.847327599,-0.935387468,-1.331970734,1,0,0,0,1,0,0,0,0,0,0,0,0,0,0,0,0,0,0,0,196,Train
0.753911013,1.650161332,0.201502806,0,0,1,0,0,0,1,0,0,0,0,0,0,0,0,0,0,0,0,0,265,Train
-1.167575321,-0.935387468,-1.063612864,0,0,0,1,1,0,0,0,0,0,0,0,0,0,0,0,0,0,0,0,188,Train
0.35360136,0.357386932,0.239839644,0,0,0,1,0,0,0,0,0,0,1,0,0,0,0,0,0,0,0,0,269,Train
-0.046708293,0.357386932,-0.143528741,0,0,1,0,0,0,0,1,0,0,0,0,0,0,0,0,0,0,0,0,242,Train
1.554530319,1.650161332,0.968239575,0,0,1,0,0,0,0,0,0,0,0,0,0,0,0,0,0,1,0,0,311,Train
1.074158735,1.650161332,1.466618475,0,0,1,0,0,0,0,0,0,0,0,0,0,0,0,0,1,0,0,0,341,Train
-1.327699183,-0.935387468,-1.370307572,0,0,0,1,1,0,0,0,0,0,0,0,0,0,0,0,0,0,0,0,169,Train
1.794716111,1.650161332,2.425039437,0,1,0,0,0,0,0,0,0,0,0,0,0,0,0,0,1,0,0,0,284,Train
-0.286894085,0.357386932,0.393186998,0,0,0,1,0,0,0,0,0,0,1,0,0,0,0,0,0,0,0,0,277,Train
-0.046708293,0.357386932,-0.296876095,0,0,1,0,0,1,0,0,0,0,0,0,0,0,0,0,0,0,0,0,230,Train
-0.847327599,-0.935387468,-1.063612864,0,0,0,1,0,0,1,0,0,0,0,0,0,0,0,0,0,0,0,0,188,Train
0.43366329,0.357386932,2.693397307,0,1,0,0,0,0,0,0,0,0,1,0,0,0,0,0,0,0,0,0,296,Train
-0.527079877,-0.935387468,-0.335212933,0,0,0,1,0,0,0,0,0,0,0,0,0,1,0,0,0,0,0,0,228,Train
-0.847327599,-0.935387468,-1.063612864,0,0,0,1,0,0,1,0,0,0,0,0,0,0,0,0,0,0,0,0,188,Train
-0.847327599,-0.935387468,-0.488560287,0,0,1,0,0,0,0,0,0,0,0,0,0,0,0,1,0,0,0,0,222,Train
1.554530319,1.650161332,2.578386791,0,1,0,0,0,1,0,0,0,0,0,0,0,0,0,0,0,0,0,0,280,Train
-0.847327599,-0.935387468,-0.526897125,0,0,1,0,0,0,0,0,0,0,0,0,0,0,1,0,0,0,0,0,219,Train
-1.167575321,-0.935387468,-0.871928672,0,0,0,1,1,0,0,0,0,0,0,0,0,0,0,0,0,0,0,0,196,Train
-0.527079877,-0.935387468,-0.335212933,0,0,0,1,0,0,0,0,0,0,0,0,0,0,0,1,0,0,0,0,234,Train
-0.046708293,0.357386932,0.891565898,0,0,1,0,0,1,0,0,0,0,0,0,0,0,0,0,0,0,0,0,301,Train
-0.527079877,-0.935387468,-0.526897125,0,0,0,1,0,0,0,0,0,0,0,0,0,0,0,1,0,0,0,0,220,Train
-0.847327599,-0.935387468,-0.833591833,0,0,1,0,1,0,0,0,0,0,0,0,0,0,0,0,0,0,0,0,204,Train
-0.046708293,0.357386932,-0.296876095,0,0,1,0,0,0,1,0,0,0,0,0,0,0,0,0,0,0,0,0,236,Train
0.35360136,0.357386932,0.661544867,0,0,0,1,0,0,0,0,0,0,0,0,0,0,0,0,1,0,0,0,294,Train
0.43366329,0.357386932,0.316513321,0,0,0,1,0,0,1,0,0,0,0,0,0,0,0,0,0,0,0,0,267,Train
-0.046708293,0.357386932,0.163165967,0,0,1,0,0,0,1,0,0,0,0,0,0,0,0,0,0,0,0,0,258,Train
-0.527079877,-0.935387468,0.546534352,0,1,0,0,0,0,0,0,0,0,0,0,0,0,0,1,0,0,0,0,201,Train
-0.847327599,-0.935387468,-0.641907641,0,0,0,1,0,1,0,0,0,0,0,0,0,0,0,0,0,0,0,0,214,Train
-1.167575321,-0.935387468,-1.063612864,0,0,1,0,0,0,0,0,0,0,0,0,0,0,1,0,0,0,0,0,184,Train
-1.167575321,-0.935387468,-0.718581318,0,0,1,0,0,0,0,0,0,0,0,0,0,1,0,0,0,0,0,0,209,Train
2.114963833,1.650161332,1.006576414,0,0,0,1,0,1,0,0,0,0,0,0,0,0,0,0,0,0,0,0,308,Train
0.35360136,0.357386932,-0.105191902,0,0,1,0,0,0,0,0,0,0,0,0,0,0,1,0,0,0,0,0,242,Train
0.994096805,0.357386932,2.425039437,0,1,0,0,0,0,0,0,0,0,1,0,0,0,0,0,0,0,0,0,284,Train
-0.286894085,0.357386932,0.124829129,0,0,0,1,0,0,0,0,0,0,1,0,0,0,0,0,0,0,0,0,260,Train
-0.847327599,-0.935387468,-0.296876095,0,0,1,0,0,0,0,0,0,0,0,0,0,0,1,0,0,0,0,0,230,Train
-1.167575321,-0.935387468,-1.140286541,0,0,1,0,0,0,0,0,0,0,0,0,0,1,0,0,0,0,0,0,183,Train
-0.527079877,-0.935387468,-0.335212933,0,0,0,1,0,0,0,0,0,0,0,0,0,1,0,0,0,0,0,0,228,Train
-0.447017946,-0.935387468,-0.986939187,0,0,0,1,0,0,1,0,0,0,0,0,0,0,0,0,0,0,0,0,189,Train
-0.046708293,0.357386932,-0.105191902,0,0,1,0,0,0,1,0,0,0,0,0,0,0,0,0,0,0,0,0,242,Train
-1.327699183,-0.935387468,-0.795254995,0,0,0,1,0,0,0,0,0,0,0,0,0,0,0,1,0,0,0,0,200,Train
0.753911013,1.650161332,0.929902737,0,0,1,0,0,0,0,0,0,0,0,0,0,0,0,1,0,0,0,0,309,Train
2.114963833,1.650161332,0.776555383,0,0,0,1,0,0,1,0,0,0,0,0,0,0,0,0,0,0,0,0,294,Train
2.515273486,1.650161332,1.274934283,0,0,1,0,0,0,1,0,0,0,0,0,0,0,0,0,0,0,0,0,332,Train
-1.00745146,-0.935387468,-1.063612864,0,0,0,1,1,0,0,0,0,0,0,0,0,0,0,0,0,0,0,0,184,Train
1.794716111,1.650161332,3.191776207,0,1,0,0,0,0,0,0,0,0,0,0,0,0,0,0,1,0,0,0,317,Train
-0.847327599,-0.935387468,-0.91026551,0,0,0,1,1,0,0,0,0,0,0,0,0,0,0,0,0,0,0,0,193,Train
0.593787152,0.357386932,0.623208029,0,0,1,0,0,0,0,0,0,0,0,0,0,0,1,0,0,0,0,0,285,Train
-1.327699183,-0.935387468,-1.293633895,0,0,0,1,1,0,0,0,0,0,0,0,0,0,0,0,0,0,0,0,175,Train
-1.327699183,-0.935387468,-1.063612864,0,0,0,1,0,0,1,0,0,0,0,0,0,0,0,0,0,0,0,0,184,Train
0.43366329,0.357386932,0.776555383,0,0,0,1,0,0,0,0,0,0,0,0,0,0,0,1,0,0,0,0,298,Train
0.193477499,0.357386932,-0.028518225,0,0,0,1,0,1,0,0,0,0,0,0,0,0,0,0,0,0,0,0,251,Train
0.113415568,0.357386932,-0.220202418,0,0,0,1,0,0,1,0,0,0,0,0,0,0,0,0,0,0,0,0,235,Train
1.314344527,1.650161332,1.888323699,0,0,1,0,0,0,0,0,0,0,0,0,0,0,0,0,1,0,0,0,370,Train
-0.847327599,-0.935387468,-0.028518225,0,0,1,0,0,0,1,0,0,0,0,0,0,0,0,0,0,0,0,0,252,Train
1.794716111,1.650161332,1.236597445,0,0,0,1,0,0,0,0,0,0,1,0,0,0,0,0,0,0,0,0,329,Train
-1.487823044,-1.581774668,-1.868686472,0,0,0,1,1,0,0,0,0,0,0,0,0,0,0,0,0,0,0,0,136,Train
0.753911013,1.650161332,0.469860675,0,0,1,0,0,0,0,0,0,0,0,0,0,0,1,0,0,0,0,0,282,Train
-0.847327599,-0.935387468,-0.718581318,0,0,1,0,1,0,0,0,0,0,0,0,0,0,0,0,0,0,0,0,209,Train
-0.527079877,-0.935387468,-0.756918156,0,0,0,1,0,0,1,0,0,0,0,0,0,0,0,0,0,0,0,0,202,Train
1.554530319,1.650161332,1.504955314,0,0,1,0,0,0,0,0,0,0,0,0,0,0,0,0,1,0,0,0,338,Train
-0.046708293,0.357386932,-0.143528741,0,0,1,0,0,0,0,0,0,0,0,0,0,0,1,0,0,0,0,0,245,Train
-1.167575321,-0.935387468,-0.680244479,0,0,0,1,0,0,0,0,0,0,0,0,0,1,0,0,0,0,0,0,207,Train
-0.286894085,0.357386932,0.278176483,0,0,0,1,0,0,1,0,0,0,0,0,0,0,0,0,0,0,0,0,270,Train
-1.00745146,-0.935387468,-0.948602349,0,0,0,1,0,0,0,0,0,0,0,0,0,0,0,1,0,0,0,0,193,Train
0.43366329,0.357386932,0.431523836,0,0,0,1,0,0,1,0,0,0,0,0,0,0,0,0,0,0,0,0,272,Train
-0.847327599,-0.935387468,-0.718581318,0,0,1,0,0,0,1,0,0,0,0,0,0,0,0,0,0,0,0,0,208,Train
-0.447017946,-0.935387468,-1.485318087,0,0,0,1,0,0,1,0,0,0,0,0,0,0,0,0,0,0,0,0,164,Train
0.753911013,0.357386932,1.044913252,0,0,0,1,0,0,0,0,0,1,0,0,0,0,0,0,0,0,0,0,317,Train
2.114963833,1.650161332,1.236597445,0,0,0,1,0,0,0,0,0,0,0,0,0,0,0,0,1,0,0,0,328,Train
-1.167575321,-0.935387468,-0.680244479,0,0,1,0,1,0,0,0,0,0,0,0,0,0,0,0,0,0,0,0,212,Train
-0.447017946,-0.935387468,-0.066855064,0,0,1,0,0,0,0,0,0,0,0,0,0,0,0,0,0,1,0,0,249,Train
-1.327699183,-0.935387468,-1.293633895,0,0,0,1,1,0,0,0,0,0,0,0,0,0,0,0,0,0,0,0,172,Train
-1.00745146,-0.935387468,-0.450223449,0,0,0,1,0,0,0,0,0,0,0,0,0,1,0,0,0,0,0,0,225,Train
0.43366329,0.357386932,0.776555383,0,0,0,1,0,0,0,0,0,0,0,0,0,0,0,1,0,0,0,0,294,Train
-0.046708293,0.357386932,0.814892221,0,0,1,0,0,0,0,0,0,0,0,0,0,0,0,0,0,1,0,0,302,Train
-0.447017946,-0.935387468,0.239839644,0,0,0,1,0,0,0,0,0,1,0,0,0,0,0,0,0,0,0,0,268,Train
-0.847327599,-0.935387468,0.163165967,0,0,0,1,0,0,0,0,0,0,0,0,0,0,0,1,0,0,0,0,264,Train
1.794716111,1.650161332,1.006576414,0,0,0,1,0,0,0,0,0,0,0,0,0,0,0,0,1,0,0,0,314,Train
-0.847327599,-0.935387468,-0.526897125,0,0,0,1,0,0,0,0,0,0,0,1,0,0,0,0,0,0,0,0,216,Train
0.513725221,0.357386932,0.661544867,0,0,0,1,0,0,0,0,0,0,0,0,0,0,0,1,0,0,0,0,293,Train
-0.847327599,-0.935387468,-2.213718019,0,0,0,1,0,1,0,0,0,0,0,0,0,0,0,0,0,0,0,0,117,Train
0.753911013,0.357386932,1.121586929,0,0,0,1,0,0,0,0,0,1,0,0,0,0,0,0,0,0,0,0,315,Train
1.794716111,1.650161332,2.463376276,0,1,0,0,0,0,0,0,0,0,1,0,0,0,0,0,0,0,0,0,286,Train
0.43366329,0.357386932,0.08649229,0,0,0,1,0,1,0,0,0,0,0,0,0,0,0,0,0,0,0,0,258,Train
-0.527079877,-0.935387468,-0.718581318,0,0,0,1,0,0,1,0,0,0,0,0,0,0,0,0,0,0,0,0,207,Train
-0.847327599,-0.935387468,-0.871928672,0,0,1,0,1,0,0,0,0,0,0,0,0,0,0,0,0,0,0,0,200,Train
0.43366329,0.357386932,1.964997376,0,1,0,0,0,1,0,0,0,0,0,0,0,0,0,0,0,0,0,0,254,Train
-0.847327599,-0.935387468,-0.066855064,0,0,1,0,0,0,0,0,0,0,0,0,0,0,0,1,0,0,0,0,248,Train
0.753911013,1.650161332,1.274934283,0,0,1,0,0,0,0,0,0,0,0,0,0,0,0,0,1,0,0,0,329,Train
-0.847327599,-0.935387468,-0.143528741,0,0,1,0,0,0,0,0,0,0,0,0,0,0,0,1,0,0,0,0,244,Train
-0.847327599,-0.935387468,-0.680244479,0,0,1,0,0,0,0,0,0,0,0,0,0,0,1,0,0,0,0,0,210,Train
-0.447017946,-0.935387468,-1.370307572,0,0,0,1,1,0,0,0,0,0,0,0,0,0,0,0,0,0,0,0,166,Train
-0.046708293,0.357386932,-0.41188661,0,0,1,0,0,0,0,1,0,0,0,0,0,0,0,0,0,0,0,0,227,Train
1.794716111,1.650161332,0.85322906,0,0,0,1,0,0,0,0,0,0,0,0,0,0,0,0,1,0,0,0,304,Train
-0.527079877,-0.935387468,-0.833591833,0,0,0,1,0,0,0,0,0,0,0,0,0,0,0,1,0,0,0,0,202,Train
-1.327699183,-0.935387468,-1.140286541,0,0,0,1,0,0,0,1,0,0,0,0,0,0,0,0,0,0,0,0,179,Train
2.114963833,1.650161332,1.159923768,0,0,0,1,0,0,0,0,0,0,1,0,0,0,0,0,0,0,0,0,325,Train
0.43366329,0.357386932,-0.296876095,0,0,0,1,1,0,0,0,0,0,0,0,0,0,0,0,0,0,0,0,234,Train
-1.327699183,-0.935387468,-0.948602349,0,0,0,1,0,0,0,0,0,0,0,0,0,0,0,1,0,0,0,0,194,Train
2.034901902,1.650161332,2.195018406,0,0,0,1,0,0,0,0,0,0,0,0,0,0,0,0,1,0,0,0,380,Train
0.753911013,1.650161332,1.006576414,0,0,1,0,0,0,1,0,0,0,0,0,0,0,0,0,0,0,0,0,312,Train
-1.167575321,-0.935387468,-0.756918156,0,0,1,0,0,0,0,0,0,0,0,0,0,1,0,0,0,0,0,0,202,Train
-0.527079877,-0.935387468,1.083250091,0,1,0,0,0,0,0,0,0,0,0,0,0,0,0,1,0,0,0,0,223,Train
-0.046708293,0.357386932,0.163165967,0,0,1,0,0,0,0,0,0,0,0,0,0,0,0,1,0,0,0,0,258,Train
0.753911013,0.357386932,0.929902737,0,0,0,1,0,0,0,0,0,0,0,0,0,0,0,0,1,0,0,0,308,Train
-0.847327599,-0.935387468,-1.17862338,0,0,0,1,0,0,0,0,0,0,0,0,0,0,0,1,0,0,0,0,177,Train
-0.046708293,0.357386932,0.278176483,0,0,1,0,0,0,0,0,0,0,0,0,0,0,0,1,0,0,0,0,270,Train
-0.527079877,-0.935387468,-0.526897125,0,0,0,1,0,0,0,0,0,0,0,0,0,0,0,1,0,0,0,0,220,Train
-0.447017946,-0.289000268,-0.258539256,0,0,0,1,0,0,0,0,0,0,0,0,0,0,1,0,0,0,0,0,232,Train
-1.00745146,-0.935387468,-0.986939187,0,0,0,1,1,0,0,0,0,0,0,0,0,0,0,0,0,0,0,0,189,Train
0.43366329,0.357386932,0.239839644,0,0,0,1,0,0,0,0,0,0,0,0,0,0,0,0,1,0,0,0,268,Train
-1.247637252,-0.935387468,-1.331970734,0,0,0,1,0,0,0,0,0,0,0,0,0,1,0,0,0,0,0,0,168,Train
1.234282596,1.650161332,0.58487119,0,0,1,0,0,0,1,0,0,0,0,0,0,0,0,0,0,0,0,0,283,Train
-0.847327599,-0.935387468,-0.565233964,0,0,0,1,0,0,0,0,0,0,0,0,0,0,0,1,0,0,0,0,217,Train
-1.247637252,-0.935387468,-1.331970734,0,0,1,0,0,1,0,0,0,0,0,0,0,0,0,0,0,0,0,0,170,Train
0.513725221,0.357386932,0.163165967,0,0,0,1,0,0,0,0,0,0,0,0,0,0,1,0,0,0,0,0,258,Train
-0.046708293,0.357386932,0.393186998,0,0,0,1,0,0,0,0,0,0,0,0,0,0,0,0,1,0,0,0,278,Train
-0.847327599,-0.935387468,-1.293633895,1,0,0,0,1,0,0,0,0,0,0,0,0,0,0,0,0,0,0,0,198,Train
-0.847327599,-0.935387468,-0.795254995,0,0,1,0,0,0,0,0,0,0,0,0,0,0,0,1,0,0,0,0,203,Train
1.954839972,1.650161332,0.929902737,0,0,1,0,1,0,0,0,0,0,0,0,0,0,0,0,0,0,0,0,304,Train
2.515273486,1.650161332,1.504955314,0,0,1,0,0,1,0,0,0,0,0,0,0,0,0,0,0,0,0,0,338,Train
-0.847327599,-0.935387468,-0.871928672,0,0,1,0,0,0,0,0,0,0,0,0,0,0,0,0,0,1,0,0,200,Train
1.394406458,1.650161332,2.770070984,0,0,0,1,0,0,0,0,0,0,0,0,0,0,0,0,0,0,0,1,414,Train
-0.046708293,0.357386932,-0.335212933,0,0,1,0,0,0,1,0,0,0,0,0,0,0,0,0,0,0,0,0,232,Train
-0.527079877,-0.935387468,-0.526897125,0,0,0,1,0,0,0,0,0,0,0,0,0,0,0,1,0,0,0,0,221,Train
-1.327699183,-0.935387468,-1.255297057,0,0,0,1,1,0,0,0,0,0,0,0,0,0,0,0,0,0,0,0,176,Train
1.074158735,1.650161332,1.121586929,0,0,1,0,1,0,0,0,0,0,0,0,0,0,0,0,0,0,0,0,321,Train
-0.847327599,-0.935387468,-0.450223449,0,0,1,0,0,0,0,1,0,0,0,0,0,0,0,0,0,0,0,0,221,Train
-0.206832154,-0.935387468,-0.143528741,1,0,0,0,0,0,0,0,0,1,0,0,0,0,0,0,0,0,0,0,279,Train
1.794716111,1.650161332,3.268449884,0,1,0,0,0,0,0,0,0,0,0,0,0,0,0,0,1,0,0,0,321,Train
-1.247637252,-0.935387468,-1.868686472,0,0,1,0,1,0,0,0,0,0,0,0,0,0,0,0,0,0,0,0,136,Train
-1.327699183,-0.935387468,-1.523654926,0,0,0,1,1,0,0,0,0,0,0,0,0,0,0,0,0,0,0,0,159,Train
-0.046708293,0.357386932,-0.220202418,1,0,0,0,0,0,0,0,0,0,0,0,0,0,0,0,1,0,0,0,277,Train
-0.527079877,-0.935387468,-0.450223449,0,0,0,1,0,0,0,0,0,0,0,0,0,0,0,1,0,0,0,0,223,Train
-0.046708293,0.357386932,0.814892221,0,0,1,0,0,0,0,0,0,0,0,0,0,0,0,0,0,1,0,0,302,Train
0.35360136,0.357386932,-0.450223449,0,0,1,0,1,0,0,0,0,0,0,0,0,0,0,0,0,0,0,0,226,Train
-0.447017946,-0.935387468,-1.025276026,0,0,0,1,0,0,1,0,0,0,0,0,0,0,0,0,0,0,0,0,186,Train
-0.527079877,-0.935387468,-0.948602349,0,0,1,0,1,0,0,0,0,0,0,0,0,0,0,0,0,0,0,0,196,Train
1.794716111,1.650161332,1.658302668,0,0,0,1,0,0,0,0,0,0,1,0,0,0,0,0,0,0,0,0,354,Train
-0.847327599,-0.935387468,-0.565233964,0,0,0,1,0,0,0,0,0,0,0,0,0,0,0,1,0,0,0,0,214,Train
1.954839972,1.650161332,0.929902737,0,0,1,0,0,1,0,0,0,0,0,0,0,0,0,0,0,0,0,0,304,Train
-0.046708293,0.357386932,0.623208029,0,0,1,0,1,0,0,0,0,0,0,0,0,0,0,0,0,0,0,0,285,Train
-0.447017946,-0.935387468,-0.526897125,0,0,0,1,0,0,1,0,0,0,0,0,0,0,0,0,0,0,0,0,216,Train
0.753911013,0.357386932,0.968239575,0,0,0,1,0,0,0,0,0,0,0,0,0,0,0,0,1,0,0,0,310,Train
-0.527079877,-0.935387468,0.009818613,0,0,0,1,0,0,0,0,0,0,0,0,0,0,0,1,0,0,0,0,251,Train
0.593787152,0.357386932,0.239839644,0,0,1,0,0,0,0,1,0,0,0,0,0,0,0,0,0,0,0,0,267,Train
-1.00745146,-0.935387468,-2.290391696,0,0,0,1,0,0,1,0,0,0,0,0,0,0,0,0,0,0,0,0,110,Train
-0.847327599,-0.935387468,-0.603570802,0,0,0,1,0,1,0,0,0,0,0,0,0,0,0,0,0,0,0,0,214,Train
0.273539429,0.357386932,-0.181865579,0,0,1,0,0,0,0,1,0,0,0,0,0,0,0,0,0,0,0,0,237,Train
-0.527079877,-0.935387468,-0.565233964,0,0,0,1,0,0,0,0,0,0,0,0,0,0,0,1,0,0,0,0,218,Train
-0.527079877,-0.935387468,-0.986939187,0,0,0,1,0,0,1,0,0,0,0,0,0,0,0,0,0,0,0,0,190,Train
1.794716111,1.650161332,2.578386791,0,1,0,0,0,0,0,0,0,0,1,0,0,0,0,0,0,0,0,0,280,Train
-0.527079877,-0.935387468,-0.105191902,0,0,0,1,0,0,0,0,0,0,0,0,0,0,0,1,0,0,0,0,247,Train
-0.447017946,-0.935387468,-0.680244479,0,0,0,1,1,0,0,0,0,0,0,0,0,0,0,0,0,0,0,0,207,Train
-1.00745146,-0.935387468,-1.101949703,0,0,0,1,1,0,0,0,0,0,0,0,0,0,0,0,0,0,0,0,182,Train
-0.527079877,-0.935387468,-0.373549772,0,0,1,0,1,0,0,0,0,0,0,0,0,0,0,0,0,0,0,0,225,Train
-1.247637252,-0.935387468,-1.485318087,0,0,0,1,0,1,0,0,0,0,0,0,0,0,0,0,0,0,0,0,162,Train
0.35360136,0.357386932,-0.258539256,0,0,1,0,0,0,0,0,0,0,0,0,0,0,0,1,0,0,0,0,232,Train
0.35360136,0.357386932,0.393186998,0,0,0,1,0,0,0,0,0,0,0,0,0,0,0,1,0,0,0,0,271,Train
2.515273486,1.650161332,1.84998686,0,0,1,0,0,0,0,0,0,0,0,0,0,0,0,0,0,1,0,0,368,Train
-0.447017946,-0.935387468,0.201502806,0,0,0,1,0,0,0,0,0,1,0,0,0,0,0,0,0,0,0,0,266,Train
2.515273486,1.650161332,1.006576414,0,0,1,0,0,0,0,0,0,0,0,0,0,0,0,0,0,1,0,0,313,Train
-0.046708293,0.357386932,0.316513321,0,0,1,0,0,0,0,0,0,0,0,0,0,0,1,0,0,0,0,0,271,Train
-0.447017946,-0.935387468,0.738218544,0,0,1,0,1,0,0,0,0,0,0,0,0,0,0,0,0,0,0,0,297,Train
-1.327699183,-0.935387468,-1.101949703,0,0,0,1,0,0,0,1,0,0,0,0,0,0,0,0,0,0,0,0,183,Train
-1.00745146,-0.935387468,-0.871928672,0,0,0,1,1,0,0,0,0,0,0,0,0,0,0,0,0,0,0,0,196,Train
-0.447017946,-0.935387468,0.58487119,0,0,0,1,0,0,0,0,0,1,0,0,0,0,0,0,0,0,0,0,290,Train
-0.847327599,-0.935387468,-1.446981249,0,0,0,1,0,0,1,0,0,0,0,0,0,0,0,0,0,0,0,0,165,Train
1.314344527,1.650161332,0.316513321,0,0,1,0,0,0,1,0,0,0,0,0,0,0,0,0,0,0,0,0,267,Train
1.794716111,1.650161332,1.159923768,0,0,0,1,0,0,0,0,0,0,0,0,0,0,0,0,1,0,0,0,317,Train
-0.847327599,-0.935387468,-0.756918156,0,0,0,1,0,0,0,0,0,0,0,0,0,0,0,1,0,0,0,0,206,Train
-0.527079877,-0.935387468,-0.488560287,0,0,0,1,1,0,0,0,0,0,0,0,0,0,0,0,0,0,0,0,218,Train
-0.847327599,-0.935387468,-0.335212933,0,0,1,0,0,0,0,0,0,0,0,0,0,0,0,1,0,0,0,0,231,Train
-0.046708293,0.357386932,0.393186998,0,0,1,0,0,1,0,0,0,0,0,0,0,0,0,0,0,0,0,0,276,Train
1.074158735,1.650161332,1.466618475,0,0,1,0,0,0,0,0,0,0,0,0,0,0,0,0,1,0,0,0,336,Train
-0.847327599,-0.935387468,-0.296876095,0,0,0,1,0,0,0,0,0,0,0,0,0,0,0,1,0,0,0,0,235,Train
0.43366329,0.357386932,1.121586929,0,0,0,1,0,0,0,0,0,0,0,0,0,0,0,0,1,0,0,0,323,Train
-0.447017946,-0.935387468,-0.986939187,0,0,0,1,0,0,0,0,0,0,0,0,0,0,0,1,0,0,0,0,192,Train
-0.847327599,-0.935387468,-1.063612864,0,0,0,1,0,0,0,0,0,0,0,0,0,0,0,1,0,0,0,0,188,Train
-0.847327599,-0.935387468,-0.565233964,0,0,1,0,0,0,1,0,0,0,0,0,0,0,0,0,0,0,0,0,220,Train
-0.847327599,-0.935387468,-0.488560287,0,0,1,0,0,0,0,0,0,0,0,0,1,0,0,0,0,0,0,0,222,Train
2.515273486,1.650161332,1.428281637,0,0,1,0,0,0,1,0,0,0,0,0,0,0,0,0,0,0,0,0,339,Train
1.074158735,1.650161332,0.316513321,0,0,1,0,0,0,0,0,0,0,0,0,0,0,1,0,0,0,0,0,270,Train
0.35360136,0.357386932,0.048155452,0,0,1,0,1,0,0,0,0,0,0,0,0,0,0,0,0,0,0,0,254,Train
-0.527079877,-0.935387468,-0.181865579,0,0,0,1,0,0,0,0,0,0,0,0,0,0,0,1,0,0,0,0,239,Train
0.43366329,0.357386932,0.58487119,0,0,0,1,0,0,0,0,0,0,0,0,0,0,0,0,1,0,0,0,283,Train
-0.046708293,0.357386932,-0.258539256,1,0,0,0,0,0,0,0,0,0,1,0,0,0,0,0,0,0,0,0,273,Train
-0.527079877,-0.935387468,-0.680244479,0,0,0,1,0,0,0,0,0,0,0,0,0,0,0,1,0,0,0,0,211,Train
-0.527079877,-0.935387468,-0.373549772,0,0,0,1,0,0,1,0,0,0,0,0,0,0,0,0,0,0,0,0,225,Train
1.794716111,1.650161332,2.923418338,0,1,0,0,0,0,0,0,0,0,0,0,0,0,0,0,1,0,0,0,294,Train
-0.046708293,0.357386932,-0.143528741,0,0,1,0,0,0,1,0,0,0,0,0,0,0,0,0,0,0,0,0,243,Train
-0.847327599,-0.935387468,-1.025276026,0,0,0,1,1,0,0,0,0,0,0,0,0,0,0,0,0,0,0,0,189,Train
-0.847327599,-0.935387468,-1.101949703,1,0,0,0,0,0,0,0,0,0,0,0,0,0,0,1,0,0,0,0,211,Train
0.994096805,0.357386932,1.236597445,0,0,0,1,0,0,0,0,0,0,1,0,0,0,0,0,0,0,0,0,329,Train
-0.447017946,-0.935387468,-0.833591833,0,0,0,1,0,0,0,0,0,0,0,0,0,0,0,1,0,0,0,0,198,Train
-0.847327599,-0.935387468,-0.066855064,0,0,1,0,0,0,0,0,0,0,0,0,0,0,0,1,0,0,0,0,248,Train
-0.607141807,-0.935387468,-0.143528741,0,0,0,1,0,0,0,0,0,0,0,0,0,0,1,0,0,0,0,0,243,Train
-0.847327599,-0.935387468,-1.025276026,0,0,0,1,0,0,0,0,0,0,0,0,0,0,0,1,0,0,0,0,186,Train
-1.167575321,-0.935387468,-0.871928672,0,0,0,1,0,0,0,0,0,0,0,0,0,1,0,0,0,0,0,0,199,Train
-0.046708293,0.357386932,0.699881706,0,0,1,0,0,0,0,0,0,0,0,0,0,0,0,0,0,1,0,0,296,Train
0.43366329,0.357386932,0.508197513,0,0,0,1,0,0,0,0,0,0,0,0,0,0,0,0,1,0,0,0,278,Train
2.114963833,1.650161332,0.968239575,0,0,0,1,0,1,0,0,0,0,0,0,0,0,0,0,0,0,0,0,312,Train
-1.167575321,-0.935387468,-1.140286541,0,0,1,0,0,0,0,0,0,0,0,0,0,0,1,0,0,0,0,0,179,Train
-1.327699183,-0.935387468,-1.140286541,0,0,0,1,0,0,0,1,0,0,0,0,0,0,0,0,0,0,0,0,179,Train
-1.327699183,-0.935387468,-0.718581318,0,0,0,1,0,0,0,0,0,0,0,0,0,0,0,1,0,0,0,0,209,Train
-0.046708293,0.357386932,-0.795254995,0,0,1,0,1,0,0,0,0,0,0,0,0,0,0,0,0,0,0,0,200,Train
-0.046708293,0.357386932,-0.066855064,0,0,1,0,0,0,0,0,0,0,0,0,0,0,0,1,0,0,0,0,246,Train
0.43366329,0.357386932,0.08649229,0,0,0,1,0,0,0,0,0,0,0,0,0,0,0,0,1,0,0,0,258,Train
-1.167575321,-0.935387468,-1.523654926,0,0,0,1,0,0,1,0,0,0,0,0,0,0,0,0,0,0,0,0,161,Train
-0.447017946,-0.935387468,-1.830349634,0,0,0,1,0,0,1,0,0,0,0,0,0,0,0,0,0,0,0,0,138,Train
0.513725221,0.357386932,0.546534352,0,0,0,1,0,1,0,0,0,0,0,0,0,0,0,0,0,0,0,0,287,Train
1.71465418,2.942935732,1.428281637,0,0,1,0,0,0,0,0,0,0,0,0,0,0,0,0,0,1,0,0,338,Train
-0.847327599,-0.935387468,-0.603570802,0,0,1,0,0,0,0,0,0,0,0,0,0,0,0,1,0,0,0,0,212,Train
1.314344527,1.650161332,0.393186998,0,0,1,0,0,0,0,0,0,0,0,0,0,0,0,0,0,1,0,0,275,Train
-1.167575321,-0.935387468,-0.948602349,0,0,0,1,0,1,0,0,0,0,0,0,0,0,0,0,0,0,0,0,194,Train
0.35360136,0.357386932,-1.025276026,0,0,1,0,0,0,1,0,0,0,0,0,0,0,0,0,0,0,0,0,190,Train
-0.847327599,-0.935387468,-0.795254995,0,0,0,1,0,0,1,0,0,0,0,0,0,0,0,0,0,0,0,0,205,Train
-0.046708293,0.357386932,-0.028518225,0,0,1,0,1,0,0,0,0,0,0,0,0,0,0,0,0,0,0,0,252,Train
0.43366329,0.357386932,0.048155452,0,0,0,1,0,0,0,0,1,0,0,0,0,0,0,0,0,0,0,0,257,Train
-0.527079877,-0.935387468,-0.526897125,0,0,0,1,1,0,0,0,0,0,0,0,0,0,0,0,0,0,0,0,216,Train
-0.447017946,-0.935387468,-1.830349634,0,0,0,1,0,0,1,0,0,0,0,0,0,0,0,0,0,0,0,0,138,Train
-0.447017946,-0.935387468,-0.718581318,0,0,0,1,0,0,0,0,0,0,0,0,0,0,0,1,0,0,0,0,208,Train
0.513725221,0.357386932,0.776555383,0,0,1,0,0,0,0,0,0,0,0,0,0,0,0,1,0,0,0,0,294,Train
-1.167575321,-0.935387468,-1.370307572,0,0,0,1,0,0,1,0,0,0,0,0,0,0,0,0,0,0,0,0,169,Train
-0.847327599,-0.935387468,-0.641907641,0,0,1,0,0,0,0,0,0,0,0,0,0,0,1,0,0,0,0,0,211,Train
0.35360136,0.357386932,-0.948602349,0,0,0,1,0,0,0,0,0,0,0,0,0,0,0,0,1,0,0,0,191,Train
1.554530319,1.650161332,1.313271121,0,0,1,0,0,1,0,0,0,0,0,0,0,0,0,0,0,0,0,0,332,Train
0.753911013,0.357386932,0.929902737,0,0,0,1,0,0,0,0,0,0,0,0,0,0,0,0,1,0,0,0,308,Train
-1.167575321,-0.935387468,-1.101949703,0,0,0,1,0,0,0,0,0,0,0,0,0,0,1,0,0,0,0,0,184,Train
0.273539429,0.357386932,-0.105191902,0,0,1,0,0,0,0,1,0,0,0,0,0,0,0,0,0,0,0,0,242,Train
-0.527079877,-0.935387468,-1.67700228,0,0,0,1,0,0,1,0,0,0,0,0,0,0,0,0,0,0,0,0,147,Train
-1.00745146,-0.935387468,-1.063612864,0,0,0,1,1,0,0,0,0,0,0,0,0,0,0,0,0,0,0,0,187,Train
-0.206832154,-0.935387468,-0.450223449,1,0,0,0,0,0,0,0,0,1,0,0,0,0,0,0,0,0,0,0,257,Train
1.234282596,1.650161332,0.814892221,0,0,1,0,0,0,1,0,0,0,0,0,0,0,0,0,0,0,0,0,297,Train
-0.847327599,-0.935387468,-0.91026551,0,0,1,0,0,0,1,0,0,0,0,0,0,0,0,0,0,0,0,0,196,Train
-1.00745146,-0.935387468,-1.255297057,0,0,0,1,0,0,1,0,0,0,0,0,0,0,0,0,0,0,0,0,174,Train
2.195025763,1.650161332,0.929902737,0,0,1,0,0,0,0,0,0,0,0,0,0,0,1,0,0,0,0,0,304,Train
-1.167575321,-0.935387468,-1.255297057,0,0,0,1,1,0,0,0,0,0,0,0,0,0,0,0,0,0,0,0,175,Train
1.71465418,2.942935732,1.888323699,0,0,1,0,0,0,0,0,0,0,0,0,0,0,0,0,0,1,0,0,370,Train
-0.847327599,-0.935387468,-0.718581318,0,0,1,0,1,0,0,0,0,0,0,0,0,0,0,0,0,0,0,0,208,Train
-1.167575321,-0.935387468,-0.258539256,0,0,0,1,0,0,0,0,0,0,0,1,0,0,0,0,0,0,0,0,232,Train
1.554530319,1.650161332,0.85322906,0,0,1,0,0,1,0,0,0,0,0,0,0,0,0,0,0,0,0,0,306,Train
0.914034874,1.650161332,2.655060468,0,0,1,0,0,0,0,0,0,0,0,0,0,0,0,0,0,1,0,0,407,Train
-0.046708293,0.357386932,-0.335212933,1,0,0,0,0,0,0,0,0,0,1,0,0,0,0,0,0,0,0,0,265,Train
0.593787152,0.357386932,0.546534352,0,0,0,1,0,0,0,0,0,0,1,0,0,0,0,0,0,0,0,0,287,Train
1.954839972,1.650161332,2.961755176,0,0,1,0,0,0,0,0,0,0,0,0,0,0,0,0,1,0,0,0,413,Train
-0.527079877,-0.935387468,-0.680244479,0,0,0,1,0,0,0,0,0,0,0,0,0,0,0,1,0,0,0,0,211,Train
0.43366329,0.357386932,0.393186998,0,0,0,1,0,0,0,0,0,0,0,0,0,0,0,1,0,0,0,0,274,Train
0.593787152,0.357386932,0.508197513,0,0,1,0,0,0,0,0,0,0,0,0,0,0,1,0,0,0,0,0,283,Train
0.593787152,0.357386932,-0.028518225,0,0,1,0,0,0,0,1,0,0,0,0,0,0,0,0,0,0,0,0,246,Train
-0.447017946,-0.935387468,-1.17862338,0,0,0,1,0,1,0,0,0,0,0,0,0,0,0,0,0,0,0,0,182,Train
1.794716111,1.650161332,0.661544867,0,0,0,1,0,0,0,0,0,0,1,0,0,0,0,0,0,0,0,0,294,Train
2.515273486,1.650161332,1.773313183,0,0,1,0,0,0,0,0,0,0,0,0,0,0,1,0,0,0,0,0,361,Train
0.35360136,0.357386932,1.964997376,0,1,0,0,0,0,0,0,0,0,0,0,0,0,0,0,1,0,0,0,254,Train
0.994096805,0.357386932,0.393186998,0,0,0,1,0,0,0,0,0,0,1,0,0,0,0,0,0,0,0,0,271,Train
-0.046708293,0.357386932,0.08649229,0,0,1,0,0,0,0,0,0,0,0,0,1,0,0,0,0,0,0,0,259,Train
-0.847327599,-0.935387468,-0.143528741,0,1,0,0,1,0,0,0,0,0,0,0,0,0,0,0,0,0,0,0,166,Train
-0.847327599,-0.935387468,-0.526897125,0,0,1,0,0,0,0,0,0,0,0,0,0,1,0,0,0,0,0,0,219,Train
-1.00745146,-0.935387468,-0.986939187,0,0,0,1,1,0,0,0,0,0,0,0,0,0,0,0,0,0,0,0,192,Train
0.753911013,1.650161332,0.508197513,0,0,1,0,0,0,0,0,0,0,0,0,0,0,1,0,0,0,0,0,285,Train
-1.167575321,-0.935387468,-0.641907641,0,0,0,1,0,0,0,0,0,0,0,0,0,0,0,1,0,0,0,0,209,Train
0.753911013,1.650161332,0.048155452,0,0,1,0,0,1,0,0,0,0,0,0,0,0,0,0,0,0,0,0,255,Train
-0.847327599,-0.935387468,-0.220202418,0,0,1,0,1,0,0,0,0,0,0,0,0,0,0,0,0,0,0,0,238,Train
0.43366329,0.357386932,0.699881706,0,0,1,0,1,0,0,0,0,0,0,0,0,0,0,0,0,0,0,0,295,Train
0.43366329,0.357386932,0.393186998,0,0,0,1,0,0,0,0,0,0,0,0,0,0,0,1,0,0,0,0,277,Train
1.71465418,1.650161332,1.313271121,0,0,1,0,0,0,0,0,0,0,0,0,0,0,1,0,0,0,0,0,334,Train
-1.167575321,-0.935387468,-1.216960218,0,0,0,1,0,0,0,0,0,0,0,0,0,0,1,0,0,0,0,0,179,Train
-1.167575321,-0.935387468,-1.140286541,0,0,0,1,1,0,0,0,0,0,0,0,0,0,0,0,0,0,0,0,181,Train
0.513725221,0.357386932,0.278176483,0,0,1,0,0,0,0,0,0,0,0,0,0,0,1,0,0,0,0,0,264,Train
0.43366329,0.357386932,0.58487119,0,0,0,1,0,0,0,0,0,0,0,0,0,0,0,0,1,0,0,0,283,Train
-0.847327599,-0.935387468,-0.948602349,0,0,0,1,1,0,0,0,0,0,0,0,0,0,0,0,0,0,0,0,196,Train
-1.247637252,-0.935387468,-1.370307572,0,0,0,1,1,0,0,0,0,0,0,0,0,0,0,0,0,0,0,0,169,Train
0.35360136,0.357386932,0.08649229,0,0,1,0,0,0,1,0,0,0,0,0,0,0,0,0,0,0,0,0,257,Train
0.593787152,0.357386932,0.35485016,0,0,0,1,0,1,0,0,0,0,0,0,0,0,0,0,0,0,0,0,276,Train
-0.847327599,-0.935387468,0.048155452,0,0,1,0,1,0,0,0,0,0,0,0,0,0,0,0,0,0,0,0,255,Train
1.794716111,1.650161332,3.153439368,0,1,0,0,0,0,0,0,0,0,0,0,0,0,0,0,1,0,0,0,317,Train
-1.00745146,-0.935387468,-2.022033826,0,0,0,1,0,0,0,0,0,0,0,0,1,0,0,0,0,0,0,0,126,Train
-0.046708293,0.357386932,0.738218544,0,0,1,0,0,0,0,0,0,0,0,0,0,0,0,1,0,0,0,0,292,Train
1.794716111,1.650161332,0.85322906,0,0,0,1,0,0,0,0,0,0,1,0,0,0,0,0,0,0,0,0,299,Train
-0.046708293,0.357386932,0.124829129,0,0,1,0,0,0,1,0,0,0,0,0,0,0,0,0,0,0,0,0,261,Train
-0.527079877,-0.935387468,-0.641907641,0,0,0,1,0,0,0,0,0,0,0,0,0,0,0,1,0,0,0,0,214,Train
-0.847327599,-0.935387468,-0.565233964,0,0,0,1,0,0,0,0,0,0,0,0,1,0,0,0,0,0,0,0,214,Train
0.43366329,0.357386932,0.239839644,0,0,0,1,0,0,1,0,0,0,0,0,0,0,0,0,0,0,0,0,262,Train
-1.167575321,-0.935387468,-1.063612864,0,0,0,1,1,0,0,0,0,0,0,0,0,0,0,0,0,0,0,0,184,Train
-0.847327599,-0.935387468,-0.833591833,0,0,1,0,0,0,0,0,0,0,0,0,0,0,0,0,0,1,0,0,202,Train
-0.847327599,-0.935387468,-0.91026551,0,0,0,1,0,0,0,0,0,0,0,0,0,1,0,0,0,0,0,0,198,Train
0.273539429,0.357386932,-0.028518225,0,0,1,0,0,0,0,0,0,0,0,0,0,0,0,0,0,1,0,0,246,Train
-1.167575321,-0.935387468,-1.063612864,0,0,1,0,0,0,0,0,0,0,0,0,0,0,1,0,0,0,0,0,184,Train
-1.647946905,-1.581774668,-1.638665441,0,0,1,0,0,0,0,0,0,0,0,0,0,0,0,0,0,1,0,0,150,Train
-0.847327599,-0.935387468,-0.565233964,0,0,0,1,0,0,0,0,0,0,0,1,0,0,0,0,0,0,0,0,218,Train
-0.847327599,-0.935387468,-0.871928672,0,0,1,0,0,0,0,1,0,0,0,0,0,0,0,0,0,0,0,0,198,Train
0.35360136,0.357386932,0.814892221,0,0,0,1,0,0,0,0,0,0,1,0,0,0,0,0,0,0,0,0,303,Train
1.554530319,1.650161332,1.313271121,0,0,0,1,0,0,0,0,0,0,1,0,0,0,0,0,0,0,0,0,334,Train
-1.167575321,-0.935387468,-1.293633895,0,0,0,1,0,0,0,0,0,0,0,0,0,0,1,0,0,0,0,0,170,Train
-0.286894085,-0.935387468,0.163165967,0,0,0,1,0,0,0,0,0,1,0,0,0,0,0,0,0,0,0,0,263,Train
-0.447017946,-0.935387468,-0.680244479,0,0,0,1,1,0,0,0,0,0,0,0,0,0,0,0,0,0,0,0,210,Train
-1.327699183,-0.935387468,-1.140286541,0,0,0,1,0,0,1,0,0,0,0,0,0,0,0,0,0,0,0,0,179,Train
1.074158735,1.650161332,0.776555383,0,0,1,0,0,1,0,0,0,0,0,0,0,0,0,0,0,0,0,0,294,Train
-0.527079877,-0.935387468,-0.986939187,0,0,0,1,0,0,1,0,0,0,0,0,0,0,0,0,0,0,0,0,193,Train
-0.847327599,-0.935387468,-0.603570802,0,0,1,0,0,0,0,0,0,0,0,0,0,0,0,0,0,1,0,0,215,Train
-0.447017946,-0.935387468,-0.680244479,0,0,0,1,1,0,0,0,0,0,0,0,0,0,0,0,0,0,0,0,207,Train
0.43366329,0.357386932,-0.181865579,0,0,0,1,0,1,0,0,0,0,0,0,0,0,0,0,0,0,0,0,242,Train
0.43366329,0.357386932,0.316513321,0,0,0,1,0,0,0,0,0,0,0,0,0,0,0,0,1,0,0,0,271,Train
0.994096805,0.357386932,1.543292152,0,0,0,1,0,0,0,0,0,0,1,0,0,0,0,0,0,0,0,0,347,Train
-0.447017946,-0.935387468,-1.101949703,0,0,0,1,0,0,1,0,0,0,0,0,0,0,0,0,0,0,0,0,185,Train
-0.046708293,0.357386932,-0.181865579,0,0,1,0,0,0,0,1,0,0,0,0,0,0,0,0,0,0,0,0,241,Train
0.994096805,0.357386932,0.661544867,0,0,0,1,0,0,0,0,0,0,1,0,0,0,0,0,0,0,0,0,288,Train
2.675397347,1.650161332,1.198260606,0,0,1,0,0,0,1,0,0,0,0,0,0,0,0,0,0,0,0,0,325,Train
-1.247637252,-0.935387468,-1.638665441,0,0,0,1,0,0,0,0,0,0,0,0,0,1,0,0,0,0,0,0,151,Train
-0.447017946,-0.935387468,-0.373549772,0,0,0,1,0,0,0,0,1,0,0,0,0,0,0,0,0,0,0,0,230,Train
-0.527079877,-0.935387468,-0.143528741,0,0,0,1,0,0,0,0,0,0,0,0,0,0,0,0,1,0,0,0,244,Train
1.794716111,1.650161332,1.159923768,0,0,0,1,0,0,0,0,0,0,1,0,0,0,0,0,0,0,0,0,325,Train
-0.847327599,-0.935387468,-0.680244479,0,0,1,0,0,0,0,0,0,0,0,0,0,0,1,0,0,0,0,0,210,Train
-0.847327599,-0.935387468,-0.41188661,0,0,1,0,0,0,0,0,0,0,0,0,0,0,0,1,0,0,0,0,226,Train
-0.046708293,0.357386932,-0.143528741,0,0,1,0,0,0,0,1,0,0,0,0,0,0,0,0,0,0,0,0,243,Train
-1.167575321,-0.935387468,-1.17862338,0,0,0,1,0,0,0,0,0,0,0,0,0,1,0,0,0,0,0,0,177,Train
-0.447017946,-0.289000268,-0.258539256,0,0,0,1,1,0,0,0,0,0,0,0,0,0,0,0,0,0,0,0,233,Train
-1.247637252,-0.935387468,-1.255297057,0,0,0,1,0,0,0,0,0,0,0,0,0,1,0,0,0,0,0,0,172,Train
-0.046708293,0.357386932,0.58487119,0,0,1,0,0,0,0,0,0,0,0,0,0,0,0,0,1,0,0,0,283,Train
-1.247637252,-0.935387468,-1.523654926,0,0,0,1,1,0,0,0,0,0,0,0,0,0,0,0,0,0,0,0,158,Train
0.35360136,0.357386932,-0.641907641,0,0,0,1,0,0,1,0,0,0,0,0,0,0,0,0,0,0,0,0,213,Train
0.43366329,0.357386932,0.661544867,0,0,1,0,1,0,0,0,0,0,0,0,0,0,0,0,0,0,0,0,293,Train
0.43366329,0.357386932,0.124829129,0,0,0,1,0,1,0,0,0,0,0,0,0,0,0,0,0,0,0,0,261,Train
0.35360136,0.357386932,1.504955314,0,0,0,1,0,0,0,0,0,0,0,0,0,0,0,0,0,0,0,1,346,Train
1.954839972,1.650161332,2.846744661,0,0,1,0,0,0,0,0,0,0,0,0,0,0,0,0,1,0,0,0,419,Train
-0.046708293,0.357386932,0.431523836,0,0,1,0,0,0,0,0,0,0,0,0,0,0,1,0,0,0,0,0,280,Train
-0.847327599,-0.935387468,-0.41188661,0,0,1,0,0,0,1,0,0,0,0,0,0,0,0,0,0,0,0,0,228,Train
-0.046708293,0.357386932,-0.028518225,1,0,0,0,0,0,0,0,0,0,0,0,0,0,0,0,1,0,0,0,290,Train
0.43366329,0.357386932,0.316513321,0,0,0,1,0,1,0,0,0,0,0,0,0,0,0,0,0,0,0,0,273,Train
-0.847327599,-0.935387468,-0.526897125,0,0,0,1,0,0,0,0,0,0,0,0,0,1,0,0,0,0,0,0,220,Train
-1.327699183,-0.935387468,-0.986939187,0,0,0,1,0,0,0,0,0,0,0,0,0,0,0,1,0,0,0,0,193,Train
-0.847327599,-0.935387468,-0.641907641,0,0,1,0,1,0,0,0,0,0,0,0,0,0,0,0,0,0,0,0,209,Train
0.43366329,0.357386932,2.271692083,0,1,0,0,0,0,0,0,1,0,0,0,0,0,0,0,0,0,0,0,274,Train
-0.847327599,-0.935387468,-1.408644411,0,0,0,1,0,0,1,0,0,0,0,0,0,0,0,0,0,0,0,0,167,Train
1.954839972,1.650161332,0.85322906,0,0,1,0,1,0,0,0,0,0,0,0,0,0,0,0,0,0,0,0,313,Train
1.794716111,1.650161332,0.738218544,0,0,0,1,0,0,0,0,0,0,1,0,0,0,0,0,0,0,0,0,298,Train
-0.847327599,-0.935387468,-0.488560287,0,0,1,0,0,1,0,0,0,0,0,0,0,0,0,0,0,0,0,0,222,Train
-0.527079877,-0.935387468,-0.795254995,0,0,0,1,0,0,1,0,0,0,0,0,0,0,0,0,0,0,0,0,200,Train
-1.327699183,-0.935387468,-0.871928672,0,0,0,1,0,0,0,0,0,0,0,0,0,0,0,1,0,0,0,0,199,Train
-0.847327599,-0.935387468,-0.181865579,0,0,0,1,0,0,0,0,0,0,0,0,0,0,0,1,0,0,0,0,245,Train
-0.847327599,-0.935387468,-0.373549772,0,0,0,1,0,0,0,0,0,0,0,0,0,0,0,1,0,0,0,0,225,Train
0.35360136,0.357386932,0.201502806,0,0,0,1,0,0,0,0,0,0,0,0,0,0,0,1,0,0,0,0,266,Train
-0.847327599,-0.935387468,-0.181865579,0,0,0,1,0,0,0,0,0,0,0,0,0,0,0,1,0,0,0,0,237,Train
-1.327699183,-0.935387468,-1.063612864,0,0,0,1,0,0,1,0,0,0,0,0,0,0,0,0,0,0,0,0,184,Train
-0.847327599,-0.935387468,-0.641907641,0,0,0,1,0,1,0,0,0,0,0,0,0,0,0,0,0,0,0,0,212,Train
0.513725221,0.357386932,0.546534352,0,0,0,1,0,1,0,0,0,0,0,0,0,0,0,0,0,0,0,0,287,Train
-0.847327599,-0.935387468,-0.450223449,0,0,1,0,0,0,0,0,0,0,0,0,0,0,0,1,0,0,0,0,226,Train
0.35360136,0.357386932,-0.028518225,0,0,1,0,0,0,1,0,0,0,0,0,0,0,0,0,0,0,0,0,251,Train
0.35360136,0.357386932,0.469860675,0,0,0,1,0,0,0,0,0,0,0,0,0,0,0,0,1,0,0,0,281,Train
1.794716111,1.650161332,0.891565898,0,0,0,1,0,0,0,0,0,0,1,0,0,0,0,0,0,0,0,0,307,Train
0.753911013,1.650161332,0.623208029,0,0,1,0,0,1,0,0,0,0,0,0,0,0,0,0,0,0,0,0,290,Train
-1.00745146,-0.935387468,-1.101949703,0,0,0,1,0,0,1,0,0,0,0,0,0,0,0,0,0,0,0,0,184,Train
0.43366329,0.357386932,0.316513321,0,0,0,1,0,1,0,0,0,0,0,0,0,0,0,0,0,0,0,0,271,Train
-0.447017946,-0.935387468,-0.028518225,0,0,0,1,0,0,0,0,0,0,0,1,0,0,0,0,0,0,0,0,251,Train
2.515273486,1.650161332,0.163165967,0,0,1,0,0,0,0,0,0,0,0,0,0,0,0,0,0,1,0,0,263,Train
-0.046708293,0.357386932,0.469860675,1,0,0,0,0,0,0,0,0,0,0,0,0,0,0,0,1,0,0,0,322,Train
-0.847327599,-0.935387468,-0.526897125,0,0,0,1,0,0,0,0,0,0,0,1,0,0,0,0,0,0,0,0,220,Train
-0.046708293,0.357386932,0.699881706,0,0,1,0,1,0,0,0,0,0,0,0,0,0,0,0,0,0,0,0,294,Train
0.994096805,0.357386932,2.770070984,0,1,0,0,0,0,0,0,0,0,1,0,0,0,0,0,0,0,0,0,288,Train
-0.447017946,-0.935387468,0.201502806,0,0,0,1,0,0,0,0,0,1,0,0,0,0,0,0,0,0,0,0,265,Train
-0.847327599,-0.935387468,-1.255297057,0,0,0,1,1,0,0,0,0,0,0,0,0,0,0,0,0,0,0,0,174,Train
2.675397347,1.650161332,0.814892221,0,0,1,0,0,0,1,0,0,0,0,0,0,0,0,0,0,0,0,0,297,Train
-0.046708293,0.357386932,0.699881706,0,0,1,0,0,0,1,0,0,0,0,0,0,0,0,0,0,0,0,0,295,Train
-0.447017946,0.357386932,-0.450223449,0,0,1,0,1,0,0,0,0,0,0,0,0,0,0,0,0,0,0,0,221,Train
-1.00745146,-0.935387468,-1.216960218,0,0,0,1,0,0,1,0,0,0,0,0,0,0,0,0,0,0,0,0,178,Train
-1.327699183,-0.935387468,-1.293633895,0,0,0,1,1,0,0,0,0,0,0,0,0,0,0,0,0,0,0,0,174,Train
1.234282596,1.650161332,1.581628991,0,0,0,1,0,0,0,0,0,0,1,0,0,0,0,0,0,0,0,0,354,Train
1.794716111,1.650161332,2.731734145,0,1,0,0,0,0,0,0,0,0,0,0,0,0,0,0,1,0,0,0,298,Train
2.515273486,1.650161332,0.508197513,0,0,1,0,0,0,0,0,0,0,0,0,0,0,1,0,0,0,0,0,282,Train
0.43366329,0.357386932,1.619965829,0,1,0,0,0,1,0,0,0,0,0,0,0,0,0,0,0,0,0,0,248,Train
-0.046708293,0.357386932,0.163165967,0,0,0,1,0,0,1,0,0,0,0,0,0,0,0,0,0,0,0,0,264,Train
1.314344527,1.650161332,1.504955314,0,0,1,0,0,0,0,0,0,0,0,0,0,0,0,0,0,1,0,0,343,Train
-0.046708293,0.357386932,0.623208029,0,0,1,0,0,1,0,0,0,0,0,0,0,0,0,0,0,0,0,0,285,Train
-0.046708293,0.357386932,-0.335212933,1,0,0,0,0,0,0,0,0,0,1,0,0,0,0,0,0,0,0,0,266,Train
-0.447017946,-0.935387468,-0.488560287,0,0,0,1,0,0,0,0,0,0,0,0,0,0,0,1,0,0,0,0,218,Train
0.753911013,0.357386932,0.814892221,0,0,0,1,0,0,0,0,0,0,0,0,0,0,0,0,1,0,0,0,297,Train
-1.167575321,-0.935387468,-1.216960218,0,0,0,1,1,0,0,0,0,0,0,0,0,0,0,0,0,0,0,0,180,Train
-1.247637252,-1.581774668,-0.641907641,0,0,1,0,0,0,1,0,0,0,0,0,0,0,0,0,0,0,0,0,214,Train
1.794716111,1.650161332,2.885081499,0,1,0,0,0,0,0,0,0,0,1,0,0,0,0,0,0,0,0,0,309,Train
-1.167575321,-0.935387468,-1.67700228,1,0,0,0,1,0,0,0,0,0,0,0,0,0,0,0,0,0,0,0,172,Train
2.675397347,1.650161332,1.198260606,0,0,1,0,0,0,1,0,0,0,0,0,0,0,0,0,0,0,0,0,326,Train
-0.847327599,-0.935387468,-0.948602349,0,0,0,1,1,0,0,0,0,0,0,0,0,0,0,0,0,0,0,0,191,Train
0.753911013,1.650161332,0.393186998,0,0,1,0,0,1,0,0,0,0,0,0,0,0,0,0,0,0,0,0,275,Train
0.35360136,0.357386932,0.201502806,0,0,0,1,0,0,0,0,1,0,0,0,0,0,0,0,0,0,0,0,260,Train
0.273539429,0.357386932,-0.258539256,0,0,1,0,0,0,0,1,0,0,0,0,0,0,0,0,0,0,0,0,232,Train
-0.847327599,-0.935387468,-1.063612864,0,0,0,1,0,0,1,0,0,0,0,0,0,0,0,0,0,0,0,0,188,Train
2.515273486,1.650161332,1.543292152,0,0,1,0,0,0,1,0,0,0,0,0,0,0,0,0,0,0,0,0,340,Train
-0.447017946,-0.935387468,0.776555383,0,0,1,0,1,0,0,0,0,0,0,0,0,0,0,0,0,0,0,0,296,Train
-0.847327599,-0.935387468,-0.718581318,0,0,1,0,0,0,0,0,0,0,0,0,0,1,0,0,0,0,0,0,208,Train
0.193477499,0.357386932,0.316513321,0,0,0,1,0,0,0,0,1,0,0,0,0,0,0,0,0,0,0,0,275,Train
1.71465418,1.650161332,2.271692083,0,0,1,0,0,0,0,0,0,0,0,0,0,0,1,0,0,0,0,0,392,Train
0.35360136,0.357386932,1.313271121,0,0,0,1,0,0,0,0,0,0,0,0,0,0,0,0,1,0,0,0,327,Train
-1.247637252,-0.935387468,-1.523654926,0,0,0,1,1,0,0,0,0,0,0,0,0,0,0,0,0,0,0,0,164,Train
-0.527079877,-0.935387468,-1.025276026,0,0,0,1,0,1,0,0,0,0,0,0,0,0,0,0,0,0,0,0,190,Train
1.074158735,1.650161332,1.159923768,0,0,1,0,0,0,0,0,0,0,0,0,0,0,1,0,0,0,0,0,322,Train
0.35360136,0.357386932,0.58487119,0,0,0,1,0,0,0,0,0,0,1,0,0,0,0,0,0,0,0,0,288,Train
-1.167575321,-0.935387468,-1.216960218,0,0,0,1,0,0,0,0,0,0,0,0,0,0,1,0,0,0,0,0,178,Train
0.35360136,0.357386932,0.278176483,0,0,0,1,0,0,0,0,0,0,0,0,0,0,0,1,0,0,0,0,264,Train
-0.527079877,-0.935387468,-0.296876095,0,0,0,1,0,0,0,0,0,0,0,0,0,0,0,1,0,0,0,0,235,Train
-0.447017946,-0.935387468,-0.220202418,0,0,0,1,0,0,0,0,0,0,0,0,0,0,0,1,0,0,0,0,238,Train
0.753911013,1.650161332,0.968239575,0,0,1,0,0,0,1,0,0,0,0,0,0,0,0,0,0,0,0,0,313,Train
0.273539429,0.357386932,-0.258539256,0,0,1,0,0,0,0,1,0,0,0,0,0,0,0,0,0,0,0,0,232,Train
1.074158735,1.650161332,1.504955314,0,0,1,0,0,0,0,0,0,0,0,0,0,0,1,0,0,0,0,0,343,Train
-0.046708293,0.357386932,0.08649229,0,0,1,0,0,0,0,0,0,0,0,0,0,0,1,0,0,0,0,0,259,Train
1.074158735,1.650161332,0.623208029,0,0,1,0,0,1,0,0,0,0,0,0,0,0,0,0,0,0,0,0,290,Train
-0.046708293,0.357386932,0.239839644,0,0,1,0,0,0,0,0,0,0,0,0,0,0,1,0,0,0,0,0,262,Train
-0.847327599,-0.935387468,-0.565233964,0,0,0,1,0,0,0,0,0,0,0,1,0,0,0,0,0,0,0,0,218,Train
-0.847327599,-0.935387468,-0.220202418,0,0,0,1,0,0,0,0,0,0,0,0,0,0,0,1,0,0,0,0,241,Train
-0.447017946,-0.289000268,0.239839644,0,0,0,1,0,0,0,0,0,0,0,0,0,0,0,1,0,0,0,0,262,Train
0.113415568,0.357386932,-0.335212933,0,0,0,1,0,0,0,0,0,0,0,0,0,0,0,1,0,0,0,0,228,Train
0.35360136,0.357386932,2.501713114,0,1,0,0,0,0,0,0,0,0,0,0,0,0,0,0,1,0,0,0,288,Train
0.193477499,0.357386932,1.926660537,0,1,0,0,0,0,0,0,0,0,1,0,0,0,0,0,0,0,0,0,263,Train
-0.286894085,0.357386932,0.009818613,0,0,0,1,0,0,0,0,0,0,1,0,0,0,0,0,0,0,0,0,253,Train
-0.607141807,-0.935387468,-0.373549772,0,0,0,1,0,0,0,0,0,0,0,0,0,0,1,0,0,0,0,0,230,Train
-0.286894085,-0.935387468,-0.220202418,0,0,0,1,0,0,0,0,0,1,0,0,0,0,0,0,0,0,0,0,235,Train
1.554530319,1.650161332,0.929902737,0,0,0,1,0,0,0,0,0,0,1,0,0,0,0,0,0,0,0,0,310,Train
1.794716111,1.650161332,0.85322906,0,0,0,1,0,0,0,0,0,0,0,0,0,0,0,0,1,0,0,0,304,Train
0.193477499,0.357386932,0.163165967,0,0,0,1,0,0,0,0,0,0,0,0,0,0,0,1,0,0,0,0,265,Train
1.074158735,1.650161332,0.661544867,0,0,1,0,1,0,0,0,0,0,0,0,0,0,0,0,0,0,0,0,292,Train
-1.167575321,-0.935387468,-1.063612864,0,0,1,0,0,0,0,0,0,0,0,0,0,0,0,0,0,1,0,0,184,Train
-0.286894085,-0.935387468,0.35485016,0,0,0,1,0,0,0,0,0,0,1,0,0,0,0,0,0,0,0,0,275,Train
0.113415568,0.357386932,-0.181865579,0,0,0,1,0,0,0,0,0,0,0,0,0,0,0,1,0,0,0,0,241,Train
0.43366329,0.357386932,0.048155452,0,0,0,1,0,1,0,0,0,0,0,0,0,0,0,0,0,0,0,0,251,Train
-0.046708293,0.357386932,0.393186998,0,0,1,0,0,0,0,1,0,0,0,0,0,0,0,0,0,0,0,0,277,Train
1.394406458,1.650161332,1.35160796,0,0,1,0,0,0,0,0,0,0,0,0,0,0,0,0,1,0,0,0,334,Train
-0.046708293,0.357386932,-0.335212933,0,0,1,0,0,0,0,1,0,0,0,0,0,0,0,0,0,0,0,0,231,Train
-0.447017946,-0.935387468,-0.143528741,0,0,0,1,0,0,0,0,0,0,0,1,0,0,0,0,0,0,0,0,243,Train
-0.847327599,-0.935387468,-0.871928672,0,0,1,0,0,0,0,0,0,0,0,0,0,0,1,0,0,0,0,0,199,Train
-0.847327599,-0.935387468,-0.488560287,0,0,1,0,0,0,1,0,0,0,0,0,0,0,0,0,0,0,0,0,221,Train
-0.527079877,-0.935387468,-0.258539256,0,0,0,1,0,0,0,0,0,0,0,0,0,0,0,1,0,0,0,0,237,Train
1.314344527,1.650161332,1.313271121,0,0,1,0,0,0,0,0,0,0,0,0,0,0,0,0,1,0,0,0,327,Train
0.753911013,0.357386932,1.236597445,0,0,0,1,0,0,0,0,0,1,0,0,0,0,0,0,0,0,0,0,322,Train
1.314344527,1.650161332,1.658302668,0,0,1,0,0,0,0,0,0,0,0,0,0,0,0,0,1,0,0,0,355,Train
0.35360136,0.357386932,1.35160796,0,0,0,1,0,0,0,0,0,0,0,0,0,0,0,0,1,0,0,0,334,Train
-0.847327599,-0.935387468,-0.680244479,0,0,1,0,1,0,0,0,0,0,0,0,0,0,0,0,0,0,0,0,207,Train
-0.527079877,-0.935387468,-0.833591833,0,0,0,1,0,0,1,0,0,0,0,0,0,0,0,0,0,0,0,0,201,Train
0.43366329,0.357386932,0.546534352,0,0,1,0,0,0,0,0,0,0,0,0,0,0,0,0,1,0,0,0,286,Train
0.35360136,0.357386932,-0.181865579,0,0,0,1,0,0,0,0,0,0,0,0,1,0,0,0,0,0,0,0,242,Train
0.753911013,1.650161332,1.159923768,0,0,1,0,0,0,0,0,0,0,0,0,0,0,0,0,0,1,0,0,322,Train
-1.00745146,-0.935387468,-1.370307572,0,0,0,1,0,0,1,0,0,0,0,0,0,0,0,0,0,0,0,0,166,Train
0.35360136,0.357386932,0.738218544,0,0,0,1,0,0,0,0,0,0,1,0,0,0,0,0,0,0,0,0,292,Train
-0.847327599,-0.935387468,-0.526897125,0,0,1,0,0,0,1,0,0,0,0,0,0,0,0,0,0,0,0,0,220,Train
1.794716111,1.650161332,1.159923768,0,0,0,1,0,0,0,0,0,0,1,0,0,0,0,0,0,0,0,0,324,Train
2.515273486,1.650161332,1.734976345,0,0,1,0,0,0,0,0,0,0,0,0,0,0,1,0,0,0,0,0,352,Train
0.35360136,0.357386932,0.201502806,0,0,0,1,0,0,0,0,0,0,1,0,0,0,0,0,0,0,0,0,264,Train
-0.847327599,-0.935387468,-0.526897125,0,0,1,0,1,0,0,0,0,0,0,0,0,0,0,0,0,0,0,0,216,Train
-1.327699183,-0.935387468,-0.641907641,0,0,0,1,0,0,0,0,0,0,0,0,0,0,0,1,0,0,0,0,214,Train
0.43366329,0.357386932,-0.181865579,0,0,0,1,0,1,0,0,0,0,0,0,0,0,0,0,0,0,0,0,240,Train
-1.167575321,-0.935387468,-0.680244479,0,0,1,0,1,0,0,0,0,0,0,0,0,0,0,0,0,0,0,0,212,Train
2.515273486,1.650161332,0.738218544,0,0,1,0,0,0,0,0,0,0,0,0,0,0,0,0,0,1,0,0,299,Train
0.753911013,0.357386932,0.738218544,0,0,0,1,0,0,0,0,0,1,0,0,0,0,0,0,0,0,0,0,299,Train
-0.847327599,-0.935387468,-0.526897125,0,0,1,0,0,0,0,0,0,0,0,0,1,0,0,0,0,0,0,0,219,Train
-0.847327599,-0.935387468,-0.641907641,0,0,1,0,1,0,0,0,0,0,0,0,0,0,0,0,0,0,0,0,214,Train
1.794716111,1.650161332,3.153439368,0,1,0,0,0,0,0,0,0,0,0,0,0,0,0,0,1,0,0,0,317,Train
-0.046708293,0.357386932,-0.220202418,0,0,1,0,0,0,0,0,0,0,0,0,0,0,1,0,0,0,0,0,238,Train
0.43366329,0.357386932,1.619965829,0,1,0,0,0,0,1,0,0,0,0,0,0,0,0,0,0,0,0,0,248,Train
2.515273486,1.650161332,1.236597445,0,0,1,0,0,0,0,0,0,0,0,0,0,0,0,0,0,1,0,0,331,Train
1.794716111,1.650161332,1.121586929,0,0,0,1,0,0,0,0,0,0,1,0,0,0,0,0,0,0,0,0,320,Train
-1.247637252,-1.581774668,-0.680244479,0,0,1,0,0,0,1,0,0,0,0,0,0,0,0,0,0,0,0,0,212,Train
-0.847327599,-0.935387468,-0.641907641,0,0,0,1,0,0,0,0,0,0,0,0,0,0,0,1,0,0,0,0,213,Train
-0.046708293,0.357386932,0.623208029,0,0,1,0,0,0,1,0,0,0,0,0,0,0,0,0,0,0,0,0,286,Train
0.43366329,0.357386932,0.699881706,0,0,0,1,0,0,0,0,0,0,1,0,0,0,0,0,0,0,0,0,296,Train
-0.447017946,-0.935387468,-0.833591833,0,0,0,1,0,0,0,0,0,0,0,0,0,0,0,1,0,0,0,0,200,Train
-1.247637252,-0.935387468,-1.370307572,0,0,0,1,0,1,0,0,0,0,0,0,0,0,0,0,0,0,0,0,168,Train
-0.847327599,-0.935387468,-2.022033826,0,0,0,1,0,0,1,0,0,0,0,0,0,0,0,0,0,0,0,0,126,Train
0.753911013,1.650161332,0.35485016,0,0,1,0,0,0,0,0,0,0,0,0,0,0,1,0,0,0,0,0,275,Train
-0.847327599,-0.935387468,-0.91026551,0,0,0,1,1,0,0,0,0,0,0,0,0,0,0,0,0,0,0,0,196,Train
-0.847327599,-0.935387468,-0.373549772,0,0,0,1,0,0,0,0,0,0,0,0,0,0,0,1,0,0,0,0,225,Train
-1.327699183,-0.935387468,-0.641907641,0,0,0,1,0,0,0,0,0,0,0,0,0,0,0,1,0,0,0,0,214,Train
-0.607141807,-0.935387468,-0.488560287,0,0,0,1,0,0,0,0,0,0,0,0,0,0,1,0,0,0,0,0,222,Train
0.43366329,0.357386932,0.201502806,0,0,0,1,0,0,0,0,0,0,0,0,0,0,0,0,1,0,0,0,265,Train
1.794716111,1.650161332,2.195018406,0,0,0,1,0,0,0,0,0,0,0,0,0,0,0,0,0,0,1,0,380,Train
-1.647946905,-1.581774668,-1.600328603,0,0,0,1,0,0,0,0,0,0,0,0,0,0,1,0,0,0,0,0,152,Train
-0.527079877,-0.935387468,-0.258539256,0,0,0,1,0,0,0,0,0,0,0,0,0,0,0,1,0,0,0,0,238,Train
-0.847327599,-0.935387468,-0.795254995,0,0,1,0,0,0,0,0,0,0,0,0,0,0,1,0,0,0,0,0,203,Train
-0.847327599,-0.935387468,-0.756918156,0,0,1,0,0,0,1,0,0,0,0,0,0,0,0,0,0,0,0,0,207,Train
1.074158735,1.650161332,0.508197513,0,0,1,0,0,0,1,0,0,0,0,0,0,0,0,0,0,0,0,0,283,Train
-0.847327599,-0.935387468,-0.565233964,0,0,1,0,1,0,0,0,0,0,0,0,0,0,0,0,0,0,0,0,214,Train
-0.847327599,-0.935387468,-0.526897125,0,0,1,0,0,0,0,0,0,0,0,0,0,0,0,0,0,1,0,0,219,Train
-0.847327599,-0.935387468,0.163165967,0,0,1,0,1,0,0,0,0,0,0,0,0,0,0,0,0,0,0,0,254,Train
-0.847327599,-0.935387468,-0.833591833,0,0,1,0,1,0,0,0,0,0,0,0,0,0,0,0,0,0,0,0,202,Train
2.515273486,1.650161332,0.738218544,0,0,1,0,1,0,0,0,0,0,0,0,0,0,0,0,0,0,0,0,292,Train
1.954839972,1.650161332,-0.066855064,0,0,1,0,0,0,0,0,0,0,0,0,0,0,0,0,0,1,0,0,244,Train
-1.247637252,-0.935387468,-1.331970734,0,0,1,0,0,1,0,0,0,0,0,0,0,0,0,0,0,0,0,0,170,Train
1.554530319,1.650161332,0.968239575,0,0,1,0,0,0,0,0,0,0,0,0,0,0,0,0,0,1,0,0,311,Train
-0.447017946,-0.935387468,-0.450223449,0,0,0,1,0,0,0,0,0,0,0,0,0,0,0,1,0,0,0,0,227,Train
-0.847327599,-0.935387468,-0.91026551,0,0,0,1,1,0,0,0,0,0,0,0,0,0,0,0,0,0,0,0,193,Train
-0.847327599,-0.935387468,-0.526897125,0,0,1,0,0,0,0,0,0,0,0,0,0,0,0,0,0,1,0,0,219,Train
-0.447017946,-0.935387468,0.201502806,0,0,0,1,0,0,0,0,0,1,0,0,0,0,0,0,0,0,0,0,263,Train
0.43366329,0.357386932,0.35485016,0,0,0,1,0,0,0,0,0,1,0,0,0,0,0,0,0,0,0,0,274,Train
-1.167575321,-0.935387468,-0.795254995,0,0,0,1,0,1,0,0,0,0,0,0,0,0,0,0,0,0,0,0,207,Train
-0.847327599,-0.935387468,-0.565233964,0,0,1,0,0,0,1,0,0,0,0,0,0,0,0,0,0,0,0,0,220,Train
-1.167575321,-0.935387468,-0.565233964,0,0,0,1,0,0,0,0,0,0,0,0,0,0,0,1,0,0,0,0,221,Train
-0.046708293,0.357386932,0.623208029,0,0,1,0,0,0,0,0,0,0,0,0,0,0,0,0,1,0,0,0,285,Train
1.074158735,1.650161332,0.35485016,0,0,1,0,1,0,0,0,0,0,0,0,0,0,0,0,0,0,0,0,273,Train
-0.046708293,0.357386932,-0.373549772,0,0,1,0,1,0,0,0,0,0,0,0,0,0,0,0,0,0,0,0,213,Train
-0.847327599,-0.935387468,-0.795254995,0,0,1,0,0,0,0,0,0,0,0,0,0,0,0,0,0,1,0,0,200,Train
-0.286894085,-0.935387468,0.163165967,0,0,0,1,0,0,0,0,0,1,0,0,0,0,0,0,0,0,0,0,263,Train
-1.00745146,-0.935387468,-0.986939187,0,0,0,1,0,0,0,0,0,0,0,0,0,1,0,0,0,0,0,0,192,Train
-0.847327599,-0.935387468,-0.028518225,0,0,1,0,0,0,0,0,0,0,0,1,0,0,0,0,0,0,0,0,251,Train
-0.847327599,-0.935387468,-0.948602349,0,0,0,1,0,0,1,0,0,0,0,0,0,0,0,0,0,0,0,0,198,Train
-1.487823044,-1.581774668,-1.868686472,0,0,0,1,1,0,0,0,0,0,0,0,0,0,0,0,0,0,0,0,139,Train
0.273539429,0.357386932,0.08649229,0,0,1,0,0,0,0,1,0,0,0,0,0,0,0,0,0,0,0,0,253,Train
1.954839972,1.650161332,0.929902737,0,0,1,0,0,1,0,0,0,0,0,0,0,0,0,0,0,0,0,0,304,Train
-1.00745146,-0.935387468,-0.986939187,0,0,0,1,1,0,0,0,0,0,0,0,0,0,0,0,0,0,0,0,189,Train
-0.607141807,-0.935387468,0.201502806,0,0,0,1,0,0,0,0,0,0,0,0,0,0,0,0,1,0,0,0,266,Train
-1.00745146,-0.935387468,-2.405402211,0,0,0,1,1,0,0,0,0,0,0,0,0,0,0,0,0,0,0,0,106,Train
0.43366329,0.357386932,0.048155452,0,0,0,1,0,1,0,0,0,0,0,0,0,0,0,0,0,0,0,0,257,Train
-0.126770224,0.357386932,0.048155452,0,0,1,0,0,0,1,0,0,0,0,0,0,0,0,0,0,0,0,0,255,Train
-0.046708293,0.357386932,-0.066855064,0,0,1,0,0,0,1,0,0,0,0,0,0,0,0,0,0,0,0,0,249,Train
-1.167575321,-0.935387468,-1.216960218,0,0,0,1,0,0,0,0,0,0,0,0,0,0,1,0,0,0,0,0,175,Train
0.43366329,0.357386932,0.431523836,0,0,0,1,0,0,0,0,0,1,0,0,0,0,0,0,0,0,0,0,279,Train
0.35360136,0.357386932,1.006576414,0,0,0,1,0,0,0,0,0,0,1,0,0,0,0,0,0,0,0,0,308,Train
-1.00745146,-0.935387468,-1.446981249,0,0,0,1,0,0,1,0,0,0,0,0,0,0,0,0,0,0,0,0,161,Train
1.794716111,1.650161332,1.006576414,0,0,0,1,0,0,0,0,0,0,0,0,0,0,0,0,1,0,0,0,314,Train
1.794716111,1.650161332,2.425039437,0,1,0,0,0,0,0,0,0,0,0,0,0,0,0,0,1,0,0,0,284,Train
-0.847327599,-0.935387468,-1.293633895,0,0,0,1,0,0,1,0,0,0,0,0,0,0,0,0,0,0,0,0,174,Train
1.794716111,1.650161332,3.345123561,0,1,0,0,0,0,0,0,0,0,1,0,0,0,0,0,0,0,0,0,326,Train
-1.247637252,-0.935387468,-0.795254995,0,0,0,1,0,0,1,0,0,0,0,0,0,0,0,0,0,0,0,0,204,Train
1.794716111,1.650161332,0.968239575,0,0,0,1,0,0,0,0,0,0,0,0,0,0,0,0,1,0,0,0,312,Train
-1.327699183,-0.935387468,-1.17862338,0,0,0,1,0,0,1,0,0,0,0,0,0,0,0,0,0,0,0,0,181,Train
-0.286894085,-0.935387468,-0.105191902,0,0,0,1,0,0,0,0,0,1,0,0,0,0,0,0,0,0,0,0,242,Train
-0.447017946,-0.935387468,-1.216960218,0,0,0,1,0,0,1,0,0,0,0,0,0,0,0,0,0,0,0,0,175,Train
2.114963833,1.650161332,1.274934283,0,0,0,1,0,0,0,0,0,0,1,0,0,0,0,0,0,0,0,0,330,Train
-0.046708293,0.357386932,-0.296876095,0,0,1,0,0,0,0,0,0,0,0,0,0,0,1,0,0,0,0,0,233,Train
1.074158735,1.650161332,0.546534352,0,0,1,0,0,0,1,0,0,0,0,0,0,0,0,0,0,0,0,0,281,Train
0.193477499,0.357386932,0.431523836,0,0,1,0,0,1,0,0,0,0,0,0,0,0,0,0,0,0,0,0,282,Train
0.35360136,0.357386932,0.08649229,0,0,0,1,0,0,0,0,0,0,0,0,0,0,0,1,0,0,0,0,258,Train
0.35360136,0.357386932,0.124829129,0,0,0,1,0,0,0,0,0,0,0,0,0,0,0,1,0,0,0,0,260,Train
1.794716111,1.650161332,2.61672363,0,1,0,0,0,0,0,0,0,0,0,0,0,0,0,0,1,0,0,0,288,Train
-1.247637252,-0.935387468,-2.252054857,0,0,0,1,0,0,1,0,0,0,0,0,0,0,0,0,0,0,0,0,114,Train
-0.046708293,0.357386932,-0.181865579,0,0,1,0,0,0,0,1,0,0,0,0,0,0,0,0,0,0,0,0,241,Train
2.675397347,1.650161332,0.814892221,0,0,1,0,0,0,1,0,0,0,0,0,0,0,0,0,0,0,0,0,302,Train
-0.046708293,0.357386932,-0.296876095,0,0,1,0,0,0,0,1,0,0,0,0,0,0,0,0,0,0,0,0,233,Train
-0.447017946,-0.935387468,-0.680244479,0,0,0,1,1,0,0,0,0,0,0,0,0,0,0,0,0,0,0,0,211,Train
1.234282596,1.650161332,1.35160796,0,0,0,1,0,0,0,0,0,0,1,0,0,0,0,0,0,0,0,0,335,Train
-1.00745146,-0.935387468,-0.986939187,0,0,0,1,0,0,0,0,0,0,0,0,0,1,0,0,0,0,0,0,189,Train
-0.847327599,-0.935387468,-0.795254995,0,0,1,0,0,0,1,0,0,0,0,0,0,0,0,0,0,0,0,0,205,Train
-0.847327599,-0.935387468,-0.488560287,0,0,1,0,0,0,0,0,0,0,0,0,0,0,1,0,0,0,0,0,219,Train
0.753911013,1.650161332,0.35485016,0,0,1,0,1,0,0,0,0,0,0,0,0,0,0,0,0,0,0,0,268,Train
-1.327699183,-0.935387468,-1.140286541,0,0,0,1,0,0,0,1,0,0,0,0,0,0,0,0,0,0,0,0,183,Train
-0.447017946,-0.935387468,-0.028518225,0,0,0,1,0,0,0,0,0,0,0,1,0,0,0,0,0,0,0,0,252,Train
0.753911013,0.357386932,0.968239575,0,0,0,1,0,0,0,0,0,1,0,0,0,0,0,0,0,0,0,0,306,Train
-0.046708293,0.357386932,-0.028518225,0,0,1,0,0,0,0,0,0,0,0,0,0,0,1,0,0,0,0,0,250,Train
1.074158735,1.650161332,0.58487119,0,0,1,0,0,0,1,0,0,0,0,0,0,0,0,0,0,0,0,0,283,Train
-0.607141807,-0.935387468,0.124829129,0,0,0,1,0,0,0,0,0,0,0,0,0,0,0,1,0,0,0,0,261,Train
0.43366329,0.357386932,0.278176483,0,0,0,1,0,1,0,0,0,0,0,0,0,0,0,0,0,0,0,0,271,Train
0.994096805,0.357386932,2.693397307,0,1,0,0,0,0,0,0,0,0,1,0,0,0,0,0,0,0,0,0,285,Train
-1.00745146,-0.935387468,-1.331970734,0,0,0,1,0,0,1,0,0,0,0,0,0,0,0,0,0,0,0,0,168,Train
1.794716111,1.650161332,0.738218544,0,0,0,1,0,0,0,0,0,0,0,0,0,0,0,0,1,0,0,0,292,Train
-0.527079877,-0.935387468,-0.296876095,0,0,0,1,0,0,0,0,0,0,0,0,0,0,0,1,0,0,0,0,230,Train
-0.046708293,0.357386932,0.201502806,0,0,1,0,0,0,0,0,0,0,0,0,0,0,0,1,0,0,0,0,264,Train
0.43366329,0.357386932,0.201502806,0,0,0,1,1,0,0,0,0,0,0,0,0,0,0,0,0,0,0,0,260,Train
-0.447017946,-0.935387468,-0.680244479,0,0,0,1,0,0,0,0,0,0,0,0,0,0,0,1,0,0,0,0,210,Train
-1.247637252,-0.935387468,-1.140286541,0,0,1,0,1,0,0,0,0,0,0,0,0,0,0,0,0,0,0,0,183,Train
-0.847327599,-0.935387468,-1.523654926,1,0,0,0,0,0,0,0,0,0,0,0,0,1,0,0,0,0,0,0,183,Train
-0.447017946,-0.935387468,-0.603570802,0,0,0,1,1,0,0,0,0,0,0,0,0,0,0,0,0,0,0,0,216,Train
-0.046708293,0.357386932,0.431523836,0,0,1,0,0,0,0,0,0,0,0,0,0,0,1,0,0,0,0,0,280,Train
-1.327699183,-0.935387468,-0.91026551,0,0,0,1,1,0,0,0,0,0,0,0,0,0,0,0,0,0,0,0,195,Train
-1.247637252,-1.581774668,-0.91026551,0,0,1,0,0,0,1,0,0,0,0,0,0,0,0,0,0,0,0,0,197,Train
-0.607141807,-0.935387468,-0.41188661,0,0,0,1,0,0,0,0,0,0,0,0,0,0,1,0,0,0,0,0,227,Train
-0.046708293,0.357386932,0.163165967,0,0,1,0,0,1,0,0,0,0,0,0,0,0,0,0,0,0,0,0,263,Train
1.074158735,1.650161332,1.044913252,0,0,1,0,0,0,0,0,0,0,0,0,0,0,0,0,1,0,0,0,317,Train
-0.046708293,0.357386932,0.546534352,0,0,1,0,0,1,0,0,0,0,0,0,0,0,0,0,0,0,0,0,286,Train
-0.046708293,0.357386932,-0.066855064,0,0,1,0,1,0,0,0,0,0,0,0,0,0,0,0,0,0,0,0,249,Train
-1.327699183,-0.935387468,-1.255297057,0,0,0,1,0,0,1,0,0,0,0,0,0,0,0,0,0,0,0,0,173,Train
0.43366329,0.357386932,2.310028922,0,1,0,0,0,0,0,0,1,0,0,0,0,0,0,0,0,0,0,0,279,Train
-0.847327599,-0.935387468,-0.795254995,0,0,1,0,0,0,0,1,0,0,0,0,0,0,0,0,0,0,0,0,203,Train
-1.00745146,-0.935387468,-0.833591833,0,0,0,1,0,0,1,0,0,0,0,0,0,0,0,0,0,0,0,0,198,Train
0.43366329,0.357386932,1.543292152,0,1,0,0,0,1,0,0,0,0,0,0,0,0,0,0,0,0,0,0,243,Train
1.074158735,1.650161332,0.469860675,0,0,1,0,0,1,0,0,0,0,0,0,0,0,0,0,0,0,0,0,282,Train
-1.167575321,-0.935387468,-0.986939187,0,0,1,0,0,0,1,0,0,0,0,0,0,0,0,0,0,0,0,0,193,Train
-0.847327599,-0.935387468,-1.868686472,0,0,0,1,0,0,1,0,0,0,0,0,0,0,0,0,0,0,0,0,139,Train
-1.327699183,-0.935387468,-0.795254995,0,0,0,1,0,0,0,0,0,0,0,0,0,0,0,1,0,0,0,0,204,Train
-0.286894085,0.357386932,0.009818613,0,0,0,1,0,0,0,0,0,0,1,0,0,0,0,0,0,0,0,0,248,Train
-0.847327599,-0.935387468,-0.948602349,0,0,1,0,1,0,0,0,0,0,0,0,0,0,0,0,0,0,0,0,191,Train
-0.447017946,-0.935387468,-0.105191902,0,0,0,1,0,0,0,0,0,1,0,0,0,0,0,0,0,0,0,0,247,Train
0.513725221,0.357386932,0.316513321,0,0,1,0,0,0,1,0,0,0,0,0,0,0,0,0,0,0,0,0,274,Train
0.994096805,0.357386932,0.431523836,0,0,0,1,0,0,0,0,0,0,1,0,0,0,0,0,0,0,0,0,280,Train
-0.046708293,0.357386932,0.239839644,0,0,1,0,0,0,0,0,0,0,0,0,0,0,1,0,0,0,0,0,262,Train
-0.447017946,-0.935387468,-1.293633895,0,0,0,1,0,0,1,0,0,0,0,0,0,0,0,0,0,0,0,0,173,Train
1.554530319,1.650161332,0.929902737,0,0,1,0,0,1,0,0,0,0,0,0,0,0,0,0,0,0,0,0,312,Train
-0.847327599,-0.935387468,-1.025276026,0,0,0,1,1,0,0,0,0,0,0,0,0,0,0,0,0,0,0,0,189,Train
-0.046708293,0.357386932,-0.450223449,0,0,1,0,1,0,0,0,0,0,0,0,0,0,0,0,0,0,0,0,221,Train
-0.447017946,-0.935387468,-0.680244479,0,0,0,1,0,0,0,0,0,0,0,0,0,0,0,1,0,0,0,0,212,Train
0.43366329,0.357386932,-0.066855064,0,0,0,1,0,0,0,0,1,0,0,0,0,0,0,0,0,0,0,0,249,Train
0.35360136,0.357386932,2.041671053,0,1,0,0,0,0,0,0,0,0,0,0,0,0,0,0,1,0,0,0,258,Train
1.314344527,1.650161332,0.316513321,0,0,1,0,0,0,0,0,0,0,0,0,0,0,0,0,0,1,0,0,270,Train
0.43366329,0.357386932,0.699881706,0,0,0,1,0,0,0,0,0,0,1,0,0,0,0,0,0,0,0,0,290,Train
0.35360136,0.357386932,-0.450223449,0,0,0,1,0,0,1,0,0,0,0,0,0,0,0,0,0,0,0,0,224,Train
0.43366329,0.357386932,0.239839644,0,0,0,1,0,0,0,0,0,0,0,0,0,0,0,0,1,0,0,0,269,Train
-0.046708293,0.357386932,0.163165967,0,0,0,1,0,0,0,0,0,0,0,0,0,1,0,0,0,0,0,0,259,Train
1.794716111,1.650161332,0.85322906,0,0,0,1,0,0,0,0,0,0,0,0,0,0,0,0,1,0,0,0,305,Train
1.554530319,1.650161332,1.658302668,0,0,1,0,0,0,0,0,0,0,0,0,0,0,0,0,1,0,0,0,356,Train
-0.286894085,0.357386932,0.08649229,0,0,0,1,0,0,0,0,0,0,0,0,0,0,0,1,0,0,0,0,258,Train
-0.447017946,-0.935387468,-1.370307572,0,0,0,1,0,0,1,0,0,0,0,0,0,0,0,0,0,0,0,0,170,Train
-0.847327599,-0.935387468,-1.370307572,0,0,0,1,0,0,1,0,0,0,0,0,0,0,0,0,0,0,0,0,170,Train
-0.847327599,-0.935387468,-1.063612864,0,0,0,1,1,0,0,0,0,0,0,0,0,0,0,0,0,0,0,0,184,Train
0.35360136,0.357386932,0.124829129,0,0,1,0,0,0,0,0,0,0,0,0,0,0,0,1,0,0,0,0,254,Train
-0.046708293,0.357386932,-0.258539256,0,0,1,0,0,0,0,0,0,0,0,0,0,0,0,0,0,1,0,0,236,Train
-0.046708293,0.357386932,-0.296876095,0,0,1,0,0,0,0,0,0,0,0,0,0,0,1,0,0,0,0,0,233,Train
-1.247637252,-1.581774668,-1.255297057,0,0,1,0,0,0,0,1,0,0,0,0,0,0,0,0,0,0,0,0,175,Train
-0.847327599,-0.935387468,-0.488560287,0,0,1,0,0,0,0,0,0,0,0,0,0,0,0,1,0,0,0,0,222,Train
2.515273486,1.650161332,1.773313183,0,0,1,0,0,0,0,0,0,0,0,0,0,0,1,0,0,0,0,0,354,Train
-0.046708293,0.357386932,-0.181865579,0,0,1,0,0,0,1,0,0,0,0,0,0,0,0,0,0,0,0,0,237,Train
1.314344527,1.650161332,0.393186998,0,0,1,0,1,0,0,0,0,0,0,0,0,0,0,0,0,0,0,0,276,Train
1.554530319,1.650161332,0.968239575,0,0,1,0,0,1,0,0,0,0,0,0,0,0,0,0,0,0,0,0,313,Train
-0.847327599,-0.935387468,-1.408644411,0,0,0,1,0,1,0,0,0,0,0,0,0,0,0,0,0,0,0,0,169,Train
-0.046708293,0.357386932,0.163165967,0,0,0,1,1,0,0,0,0,0,0,0,0,0,0,0,0,0,0,0,259,Train
-0.847327599,-0.935387468,-0.718581318,0,0,1,0,0,0,1,0,0,0,0,0,0,0,0,0,0,0,0,0,209,Train
-0.847327599,-0.935387468,-0.258539256,0,0,1,0,1,0,0,0,0,0,0,0,0,0,0,0,0,0,0,0,236,Train
-0.847327599,-0.935387468,-0.526897125,0,0,1,0,1,0,0,0,0,0,0,0,0,0,0,0,0,0,0,0,219,Train
1.794716111,1.650161332,0.85322906,0,0,0,1,0,0,0,0,0,0,0,0,0,0,0,0,1,0,0,0,304,Train
-0.847327599,-0.935387468,-1.140286541,0,0,0,1,1,0,0,0,0,0,0,0,0,0,0,0,0,0,0,0,179,Train
-0.847327599,-0.935387468,-1.830349634,0,0,0,1,0,1,0,0,0,0,0,0,0,0,0,0,0,0,0,0,138,Train
1.314344527,1.650161332,0.239839644,0,0,1,0,0,0,0,0,0,0,0,0,0,0,1,0,0,0,0,0,262,Train
-0.847327599,-0.935387468,-0.526897125,0,0,1,0,0,0,0,1,0,0,0,0,0,0,0,0,0,0,0,0,220,Train
0.43366329,0.357386932,1.926660537,0,1,0,0,0,0,1,0,0,0,0,0,0,0,0,0,0,0,0,0,263,Train
-0.527079877,-0.935387468,-0.756918156,0,0,0,1,0,0,1,0,0,0,0,0,0,0,0,0,0,0,0,0,205,Train
-1.167575321,-0.935387468,-1.025276026,0,0,1,0,0,0,0,0,0,0,0,0,0,0,0,0,0,1,0,0,186,Train
0.43366329,0.357386932,1.389944798,0,1,0,0,0,0,1,0,0,0,0,0,0,0,0,0,0,0,0,0,230,Train
0.35360136,0.357386932,-0.028518225,0,0,0,1,0,0,0,0,0,0,0,0,0,0,0,1,0,0,0,0,250,Train
-0.046708293,0.357386932,-0.718581318,1,0,0,0,0,0,0,0,0,0,0,0,0,0,0,0,1,0,0,0,233,Train
1.794716111,1.650161332,0.623208029,0,0,0,1,0,0,0,0,0,0,1,0,0,0,0,0,0,0,0,0,290,Train
-0.847327599,-0.935387468,-0.871928672,0,0,0,1,0,0,0,0,0,0,0,0,0,1,0,0,0,0,0,0,196,Train
-1.167575321,-0.935387468,-1.063612864,0,0,1,0,0,0,0,0,0,0,0,0,0,1,0,0,0,0,0,0,188,Train
1.074158735,1.650161332,1.121586929,0,0,1,0,1,0,0,0,0,0,0,0,0,0,0,0,0,0,0,0,321,Train
-0.206832154,-0.935387468,-0.143528741,1,0,0,0,0,0,0,0,0,1,0,0,0,0,0,0,0,0,0,0,279,Train
1.314344527,1.650161332,1.811650022,0,0,1,0,0,0,0,0,0,0,0,0,0,0,0,0,0,1,0,0,362,Train
-0.447017946,-0.935387468,-0.718581318,0,0,0,1,0,0,0,0,0,0,0,0,0,0,0,1,0,0,0,0,205,Train
-0.607141807,-0.935387468,0.163165967,0,0,0,1,0,0,0,0,0,0,0,0,0,0,0,1,0,0,0,0,258,Train
-0.046708293,0.357386932,0.546534352,0,0,1,0,0,0,0,0,0,0,0,0,0,0,0,0,1,0,0,0,285,Train
-0.447017946,-0.935387468,-0.028518225,0,0,0,1,0,0,0,0,0,1,0,0,0,0,0,0,0,0,0,0,251,Train
-0.046708293,0.357386932,-0.258539256,0,0,1,0,0,0,0,0,0,0,0,0,0,0,0,1,0,0,0,0,235,Train
-0.847327599,-0.935387468,-0.756918156,0,0,1,0,1,0,0,0,0,0,0,0,0,0,0,0,0,0,0,0,207,Train
-0.286894085,0.357386932,0.393186998,0,0,0,1,0,0,1,0,0,0,0,0,0,0,0,0,0,0,0,0,277,Train
-0.847327599,-0.935387468,-0.795254995,0,0,1,0,0,0,1,0,0,0,0,0,0,0,0,0,0,0,0,0,204,Train
2.515273486,1.650161332,1.35160796,0,0,1,0,0,0,0,0,0,0,1,0,0,0,0,0,0,0,0,0,329,Train
1.954839972,1.650161332,1.811650022,0,0,1,0,0,0,0,0,0,0,0,0,0,0,0,0,1,0,0,0,356,Train
0.43366329,0.357386932,0.009818613,0,0,0,1,0,0,0,0,0,0,1,0,0,0,0,0,0,0,0,0,253,Train
-0.046708293,0.357386932,-0.296876095,0,0,1,0,0,0,0,0,0,0,0,0,0,0,1,0,0,0,0,0,230,Train
0.35360136,0.357386932,-0.143528741,0,0,0,1,0,0,0,0,0,0,0,0,0,0,0,1,0,0,0,0,245,Train
0.273539429,0.357386932,-0.143528741,0,0,1,0,0,0,0,0,0,0,0,0,0,0,0,0,0,1,0,0,239,Train
-0.847327599,-0.935387468,-1.945360149,0,0,0,1,0,0,1,0,0,0,0,0,0,0,0,0,0,0,0,0,135,Train
-0.527079877,-0.935387468,-0.450223449,0,0,0,1,0,0,0,0,0,0,0,0,0,0,0,1,0,0,0,0,225,Train
-0.527079877,-0.935387468,0.201502806,0,0,0,1,0,0,0,0,0,0,0,0,0,0,0,1,0,0,0,0,261,Train
-0.847327599,-0.935387468,-0.565233964,0,0,1,0,1,0,0,0,0,0,0,0,0,0,0,0,0,0,0,0,217,Train
-0.046708293,0.357386932,0.201502806,0,0,1,0,0,0,0,0,0,0,0,0,0,0,0,1,0,0,0,0,260,Train
-0.046708293,0.357386932,0.738218544,0,0,1,0,0,0,1,0,0,0,0,0,0,0,0,0,0,0,0,0,292,Train
0.35360136,0.357386932,0.124829129,0,0,1,0,0,0,0,0,0,0,0,0,0,0,0,1,0,0,0,0,255,Train
1.554530319,1.650161332,1.159923768,0,0,0,1,0,0,0,0,0,0,1,0,0,0,0,0,0,0,0,0,323,Train
0.193477499,0.357386932,0.316513321,0,0,0,1,0,0,0,0,0,0,0,0,0,0,0,1,0,0,0,0,267,Train
0.35360136,0.357386932,-0.296876095,0,0,1,0,0,0,1,0,0,0,0,0,0,0,0,0,0,0,0,0,230,Train
-0.447017946,-0.935387468,-1.945360149,0,0,0,1,0,0,1,0,0,0,0,0,0,0,0,0,0,0,0,0,131,Train
0.35360136,0.357386932,-1.063612864,0,0,1,0,0,0,0,0,0,0,0,0,0,0,0,0,1,0,0,0,186,Train
-0.527079877,-0.935387468,-0.526897125,0,0,0,1,0,0,0,0,0,0,0,0,0,0,0,1,0,0,0,0,221,Train
-0.046708293,0.357386932,0.08649229,0,0,1,0,0,0,0,0,0,0,0,0,0,0,1,0,0,0,0,0,253,Train
0.35360136,0.357386932,0.124829129,0,0,1,0,0,0,0,0,0,0,0,0,0,0,1,0,0,0,0,0,258,Train
1.794716111,1.650161332,2.923418338,0,1,0,0,0,0,0,0,0,0,0,0,0,0,0,0,1,0,0,0,294,Train
-0.046708293,0.357386932,0.239839644,0,0,1,0,0,0,0,1,0,0,0,0,0,0,0,0,0,0,0,0,266,Train
-0.046708293,0.357386932,0.048155452,0,0,1,0,0,0,0,0,0,0,0,0,0,0,0,1,0,0,0,0,251,Train
-0.447017946,-0.935387468,-0.41188661,0,0,0,1,0,0,0,0,0,0,0,0,0,0,0,1,0,0,0,0,228,Train
-0.447017946,-0.935387468,-1.140286541,0,0,0,1,0,0,1,0,0,0,0,0,0,0,0,0,0,0,0,0,183,Train
-1.247637252,-0.935387468,-1.523654926,0,0,0,1,0,0,0,0,0,0,0,0,0,0,0,0,0,1,0,0,157,Train
-0.527079877,-0.935387468,-0.565233964,0,0,0,1,0,0,0,0,0,0,0,0,0,0,0,1,0,0,0,0,219,Train
-1.247637252,-0.935387468,-1.063612864,0,0,0,1,0,0,0,0,0,0,0,0,0,0,0,1,0,0,0,0,188,Train
-0.046708293,0.357386932,-0.526897125,1,0,0,0,0,0,0,0,0,0,0,0,0,0,0,0,1,0,0,0,254,Train
-0.847327599,-0.935387468,-1.025276026,0,0,1,0,0,0,0,0,0,0,0,0,0,0,1,0,0,0,0,0,186,Train
-0.046708293,0.357386932,1.121586929,0,0,1,0,0,0,0,0,0,0,0,0,0,0,0,0,1,0,0,0,324,Train
0.513725221,0.357386932,1.696639506,0,0,0,1,0,0,0,0,0,0,0,0,0,0,0,0,0,0,0,1,356,Train
-0.847327599,-0.935387468,-0.871928672,0,0,1,0,0,0,1,0,0,0,0,0,0,0,0,0,0,0,0,0,198,Train
-0.527079877,-0.935387468,-0.641907641,0,0,0,1,0,0,0,0,0,0,0,0,0,0,0,1,0,0,0,0,212,Train
0.35360136,0.357386932,1.389944798,0,0,0,1,0,0,0,0,0,0,0,0,0,0,0,0,1,0,0,0,331,Train
-0.847327599,-0.935387468,-1.945360149,0,0,0,1,0,0,1,0,0,0,0,0,0,0,0,0,0,0,0,0,137,Train
0.43366329,0.357386932,0.431523836,0,0,0,1,0,0,0,0,0,0,1,0,0,0,0,0,0,0,0,0,280,Train
-0.046708293,0.357386932,1.466618475,0,0,1,0,0,0,0,0,0,0,0,0,0,0,0,1,0,0,0,0,339,Train
1.794716111,1.650161332,0.85322906,0,0,0,1,0,0,0,0,0,0,1,0,0,0,0,0,0,0,0,0,304,Train
-0.046708293,0.357386932,-0.565233964,0,0,1,0,1,0,0,0,0,0,0,0,0,0,0,0,0,0,0,0,217,Train
-0.847327599,-0.935387468,-0.296876095,0,0,0,1,0,0,0,0,0,0,0,0,0,0,0,1,0,0,0,0,235,Train
0.273539429,0.357386932,-0.488560287,0,0,1,0,0,0,0,0,0,0,0,0,0,0,0,0,0,1,0,0,218,Train
0.513725221,0.357386932,0.278176483,0,0,1,0,0,0,0,0,0,0,0,0,0,0,0,0,0,1,0,0,269,Train
1.074158735,1.650161332,0.776555383,0,0,1,0,0,0,0,0,0,0,0,0,0,0,0,0,1,0,0,0,302,Train
-0.046708293,0.357386932,0.35485016,0,0,1,0,0,1,0,0,0,0,0,0,0,0,0,0,0,0,0,0,275,Train
1.074158735,1.650161332,0.508197513,0,0,1,0,0,1,0,0,0,0,0,0,0,0,0,0,0,0,0,0,283,Train
-0.447017946,-0.935387468,-0.986939187,0,0,0,1,0,0,1,0,0,0,0,0,0,0,0,0,0,0,0,0,192,Train
-0.527079877,-0.935387468,-0.296876095,0,0,0,1,0,0,0,0,0,0,0,0,0,0,0,1,0,0,0,0,230,Train
-0.447017946,-0.935387468,-0.488560287,0,0,0,1,0,0,1,0,0,0,0,0,0,0,0,0,0,0,0,0,223,Train
-1.327699183,-0.935387468,-1.063612864,0,0,0,1,0,0,0,0,0,0,0,0,0,1,0,0,0,0,0,0,189,Train
-0.847327599,-0.935387468,-0.680244479,0,0,1,0,0,0,0,0,0,0,0,0,0,0,0,0,0,1,0,0,207,Train
-0.447017946,-0.935387468,-1.255297057,0,0,0,1,0,0,1,0,0,0,0,0,0,0,0,0,0,0,0,0,175,Train
-1.327699183,-0.935387468,-1.255297057,0,0,0,1,0,0,1,0,0,0,0,0,0,0,0,0,0,0,0,0,172,Train
0.753911013,1.650161332,1.313271121,0,0,1,0,0,0,0,0,0,0,0,0,0,0,1,0,0,0,0,0,332,Train
-0.046708293,0.357386932,-0.335212933,0,0,1,0,1,0,0,0,0,0,0,0,0,0,0,0,0,0,0,0,228,Train
0.35360136,0.357386932,0.699881706,0,0,0,1,0,0,0,0,0,0,0,0,0,0,0,0,1,0,0,0,296,Train
-0.046708293,0.357386932,0.393186998,0,0,0,1,0,0,1,0,0,0,0,0,0,0,0,0,0,0,0,0,278,Train
-0.847327599,-0.935387468,-0.335212933,0,0,1,0,0,0,0,0,0,0,0,0,0,0,0,1,0,0,0,0,230,Train
-0.847327599,-0.935387468,-0.641907641,0,0,1,0,0,0,0,0,0,0,0,0,0,0,0,0,0,1,0,0,209,Train
-1.327699183,-0.935387468,-0.833591833,0,0,0,1,0,0,0,1,0,0,0,0,0,0,0,0,0,0,0,0,198,Train
-0.046708293,0.357386932,-0.335212933,0,0,1,0,1,0,0,0,0,0,0,0,0,0,0,0,0,0,0,0,231,Train
0.35360136,0.357386932,-0.680244479,0,0,0,1,0,0,1,0,0,0,0,0,0,0,0,0,0,0,0,0,210,Train
0.753911013,1.650161332,0.699881706,0,0,1,0,0,1,0,0,0,0,0,0,0,0,0,0,0,0,0,0,295,Train
0.43366329,0.357386932,0.623208029,0,0,1,0,1,0,0,0,0,0,0,0,0,0,0,0,0,0,0,0,289,Train
-1.00745146,-0.935387468,-0.526897125,0,0,0,1,0,0,0,0,0,0,0,0,0,1,0,0,0,0,0,0,220,Train
-0.046708293,0.357386932,0.124829129,0,0,1,0,0,0,0,0,0,0,0,0,0,0,0,1,0,0,0,0,260,Train
0.753911013,1.650161332,1.044913252,0,0,1,0,0,0,0,0,0,0,0,0,0,0,0,0,0,1,0,0,315,Train
1.71465418,1.650161332,1.466618475,0,0,1,0,0,0,0,0,0,0,0,0,0,0,1,0,0,0,0,0,341,Train
-0.447017946,-0.935387468,-0.335212933,0,0,1,0,0,0,0,0,0,0,0,0,0,0,0,0,0,1,0,0,231,Train
0.273539429,0.357386932,0.009818613,0,0,1,0,0,0,0,1,0,0,0,0,0,0,0,0,0,0,0,0,253,Train
0.35360136,0.357386932,-0.450223449,0,0,0,1,0,0,1,0,0,0,0,0,0,0,0,0,0,0,0,0,221,Train
2.515273486,1.650161332,1.84998686,0,0,1,0,0,0,0,0,0,0,0,0,0,0,0,0,0,1,0,0,359,Train
-0.527079877,-0.935387468,-0.91026551,0,0,0,1,0,1,0,0,0,0,0,0,0,0,0,0,0,0,0,0,199,Train
0.193477499,0.357386932,0.278176483,0,0,0,1,0,0,0,0,1,0,0,0,0,0,0,0,0,0,0,0,272,Train
1.794716111,1.650161332,1.006576414,0,0,0,1,0,0,0,0,0,0,0,0,0,0,0,0,1,0,0,0,314,Train
-0.847327599,-0.935387468,-0.488560287,0,0,0,1,0,0,0,0,0,0,0,0,0,0,1,0,0,0,0,0,221,Train
-1.647946905,-0.935387468,-1.600328603,0,0,0,1,0,0,0,0,0,0,0,0,0,0,1,0,0,0,0,0,152,Train
-0.286894085,0.357386932,0.316513321,0,0,0,1,0,0,0,0,0,0,1,0,0,0,0,0,0,0,0,0,272,Train
-0.527079877,-0.935387468,1.313271121,0,1,0,0,0,0,0,0,0,0,0,0,0,0,0,1,0,0,0,0,236,Train
0.43366329,0.357386932,2.041671053,0,1,0,0,0,1,0,0,0,0,0,0,0,0,0,0,0,0,0,0,268,Train
0.43366329,0.357386932,0.508197513,0,0,0,1,0,0,0,0,0,0,0,0,0,0,0,1,0,0,0,0,282,Train
1.554530319,1.650161332,1.121586929,0,0,1,0,0,0,0,1,0,0,0,0,0,0,0,0,0,0,0,0,315,Train
0.43366329,0.357386932,-0.181865579,0,0,0,1,0,0,1,0,0,0,0,0,0,0,0,0,0,0,0,0,242,Train
-0.046708293,0.357386932,0.623208029,0,0,1,0,0,0,0,0,0,0,0,0,0,0,1,0,0,0,0,0,285,Train
-0.847327599,-0.935387468,-0.220202418,0,0,0,1,0,0,0,0,0,0,0,1,0,0,0,0,0,0,0,0,235,Train
0.43366329,0.357386932,0.508197513,0,0,0,1,0,0,0,0,0,0,0,0,0,0,0,0,1,0,0,0,278,Train
-0.447017946,-0.935387468,-0.833591833,0,0,0,1,0,0,0,0,0,0,0,0,0,0,0,1,0,0,0,0,201,Train
0.43366329,0.357386932,-0.181865579,0,0,0,1,0,0,1,0,0,0,0,0,0,0,0,0,0,0,0,0,237,Train
-0.847327599,-0.935387468,-0.641907641,0,0,1,0,0,0,1,0,0,0,0,0,0,0,0,0,0,0,0,0,214,Train
-0.847327599,-0.935387468,-0.066855064,0,0,1,0,0,0,0,0,0,0,0,0,0,0,0,1,0,0,0,0,248,Train
-0.046708293,0.357386932,0.968239575,0,0,1,0,0,0,0,0,0,0,0,0,0,0,0,0,1,0,0,0,311,Train
-0.847327599,-0.935387468,-0.641907641,0,0,1,0,1,0,0,0,0,0,0,0,0,0,0,0,0,0,0,0,214,Train
-0.046708293,0.357386932,1.466618475,0,0,1,0,0,0,0,0,0,0,0,0,0,0,0,1,0,0,0,0,353,Train
0.35360136,0.357386932,0.929902737,0,0,0,1,0,0,0,0,0,0,0,0,0,0,0,0,1,0,0,0,311,Train
0.753911013,0.357386932,0.776555383,0,0,0,1,0,0,0,0,0,0,0,0,0,0,0,0,1,0,0,0,298,Train
-0.847327599,-0.935387468,-0.871928672,0,0,0,1,1,0,0,0,0,0,0,0,0,0,0,0,0,0,0,0,200,Train
-0.046708293,0.357386932,0.58487119,0,0,0,1,0,1,0,0,0,0,0,0,0,0,0,0,0,0,0,0,289,Train
0.35360136,0.357386932,2.34836576,0,1,0,0,0,0,0,0,0,0,1,0,0,0,0,0,0,0,0,0,278,Train
-0.847327599,-0.935387468,-0.296876095,0,0,0,1,0,0,0,0,0,0,0,0,0,0,0,1,0,0,0,0,236,Train
0.35360136,0.357386932,0.814892221,0,0,0,1,0,0,0,0,0,0,0,0,0,0,0,0,1,0,0,0,303,Train
0.273539429,0.357386932,0.009818613,0,0,1,0,0,0,0,1,0,0,0,0,0,0,0,0,0,0,0,0,248,Train
-0.847327599,-0.935387468,-1.17862338,0,0,0,1,1,0,0,0,0,0,0,0,0,0,0,0,0,0,0,0,179,Train
-0.847327599,-0.935387468,-0.756918156,0,0,1,0,1,0,0,0,0,0,0,0,0,0,0,0,0,0,0,0,207,Train
1.954839972,1.650161332,0.85322906,0,0,1,0,0,0,0,0,0,0,0,0,0,0,0,0,0,1,0,0,303,Train
-0.046708293,0.357386932,0.163165967,0,0,1,0,0,1,0,0,0,0,0,0,0,0,0,0,0,0,0,0,263,Train
-0.847327599,-0.935387468,-1.485318087,0,0,0,1,0,0,1,0,0,0,0,0,0,0,0,0,0,0,0,0,162,Train
1.554530319,1.650161332,1.121586929,0,0,1,0,0,0,0,1,0,0,0,0,0,0,0,0,0,0,0,0,315,Train
-1.00745146,-0.935387468,-0.948602349,0,0,0,1,0,0,0,0,0,0,0,0,0,1,0,0,0,0,0,0,194,Train
1.074158735,1.650161332,1.083250091,0,0,1,0,0,0,0,0,0,0,0,0,0,0,0,0,1,0,0,0,318,Train
-0.847327599,-0.935387468,-0.450223449,0,0,1,0,0,0,0,0,0,0,0,0,0,0,0,1,0,0,0,0,223,Train
0.35360136,0.357386932,-0.220202418,0,0,0,1,0,0,0,0,0,0,0,0,1,0,0,0,0,0,0,0,240,Train
0.43366329,0.357386932,-0.066855064,0,0,0,1,0,0,1,0,0,0,0,0,0,0,0,0,0,0,0,0,248,Train
0.193477499,0.357386932,1.581628991,0,1,0,0,0,0,0,0,0,0,1,0,0,0,0,0,0,0,0,0,248,Train
-0.847327599,-0.935387468,-1.523654926,1,0,0,0,1,0,0,0,0,0,0,0,0,0,0,0,0,0,0,0,183,Train
-0.447017946,-0.935387468,-0.373549772,0,0,0,1,0,0,0,0,1,0,0,0,0,0,0,0,0,0,0,0,225,Train
1.554530319,1.650161332,0.968239575,0,0,0,1,0,0,0,0,0,0,1,0,0,0,0,0,0,0,0,0,311,Train
-0.847327599,-0.935387468,-1.370307572,0,0,0,1,0,0,1,0,0,0,0,0,0,0,0,0,0,0,0,0,166,Train
-0.046708293,0.357386932,0.623208029,0,0,1,0,0,0,0,0,0,0,0,0,0,0,0,0,1,0,0,0,292,Train
-0.847327599,-0.935387468,-0.91026551,0,0,0,1,1,0,0,0,0,0,0,0,0,0,0,0,0,0,0,0,193,Train
-0.847327599,-0.935387468,-0.373549772,0,0,0,1,0,0,0,0,0,0,0,0,0,0,0,1,0,0,0,0,230,Train
0.43366329,0.357386932,0.163165967,0,0,0,1,0,1,0,0,0,0,0,0,0,0,0,0,0,0,0,0,258,Train
0.35360136,0.357386932,0.08649229,0,0,0,1,0,0,0,0,0,0,0,0,0,0,0,1,0,0,0,0,253,Train
-0.847327599,-0.935387468,0.163165967,0,0,1,0,0,0,0,0,0,0,0,0,0,0,0,1,0,0,0,0,259,Train
0.753911013,1.650161332,0.201502806,0,0,1,0,0,1,0,0,0,0,0,0,0,0,0,0,0,0,0,0,265,Train
-0.447017946,-0.935387468,0.661544867,0,0,1,0,1,0,0,0,0,0,0,0,0,0,0,0,0,0,0,0,288,Train
-0.847327599,-0.935387468,-0.603570802,0,0,1,0,0,0,0,0,0,0,0,0,0,0,0,0,0,1,0,0,215,Train
-1.167575321,-0.935387468,-1.063612864,0,0,1,0,0,0,0,0,0,0,0,0,0,0,0,0,0,1,0,0,184,Train
-0.046708293,0.357386932,0.431523836,0,0,0,1,0,0,0,0,0,0,0,0,0,0,0,1,0,0,0,0,274,Train
-0.447017946,-0.935387468,-1.025276026,0,0,0,1,0,0,1,0,0,0,0,0,0,0,0,0,0,0,0,0,190,Train
-1.728008836,-1.581774668,-1.561991764,0,0,1,0,0,0,0,0,0,0,0,0,0,0,0,0,0,1,0,0,152,Train
-0.286894085,0.357386932,0.469860675,0,0,0,1,0,0,0,0,0,0,0,0,0,0,0,1,0,0,0,0,282,Train
0.43366329,0.357386932,2.770070984,0,1,0,0,0,0,0,0,0,0,1,0,0,0,0,0,0,0,0,0,300,Train
-0.847327599,-0.935387468,-0.335212933,0,0,1,0,0,0,0,0,0,0,0,0,0,0,0,1,0,0,0,0,227,Train
1.554530319,1.650161332,0.699881706,0,0,1,0,0,0,0,0,0,0,0,0,0,0,1,0,0,0,0,0,289,Train
1.554530319,1.650161332,0.546534352,0,0,0,1,0,0,0,0,0,0,1,0,0,0,0,0,0,0,0,0,286,Train
-0.847327599,-0.935387468,-0.756918156,0,0,1,0,1,0,0,0,0,0,0,0,0,0,0,0,0,0,0,0,206,Train
-0.847327599,-0.935387468,-0.335212933,0,0,1,0,0,0,0,0,0,0,0,0,0,0,0,1,0,0,0,0,232,Train
1.394406458,1.650161332,0.776555383,0,0,1,0,0,1,0,0,0,0,0,0,0,0,0,0,0,0,0,0,300,Train
2.034901902,1.650161332,1.658302668,0,0,1,0,0,0,0,0,0,0,0,0,0,0,0,0,1,0,0,0,355,Train
0.43366329,0.357386932,2.195018406,0,1,0,0,0,0,1,0,0,0,0,0,0,0,0,0,0,0,0,0,264,Train
-0.046708293,0.357386932,-0.028518225,1,0,0,0,0,0,0,0,0,0,1,0,0,0,0,0,0,0,0,0,287,Train
0.43366329,0.357386932,-0.220202418,0,0,0,1,0,0,1,0,0,0,0,0,0,0,0,0,0,0,0,0,239,Train
0.43366329,0.357386932,1.428281637,0,1,0,0,0,1,0,0,0,0,0,0,0,0,0,0,0,0,0,0,239,Train
2.515273486,1.650161332,1.159923768,0,0,1,0,0,0,0,0,0,0,1,0,0,0,0,0,0,0,0,0,324,Train
-1.327699183,-0.935387468,-1.101949703,0,0,0,1,0,0,0,0,0,0,0,0,0,0,0,0,0,1,0,0,185,Train
-0.847327599,-0.935387468,-0.488560287,0,0,1,0,0,0,0,0,0,0,0,0,0,0,1,0,0,0,0,0,222,Train
0.193477499,0.357386932,-0.220202418,0,0,0,1,0,1,0,0,0,0,0,0,0,0,0,0,0,0,0,0,238,Train
0.753911013,1.650161332,0.546534352,0,0,1,0,0,1,0,0,0,0,0,0,0,0,0,0,0,0,0,0,286,Train
-0.847327599,-0.935387468,-0.641907641,0,0,0,1,0,0,1,0,0,0,0,0,0,0,0,0,0,0,0,0,211,Train
-1.167575321,-0.935387468,-1.255297057,0,0,0,1,1,0,0,0,0,0,0,0,0,0,0,0,0,0,0,0,177,Train
-1.167575321,-0.935387468,-1.216960218,0,0,0,1,0,0,0,0,0,0,0,0,0,0,1,0,0,0,0,0,175,Train
-0.046708293,0.357386932,0.508197513,0,0,1,0,1,0,0,0,0,0,0,0,0,0,0,0,0,0,0,0,284,Train
-0.847327599,-0.935387468,-0.526897125,0,0,0,1,0,0,0,0,0,0,0,0,0,0,0,1,0,0,0,0,220,Train
-0.527079877,-0.935387468,1.121586929,0,1,0,0,0,0,0,0,0,0,0,0,0,0,0,1,0,0,0,0,226,Train
-0.607141807,-0.935387468,-0.335212933,0,0,0,1,0,0,0,0,0,0,0,0,0,0,1,0,0,0,0,0,228,Train
1.554530319,1.650161332,3.038428853,0,1,0,0,0,0,0,0,0,0,1,0,0,0,0,0,0,0,0,0,299,Train
0.593787152,0.357386932,0.316513321,0,0,0,1,0,0,0,0,0,0,1,0,0,0,0,0,0,0,0,0,273,Train
-1.00745146,-0.935387468,-1.063612864,0,0,0,1,1,0,0,0,0,0,0,0,0,0,0,0,0,0,0,0,187,Train
-0.046708293,0.357386932,-0.258539256,0,0,1,0,0,1,0,0,0,0,0,0,0,0,0,0,0,0,0,0,235,Train
-0.527079877,-0.935387468,-0.296876095,0,0,0,1,0,0,0,0,0,0,0,0,0,0,0,1,0,0,0,0,235,Train
-0.046708293,0.357386932,-0.41188661,0,0,1,0,0,0,0,0,0,0,0,0,0,0,1,0,0,0,0,0,227,Train
-0.847327599,-0.935387468,-0.718581318,0,0,1,0,1,0,0,0,0,0,0,0,0,0,0,0,0,0,0,0,208,Train
-1.487823044,-0.935387468,-1.446981249,0,0,0,1,0,0,0,0,0,0,0,0,0,0,1,0,0,0,0,0,161,Train
0.35360136,0.357386932,1.35160796,0,0,0,1,0,0,0,0,0,0,0,0,0,0,0,0,1,0,0,0,337,Train
0.994096805,0.357386932,0.431523836,0,0,0,1,0,0,0,0,0,0,1,0,0,0,0,0,0,0,0,0,279,Train
0.43366329,0.357386932,0.776555383,0,0,1,0,0,0,0,0,0,0,0,0,0,0,0,0,1,0,0,0,300,Train
0.43366329,0.357386932,-0.258539256,0,0,0,1,0,0,1,0,0,0,0,0,0,0,0,0,0,0,0,0,238,Train
-0.847327599,-0.935387468,-0.603570802,0,0,1,0,1,0,0,0,0,0,0,0,0,0,0,0,0,0,0,0,212,Train
-1.647946905,-1.581774668,-0.91026551,0,0,0,1,0,0,0,0,0,0,0,0,0,0,0,1,0,0,0,0,196,Train
-0.046708293,0.357386932,-0.450223449,0,0,1,0,1,0,0,0,0,0,0,0,0,0,0,0,0,0,0,0,224,Train
1.554530319,1.650161332,0.278176483,0,0,0,1,0,0,0,0,0,0,0,0,0,0,1,0,0,0,0,0,264,Train
-1.327699183,-0.935387468,-0.948602349,0,0,0,1,0,0,1,0,0,0,0,0,0,0,0,0,0,0,0,0,191,Train
0.753911013,1.650161332,1.313271121,0,0,1,0,0,0,1,0,0,0,0,0,0,0,0,0,0,0,0,0,334,Train
-0.847327599,-0.935387468,-0.526897125,0,0,1,0,0,0,0,0,0,0,0,0,0,0,1,0,0,0,0,0,221,Train
0.35360136,0.357386932,-1.063612864,0,0,1,0,0,0,0,0,0,0,0,0,0,0,1,0,0,0,0,0,187,Train
-0.126770224,0.357386932,0.124829129,0,0,1,0,0,0,0,0,0,0,0,0,0,0,1,0,0,0,0,0,260,Train
-1.167575321,-0.935387468,-0.871928672,0,0,1,0,1,0,0,0,0,0,0,0,0,0,0,0,0,0,0,0,196,Train
1.794716111,1.650161332,0.968239575,0,0,0,1,0,0,0,0,0,0,0,0,0,0,0,0,1,0,0,0,312,Train
-0.126770224,0.357386932,-0.258539256,0,0,1,0,0,1,0,0,0,0,0,0,0,0,0,0,0,0,0,0,235,Train
-0.447017946,-0.935387468,-1.025276026,0,0,0,1,0,0,1,0,0,0,0,0,0,0,0,0,0,0,0,0,186,Train
-1.327699183,-0.935387468,-0.91026551,0,0,0,1,0,0,0,0,0,0,0,0,0,0,0,1,0,0,0,0,193,Train
0.35360136,0.357386932,0.431523836,0,0,0,1,0,1,0,0,0,0,0,0,0,0,0,0,0,0,0,0,274,Train
-1.247637252,-0.935387468,-1.370307572,0,0,1,0,0,1,0,0,0,0,0,0,0,0,0,0,0,0,0,0,167,Train
-0.847327599,-0.935387468,-0.373549772,0,0,1,0,0,0,1,0,0,0,0,0,0,0,0,0,0,0,0,0,229,Train
0.35360136,0.357386932,-0.91026551,0,0,0,1,0,0,0,0,0,0,0,0,0,0,0,0,1,0,0,0,193,Train
-0.046708293,0.357386932,0.623208029,0,0,1,0,0,0,0,0,0,0,0,0,0,0,1,0,0,0,0,0,290,Train
-0.847327599,-0.935387468,-0.258539256,0,0,0,1,0,0,0,0,0,0,0,0,0,0,0,0,1,0,0,0,232,Train
-0.447017946,-0.935387468,-0.871928672,0,0,0,1,0,0,0,0,0,0,0,0,0,0,0,1,0,0,0,0,198,Train
1.954839972,1.650161332,1.926660537,0,0,1,0,0,0,0,0,0,0,0,0,0,0,0,0,1,0,0,0,363,Train
0.593787152,0.357386932,0.239839644,0,0,1,0,0,0,0,1,0,0,0,0,0,0,0,0,0,0,0,0,266,Train
-0.847327599,-0.935387468,-0.028518225,0,0,1,0,0,0,0,0,0,0,0,0,0,0,0,1,0,0,0,0,250,Train
-0.046708293,0.357386932,0.508197513,0,0,1,0,0,0,0,0,0,0,0,0,0,0,0,0,0,1,0,0,282,Train
-0.847327599,-0.935387468,-0.488560287,0,0,1,0,0,0,0,0,0,0,0,0,0,1,0,0,0,0,0,0,221,Train
0.193477499,0.357386932,0.393186998,0,0,0,1,0,0,0,0,0,0,1,0,0,0,0,0,0,0,0,0,277,Train
1.794716111,1.650161332,2.731734145,0,1,0,0,0,0,0,0,0,0,0,0,0,0,0,0,1,0,0,0,298,Train
-0.847327599,-0.935387468,-0.91026551,0,0,0,1,1,0,0,0,0,0,0,0,0,0,0,0,0,0,0,0,198,Train
-0.847327599,-0.935387468,-0.986939187,0,0,0,1,1,0,0,0,0,0,0,0,0,0,0,0,0,0,0,0,189,Train
2.034901902,1.650161332,0.814892221,0,0,1,0,0,0,1,0,0,0,0,0,0,0,0,0,0,0,0,0,297,Train
-1.167575321,-0.935387468,-0.795254995,0,0,1,0,1,0,0,0,0,0,0,0,0,0,0,0,0,0,0,0,200,Train
0.35360136,0.357386932,-0.488560287,0,0,1,0,0,0,1,0,0,0,0,0,0,0,0,0,0,0,0,0,223,Train
-0.046708293,0.357386932,-0.220202418,0,0,1,0,0,0,0,0,0,0,0,0,0,0,1,0,0,0,0,0,238,Train
-0.847327599,-0.935387468,-0.986939187,0,0,0,1,0,0,0,0,0,0,0,0,0,0,1,0,0,0,0,0,191,Train
-0.847327599,-0.935387468,-0.603570802,0,0,1,0,0,0,1,0,0,0,0,0,0,0,0,0,0,0,0,0,217,Train
0.994096805,0.357386932,1.658302668,0,0,0,1,0,0,0,0,0,0,0,0,0,0,0,0,0,0,1,0,347,Train
-0.847327599,-0.935387468,-0.526897125,0,0,0,1,0,0,1,0,0,0,0,0,0,0,0,0,0,0,0,0,216,Train
-0.046708293,0.357386932,-0.143528741,1,0,0,0,0,0,0,0,0,0,1,0,0,0,0,0,0,0,0,0,278,Train
-1.327699183,-0.935387468,-1.063612864,0,0,0,1,1,0,0,0,0,0,0,0,0,0,0,0,0,0,0,0,189,Train
1.314344527,1.650161332,1.313271121,0,0,1,0,0,0,0,0,0,0,0,0,0,0,0,0,1,0,0,0,327,Train
0.35360136,0.357386932,-0.181865579,0,0,1,0,1,0,0,0,0,0,0,0,0,0,0,0,0,0,0,0,240,Train
1.794716111,1.650161332,2.923418338,0,1,0,0,0,0,0,0,0,0,1,0,0,0,0,0,0,0,0,0,306,Train
-0.847327599,-0.935387468,-0.795254995,0,0,1,0,0,0,0,0,0,0,0,0,1,0,0,0,0,0,0,0,204,Train
0.193477499,0.357386932,0.163165967,0,0,0,1,0,0,0,0,0,0,1,0,0,0,0,0,0,0,0,0,263,Train
-0.447017946,-0.935387468,0.009818613,0,0,0,1,0,0,0,0,0,1,0,0,0,0,0,0,0,0,0,0,253,Train
1.794716111,1.650161332,2.501713114,0,1,0,0,0,0,0,0,0,0,1,0,0,0,0,0,0,0,0,0,277,Train
0.43366329,0.357386932,-0.181865579,0,0,0,1,0,0,1,0,0,0,0,0,0,0,0,0,0,0,0,0,242,Train
2.515273486,1.650161332,0.508197513,0,0,1,0,0,0,0,0,0,0,0,0,0,0,1,0,0,0,0,0,284,Train
-1.247637252,-1.581774668,-0.641907641,0,0,1,0,0,0,0,0,0,0,0,0,0,1,0,0,0,0,0,0,214,Train
-1.00745146,-0.935387468,-2.328728534,0,0,0,1,0,0,1,0,0,0,0,0,0,0,0,0,0,0,0,0,108,Train
-0.046708293,0.357386932,-0.066855064,0,0,1,0,0,0,1,0,0,0,0,0,0,0,0,0,0,0,0,0,247,Train
-1.167575321,-0.935387468,-1.255297057,0,0,0,1,1,0,0,0,0,0,0,0,0,0,0,0,0,0,0,0,177,Train
-1.247637252,-0.935387468,-0.833591833,0,0,0,1,0,0,0,0,0,0,0,0,0,0,0,1,0,0,0,0,201,Train
-0.447017946,-0.935387468,0.201502806,0,0,0,1,0,0,0,0,0,1,0,0,0,0,0,0,0,0,0,0,260,Train
0.43366329,0.357386932,-0.105191902,0,0,0,1,0,0,0,0,0,0,0,0,0,0,0,1,0,0,0,0,246,Train
-0.527079877,-0.935387468,-0.603570802,0,0,1,0,1,0,0,0,0,0,0,0,0,0,0,0,0,0,0,0,212,Train
-0.046708293,0.357386932,0.239839644,0,0,1,0,0,0,0,0,0,0,0,0,0,0,0,1,0,0,0,0,267,Train
2.114963833,1.650161332,1.696639506,0,0,0,1,0,0,0,0,0,0,1,0,0,0,0,0,0,0,0,0,350,Train
1.794716111,1.650161332,1.35160796,0,0,0,1,0,0,0,0,0,0,0,0,0,0,0,0,1,0,0,0,336,Train
0.43366329,0.357386932,-0.105191902,0,0,0,1,1,0,0,0,0,0,0,0,0,0,0,0,0,0,0,0,242,Train
-0.847327599,-0.935387468,-0.335212933,0,0,1,0,0,0,1,0,0,0,0,0,0,0,0,0,0,0,0,0,232,Train
-0.847327599,-0.935387468,-0.718581318,0,0,0,1,0,0,1,0,0,0,0,0,0,0,0,0,0,0,0,0,209,Train
0.513725221,0.357386932,0.201502806,0,0,0,1,0,0,1,0,0,0,0,0,0,0,0,0,0,0,0,0,260,Train
-0.847327599,-0.935387468,-0.565233964,0,0,1,0,1,0,0,0,0,0,0,0,0,0,0,0,0,0,0,0,218,Train
-1.00745146,-0.935387468,-1.293633895,0,0,0,1,0,0,1,0,0,0,0,0,0,0,0,0,0,0,0,0,170,Train
-0.046708293,0.357386932,-0.526897125,0,0,1,0,0,0,0,1,0,0,0,0,0,0,0,0,0,0,0,0,221,Train
-1.327699183,-0.935387468,-0.756918156,0,0,0,1,0,0,0,0,0,0,0,0,0,0,0,1,0,0,0,0,203,Train
0.35360136,0.357386932,0.201502806,0,0,0,1,0,0,0,0,0,0,0,0,0,0,0,1,0,0,0,0,266,Train
-1.487823044,-1.581774668,-1.600328603,0,0,0,1,1,0,0,0,0,0,0,0,0,0,0,0,0,0,0,0,153,Train
-0.046708293,0.357386932,-0.41188661,0,0,1,0,0,0,0,1,0,0,0,0,0,0,0,0,0,0,0,0,227,Train
0.43366329,0.357386932,1.313271121,0,1,0,0,0,1,0,0,0,0,0,0,0,0,0,0,0,0,0,0,234,Train
-0.847327599,-0.935387468,-0.335212933,0,0,0,1,0,0,0,0,0,0,0,0,0,0,0,1,0,0,0,0,231,Train
1.794716111,1.650161332,1.389944798,0,0,0,1,0,0,0,0,0,0,1,0,0,0,0,0,0,0,0,0,339,Train
0.593787152,0.357386932,-0.105191902,0,0,1,0,0,0,0,1,0,0,0,0,0,0,0,0,0,0,0,0,245,Train
-0.527079877,-0.935387468,-0.526897125,0,0,0,1,0,0,0,0,0,0,0,0,0,0,0,1,0,0,0,0,216,Train
-0.447017946,-0.935387468,0.508197513,0,0,0,1,0,0,0,0,0,1,0,0,0,0,0,0,0,0,0,0,285,Train
0.43366329,0.357386932,0.699881706,0,0,0,1,0,0,0,0,0,0,1,0,0,0,0,0,0,0,0,0,294,Train
-0.046708293,0.357386932,-0.641907641,1,0,0,0,0,0,0,0,0,0,1,0,0,0,0,0,0,0,0,0,245,Train
-0.046708293,0.357386932,0.393186998,0,0,1,0,0,0,0,0,0,0,0,0,0,0,1,0,0,0,0,0,271,Train
-0.527079877,-0.935387468,-0.450223449,0,0,0,1,0,0,0,0,0,0,0,0,0,0,0,1,0,0,0,0,225,Train
-1.247637252,-1.581774668,-0.603570802,0,0,1,0,0,0,0,0,0,0,0,0,0,1,0,0,0,0,0,0,215,Train
-0.447017946,-0.935387468,-1.17862338,0,0,0,1,0,0,1,0,0,0,0,0,0,0,0,0,0,0,0,0,177,Train
0.753911013,1.650161332,0.239839644,0,0,1,0,0,0,1,0,0,0,0,0,0,0,0,0,0,0,0,0,265,Train
0.513725221,0.357386932,1.006576414,0,0,0,1,0,0,0,0,0,0,1,0,0,0,0,0,0,0,0,0,308,Train
-0.046708293,0.357386932,-0.028518225,0,0,1,0,0,0,0,0,0,0,0,0,0,0,1,0,0,0,0,0,251,Train
-0.046708293,0.357386932,0.278176483,0,0,1,0,0,1,0,0,0,0,0,0,0,0,0,0,0,0,0,0,271,Train
0.273539429,0.357386932,-0.220202418,0,0,1,0,0,0,0,1,0,0,0,0,0,0,0,0,0,0,0,0,240,Train
-0.607141807,-0.935387468,-0.603570802,0,0,0,1,0,0,0,0,0,0,0,0,0,0,1,0,0,0,0,0,212,Train
-1.167575321,-0.935387468,-0.91026551,0,0,0,1,0,0,0,0,0,0,0,0,0,1,0,0,0,0,0,0,198,Train
-0.527079877,-0.935387468,0.124829129,0,0,0,1,0,0,0,0,0,0,0,0,0,0,0,1,0,0,0,0,255,Train
-1.247637252,-1.581774668,-1.17862338,0,0,1,0,0,0,0,1,0,0,0,0,0,0,0,0,0,0,0,0,181,Train
-0.847327599,-0.935387468,-1.983696988,0,0,0,1,0,0,1,0,0,0,0,0,0,0,0,0,0,0,0,0,131,Train
0.753911013,1.650161332,0.508197513,0,0,1,0,0,0,0,0,0,0,0,0,0,0,1,0,0,0,0,0,285,Train
1.794716111,1.650161332,0.85322906,0,0,0,1,0,0,0,0,0,0,0,0,0,0,0,0,1,0,0,0,299,Train
0.35360136,0.357386932,-1.101949703,0,0,1,0,0,0,0,0,0,0,0,0,0,0,0,0,1,0,0,0,185,Train
0.43366329,0.357386932,-0.143528741,0,0,0,1,0,0,0,0,0,0,1,0,0,0,0,0,0,0,0,0,246,Train
-0.847327599,-0.935387468,-0.335212933,0,0,1,0,0,0,0,0,0,0,0,0,0,0,1,0,0,0,0,0,231,Train
1.794716111,1.650161332,0.738218544,0,0,0,1,0,0,0,0,0,0,1,0,0,0,0,0,0,0,0,0,298,Train
1.794716111,1.650161332,0.968239575,0,0,0,1,0,0,0,0,0,0,0,0,0,0,0,0,1,0,0,0,306,Train
-0.527079877,-0.935387468,-0.488560287,0,0,0,1,0,0,0,0,0,0,0,0,0,0,0,1,0,0,0,0,222,Train
-1.00745146,-0.935387468,-1.063612864,0,0,0,1,0,0,1,0,0,0,0,0,0,0,0,0,0,0,0,0,184,Train
0.35360136,0.357386932,0.08649229,0,0,0,1,0,0,0,0,0,0,0,0,0,0,0,1,0,0,0,0,259,Train
1.794716111,1.650161332,0.891565898,0,0,0,1,0,0,0,0,0,0,1,0,0,0,0,0,0,0,0,0,307,Train
0.35360136,0.357386932,0.048155452,0,0,1,0,0,0,0,0,0,0,0,0,0,0,0,1,0,0,0,0,257,Train
0.35360136,0.357386932,2.463376276,0,1,0,0,0,0,0,0,0,0,0,0,0,0,0,0,1,0,0,0,284,Train
-0.847327599,-0.935387468,-0.565233964,0,0,1,0,1,0,0,0,0,0,0,0,0,0,0,0,0,0,0,0,216,Train
-0.046708293,0.357386932,-0.028518225,1,0,0,0,0,0,0,0,0,0,1,0,0,0,0,0,0,0,0,0,288,Train
-0.847327599,-0.935387468,-0.41188661,0,0,1,0,0,0,1,0,0,0,0,0,0,0,0,0,0,0,0,0,228,Train
-1.167575321,-0.935387468,-0.91026551,0,0,0,1,0,0,0,0,0,0,0,0,0,0,1,0,0,0,0,0,196,Train
-0.847327599,-0.935387468,-0.526897125,0,0,1,0,0,0,0,0,0,0,0,0,0,0,1,0,0,0,0,0,216,Train
-0.046708293,0.357386932,0.201502806,0,0,1,0,0,0,1,0,0,0,0,0,0,0,0,0,0,0,0,0,263,Train
-0.847327599,-0.935387468,-1.101949703,0,0,0,1,0,0,0,0,0,0,0,0,0,1,0,0,0,0,0,0,188,Train
2.515273486,1.650161332,0.35485016,0,0,1,0,0,0,0,0,0,0,0,0,0,0,0,0,0,1,0,0,275,Train
-1.327699183,-0.935387468,-0.603570802,0,0,0,1,0,0,0,0,0,0,0,0,0,0,0,1,0,0,0,0,212,Train
0.753911013,1.650161332,1.044913252,0,0,1,0,0,0,1,0,0,0,0,0,0,0,0,0,0,0,0,0,318,Train
-1.167575321,-0.935387468,-1.025276026,0,0,0,1,0,0,1,0,0,0,0,0,0,0,0,0,0,0,0,0,189,Train
-1.00745146,-0.935387468,-0.986939187,0,0,0,1,0,0,0,0,0,0,0,0,0,1,0,0,0,0,0,0,189,Train
0.273539429,0.357386932,-0.028518225,0,0,1,0,0,0,0,1,0,0,0,0,0,0,0,0,0,0,0,0,246,Train
0.43366329,0.357386932,0.546534352,0,0,0,1,0,0,0,0,0,0,0,0,0,0,0,1,0,0,0,0,285,Train
0.193477499,0.357386932,0.393186998,0,0,0,1,0,0,0,0,0,0,0,0,0,0,0,1,0,0,0,0,271,Train
-0.447017946,-0.935387468,0.201502806,0,0,0,1,0,0,0,0,0,1,0,0,0,0,0,0,0,0,0,0,260,Train
2.034901902,1.650161332,1.619965829,0,0,1,0,0,0,0,0,0,0,0,0,0,0,0,0,1,0,0,0,345,Train
-0.847327599,-0.935387468,-0.833591833,0,0,0,1,0,0,0,0,0,0,0,0,0,0,0,1,0,0,0,0,202,Train
-0.046708293,0.357386932,-0.220202418,0,0,1,0,0,0,1,0,0,0,0,0,0,0,0,0,0,0,0,0,238,Train
-0.046708293,0.357386932,0.35485016,0,0,1,0,1,0,0,0,0,0,0,0,0,0,0,0,0,0,0,0,273,Train
-0.847327599,-0.935387468,-0.641907641,0,0,0,1,0,0,0,0,0,0,0,0,0,0,1,0,0,0,0,0,209,Train
1.794716111,1.650161332,2.463376276,0,1,0,0,0,0,0,0,0,0,1,0,0,0,0,0,0,0,0,0,275,Train
-0.447017946,-0.935387468,-0.833591833,0,0,0,1,0,0,0,0,0,0,0,0,0,0,0,1,0,0,0,0,198,Train
-0.607141807,-0.935387468,0.048155452,0,0,0,1,0,0,0,0,0,0,1,0,0,0,0,0,0,0,0,0,256,Train
-1.247637252,-0.935387468,-1.17862338,0,0,0,1,0,0,0,0,0,0,0,0,0,1,0,0,0,0,0,0,177,Train
-0.046708293,0.357386932,-0.296876095,0,0,1,0,0,0,0,0,0,0,0,0,0,0,1,0,0,0,0,0,233,Train
-0.847327599,-0.935387468,-0.718581318,0,0,1,0,0,0,0,0,0,0,0,0,0,0,1,0,0,0,0,0,210,Train
1.554530319,1.650161332,2.693397307,0,1,0,0,0,0,0,0,0,0,1,0,0,0,0,0,0,0,0,0,296,Train
-0.527079877,-0.935387468,0.124829129,0,0,0,1,0,0,0,0,0,0,0,0,0,0,0,1,0,0,0,0,261,Train
-0.447017946,-0.935387468,0.009818613,0,0,0,1,0,0,0,0,0,1,0,0,0,0,0,0,0,0,0,0,253,Train
-0.847327599,-0.935387468,-0.450223449,0,0,1,0,0,1,0,0,0,0,0,0,0,0,0,0,0,0,0,0,224,Train
-0.527079877,-0.935387468,-0.488560287,0,0,0,1,0,0,0,0,0,0,0,0,0,0,0,1,0,0,0,0,222,Train
-1.647946905,-1.581774668,-0.91026551,0,0,0,1,0,0,0,0,0,0,0,0,0,0,0,1,0,0,0,0,195,Train
-0.046708293,0.357386932,0.699881706,0,0,1,0,0,0,1,0,0,0,0,0,0,0,0,0,0,0,0,0,295,Train
-0.046708293,0.357386932,0.469860675,1,0,0,0,0,0,0,0,0,0,0,0,0,0,0,0,1,0,0,0,324,Train
0.35360136,0.357386932,0.85322906,0,0,0,1,0,0,0,0,0,0,1,0,0,0,0,0,0,0,0,0,305,Train
2.114963833,1.650161332,1.006576414,0,0,0,1,0,1,0,0,0,0,0,0,0,0,0,0,0,0,0,0,313,Train
-0.847327599,-0.935387468,-0.680244479,0,0,1,0,0,0,0,0,0,0,0,0,0,0,1,0,0,0,0,0,210,Train
-1.247637252,-0.935387468,-1.408644411,0,0,0,1,1,0,0,0,0,0,0,0,0,0,0,0,0,0,0,0,165,Train
-0.447017946,-0.935387468,-0.91026551,0,0,0,1,0,0,1,0,0,0,0,0,0,0,0,0,0,0,0,0,193,Train
-0.847327599,-0.935387468,-1.485318087,1,0,0,0,0,0,1,0,0,0,0,0,0,0,0,0,0,0,0,0,186,Train
-0.447017946,-0.935387468,0.048155452,0,0,0,1,0,0,0,0,0,1,0,0,0,0,0,0,0,0,0,0,254,Train
-0.447017946,-0.935387468,-0.488560287,0,0,0,1,0,0,0,0,0,0,0,0,0,0,0,1,0,0,0,0,218,Train
-0.046708293,0.357386932,0.163165967,0,0,1,0,0,0,0,0,0,0,0,0,0,0,0,1,0,0,0,0,258,Train
-0.286894085,0.357386932,0.469860675,0,0,0,1,0,0,0,0,0,0,1,0,0,0,0,0,0,0,0,0,276,Train
-0.847327599,-0.935387468,-0.756918156,0,0,1,0,0,0,1,0,0,0,0,0,0,0,0,0,0,0,0,0,207,Train
1.554530319,1.650161332,0.968239575,0,0,1,0,0,0,1,0,0,0,0,0,0,0,0,0,0,0,0,0,306,Train
-1.167575321,-0.935387468,-0.795254995,0,0,1,0,1,0,0,0,0,0,0,0,0,0,0,0,0,0,0,0,200,Train
0.35360136,0.357386932,-0.066855064,0,0,1,0,0,0,0,0,0,0,0,0,0,0,0,1,0,0,0,0,244,Train
-0.447017946,-0.935387468,-1.830349634,0,0,0,1,0,0,0,0,0,0,0,0,0,0,0,1,0,0,0,0,140,Train
0.43366329,0.357386932,0.393186998,0,0,1,0,1,0,0,0,0,0,0,0,0,0,0,0,0,0,0,0,271,Train
1.794716111,1.650161332,0.85322906,0,0,0,1,0,0,0,0,0,0,1,0,0,0,0,0,0,0,0,0,299,Train
-0.847327599,-0.935387468,-0.91026551,0,0,0,1,0,0,0,0,0,0,0,0,0,1,0,0,0,0,0,0,194,Train
-0.527079877,-0.935387468,-1.216960218,0,0,0,1,0,0,1,0,0,0,0,0,0,0,0,0,0,0,0,0,177,Train
2.114963833,1.650161332,0.58487119,0,0,0,1,0,1,0,0,0,0,0,0,0,0,0,0,0,0,0,0,289,Train
-0.046708293,0.357386932,1.35160796,0,0,1,0,0,0,0,0,0,0,0,0,0,0,0,0,1,0,0,0,329,Train
2.515273486,1.650161332,1.35160796,0,0,1,0,0,0,0,0,0,0,0,0,0,0,0,0,0,1,0,0,329,Train
1.314344527,1.650161332,1.811650022,0,0,1,0,0,0,0,0,0,0,0,0,0,0,0,0,1,0,0,0,365,Train
-0.847327599,-0.935387468,-0.756918156,0,0,1,0,1,0,0,0,0,0,0,0,0,0,0,0,0,0,0,0,205,Train
-0.847327599,-0.935387468,-0.066855064,0,0,1,0,0,0,1,0,0,0,0,0,0,0,0,0,0,0,0,0,244,Train
-1.247637252,-1.581774668,-0.641907641,0,0,1,0,0,0,1,0,0,0,0,0,0,0,0,0,0,0,0,0,214,Train
1.554530319,1.650161332,1.658302668,0,0,1,0,0,0,0,0,0,0,0,0,0,0,0,0,1,0,0,0,347,Train
0.35360136,0.357386932,0.738218544,0,0,0,1,0,0,0,0,0,0,1,0,0,0,0,0,0,0,0,0,298,Train
-0.847327599,-0.935387468,-0.565233964,0,0,0,1,0,0,1,0,0,0,0,0,0,0,0,0,0,0,0,0,219,Train
0.193477499,0.357386932,0.239839644,0,0,0,1,0,0,0,0,1,0,0,0,0,0,0,0,0,0,0,0,269,Train
1.234282596,1.650161332,1.35160796,0,0,0,1,0,0,0,0,0,0,1,0,0,0,0,0,0,0,0,0,329,Train
2.675397347,1.650161332,1.84998686,0,0,1,0,0,0,0,0,0,0,0,0,0,0,0,0,1,0,0,0,363,Train
0.43366329,0.357386932,0.393186998,0,0,0,1,0,0,0,0,0,0,0,0,0,0,0,1,0,0,0,0,274,Train
0.35360136,0.357386932,-0.373549772,0,0,1,0,0,0,0,0,0,0,0,0,0,0,0,0,0,1,0,0,225,Train
-0.847327599,-0.935387468,-0.718581318,0,0,1,0,0,0,0,0,0,0,0,0,0,1,0,0,0,0,0,0,208,Train
-0.847327599,-0.935387468,-1.101949703,1,0,0,0,0,0,0,0,0,0,0,0,0,0,0,1,0,0,0,0,213,Train
2.034901902,1.650161332,1.734976345,0,0,1,0,0,0,0,0,0,0,0,0,0,0,0,0,1,0,0,0,360,Train
1.554530319,1.650161332,2.655060468,0,1,0,0,0,0,0,0,0,0,1,0,0,0,0,0,0,0,0,0,291,Train
0.35360136,0.357386932,-0.028518225,0,0,1,0,0,0,0,0,0,0,0,0,0,0,0,1,0,0,0,0,250,Train
-0.847327599,-0.935387468,-0.680244479,0,0,1,0,0,0,0,1,0,0,0,0,0,0,0,0,0,0,0,0,210,Train
0.35360136,0.357386932,-0.641907641,0,0,0,1,0,0,1,0,0,0,0,0,0,0,0,0,0,0,0,0,211,Train
-1.00745146,-0.935387468,-1.063612864,0,0,0,1,0,0,0,0,0,0,0,0,0,1,0,0,0,0,0,0,187,Train
-0.046708293,0.357386932,0.35485016,0,0,1,0,1,0,0,0,0,0,0,0,0,0,0,0,0,0,0,0,269,Train
1.314344527,1.650161332,1.696639506,0,0,1,0,0,0,0,0,0,0,0,0,0,0,1,0,0,0,0,0,360,Train
1.074158735,1.650161332,1.159923768,0,0,1,0,0,0,0,0,0,0,0,0,0,0,0,0,1,0,0,0,317,Train
0.43366329,0.357386932,1.619965829,0,1,0,0,0,1,0,0,0,0,0,0,0,0,0,0,0,0,0,0,248,Train
0.753911013,1.650161332,0.546534352,0,0,1,0,0,0,0,0,0,0,0,0,0,0,1,0,0,0,0,0,291,Train
-1.00745146,-0.935387468,-1.063612864,0,0,0,1,1,0,0,0,0,0,0,0,0,0,0,0,0,0,0,0,186,Train
-0.447017946,-0.935387468,-1.216960218,0,0,0,1,0,0,1,0,0,0,0,0,0,0,0,0,0,0,0,0,179,Train
-0.447017946,-0.935387468,-0.028518225,0,0,0,1,0,0,0,0,0,1,0,0,0,0,0,0,0,0,0,0,252,Train
1.794716111,1.650161332,1.121586929,0,0,0,1,0,0,0,0,0,0,0,0,0,0,0,0,1,0,0,0,321,Train
-0.847327599,-0.935387468,-0.335212933,0,0,1,0,1,0,0,0,0,0,0,0,0,0,0,0,0,0,0,0,228,Train
2.114963833,1.650161332,1.926660537,0,0,1,0,0,0,0,0,0,0,0,0,0,0,0,0,1,0,0,0,372,Train
-0.447017946,-0.935387468,-0.105191902,0,0,0,1,0,0,0,0,0,0,0,0,0,0,0,0,1,0,0,0,248,Train
0.593787152,0.357386932,0.048155452,0,0,1,0,0,0,0,1,0,0,0,0,0,0,0,0,0,0,0,0,255,Train
-0.767265668,-0.935387468,-0.871928672,1,0,0,0,0,0,0,0,0,0,0,0,0,0,0,1,0,0,0,0,230,Train
-0.286894085,-0.935387468,-0.028518225,0,0,0,1,0,0,0,0,0,0,0,0,0,0,0,1,0,0,0,0,246,Train
-0.527079877,-0.935387468,-0.105191902,0,0,0,1,0,0,0,0,0,0,0,0,0,0,0,1,0,0,0,0,248,Train
0.35360136,0.357386932,0.048155452,0,0,1,0,1,0,0,0,0,0,0,0,0,0,0,0,0,0,0,0,254,Train
1.554530319,1.650161332,2.540049953,0,1,0,0,0,0,0,0,0,0,1,0,0,0,0,0,0,0,0,0,288,Train
0.35360136,0.357386932,1.35160796,0,1,0,0,0,1,0,0,0,0,0,0,0,0,0,0,0,0,0,0,229,Train
-1.167575321,-0.935387468,-1.17862338,0,0,0,1,0,1,0,0,0,0,0,0,0,0,0,0,0,0,0,0,181,Train
-0.447017946,-0.935387468,-1.140286541,0,0,0,1,0,0,1,0,0,0,0,0,0,0,0,0,0,0,0,0,185,Train
0.35360136,0.357386932,-0.143528741,0,0,0,1,0,1,0,0,0,0,0,0,0,0,0,0,0,0,0,0,239,Train
-0.847327599,-0.935387468,-0.795254995,0,0,0,1,1,0,0,0,0,0,0,0,0,0,0,0,0,0,0,0,203,Train
1.71465418,2.942935732,1.888323699,0,0,1,0,0,0,0,0,0,0,0,0,0,0,0,0,0,1,0,0,361,Train
-0.046708293,0.357386932,-0.105191902,0,0,1,0,0,1,0,0,0,0,0,0,0,0,0,0,0,0,0,0,247,Train
0.753911013,0.357386932,1.198260606,0,0,1,0,0,0,0,0,0,0,0,0,0,0,0,0,0,1,0,0,324,Train
2.515273486,1.650161332,1.198260606,0,0,1,0,0,0,0,0,0,0,1,0,0,0,0,0,0,0,0,0,326,Train
1.234282596,1.650161332,1.658302668,0,0,0,1,0,0,0,0,0,0,1,0,0,0,0,0,0,0,0,0,351,Train
0.35360136,0.357386932,0.124829129,0,0,0,1,0,1,0,0,0,0,0,0,0,0,0,0,0,0,0,0,260,Train
-1.167575321,-0.935387468,-0.795254995,0,0,1,0,0,0,1,0,0,0,0,0,0,0,0,0,0,0,0,0,205,Train
-1.167575321,-0.935387468,-2.558749565,0,0,0,1,0,1,0,0,0,0,0,0,0,0,0,0,0,0,0,0,96,Train
-0.447017946,-0.935387468,-1.868686472,0,0,0,1,0,0,1,0,0,0,0,0,0,0,0,0,0,0,0,0,137,Train
-1.327699183,-0.935387468,-1.140286541,0,0,0,1,0,0,0,1,0,0,0,0,0,0,0,0,0,0,0,0,182,Train
-0.847327599,-0.935387468,-1.140286541,0,0,0,1,0,0,0,0,0,0,0,0,0,0,1,0,0,0,0,0,182,Train
0.994096805,0.357386932,2.808407822,0,1,0,0,0,0,0,0,0,0,1,0,0,0,0,0,0,0,0,0,301,Train
0.753911013,1.650161332,0.623208029,0,0,1,0,1,0,0,0,0,0,0,0,0,0,0,0,0,0,0,0,291,Train
-0.046708293,0.357386932,0.814892221,0,0,1,0,0,0,0,0,0,0,0,0,0,0,0,0,0,1,0,0,302,Train
0.35360136,0.357386932,-0.986939187,0,0,1,0,0,0,0,0,0,0,0,0,0,0,0,1,0,0,0,0,189,Train
-1.167575321,-0.935387468,-1.600328603,1,0,0,0,0,0,1,0,0,0,0,0,0,0,0,0,0,0,0,0,178,Train
-0.046708293,0.357386932,-0.181865579,0,0,1,0,0,0,0,0,0,0,0,0,0,0,1,0,0,0,0,0,237,Train
0.273539429,0.357386932,0.048155452,0,0,1,0,0,0,0,1,0,0,0,0,0,0,0,0,0,0,0,0,257,Train
-0.847327599,-0.935387468,-0.641907641,0,0,0,1,0,0,0,0,0,0,0,0,0,0,0,1,0,0,0,0,213,Train
-0.527079877,-0.935387468,0.124829129,0,0,0,1,0,0,0,0,0,0,0,0,0,0,0,1,0,0,0,0,259,Train
-0.847327599,-0.935387468,-0.871928672,0,0,1,0,1,0,0,0,0,0,0,0,0,0,0,0,0,0,0,0,200,Train
-0.847327599,-0.935387468,-0.220202418,0,0,1,0,0,0,0,0,0,0,0,0,0,0,0,0,0,1,0,0,235,Train
0.273539429,0.357386932,-0.028518225,0,0,1,0,0,0,0,0,0,0,0,0,0,0,0,0,0,1,0,0,250,Train
-0.847327599,-0.935387468,-0.258539256,0,0,0,1,0,1,0,0,0,0,0,0,0,0,0,0,0,0,0,0,238,Train
1.954839972,1.650161332,0.738218544,0,0,1,0,0,0,0,0,0,0,0,0,0,0,0,0,0,1,0,0,292,Train
1.394406458,1.650161332,2.846744661,0,0,0,1,0,0,0,0,0,0,0,0,0,0,0,0,0,0,0,1,419,Train
0.43366329,0.357386932,0.546534352,0,0,0,1,0,0,0,0,0,1,0,0,0,0,0,0,0,0,0,0,286,Train
0.593787152,0.357386932,0.201502806,0,0,0,1,0,1,0,0,0,0,0,0,0,0,0,0,0,0,0,0,260,Train
0.273539429,0.357386932,-0.028518225,0,0,1,0,0,0,0,1,0,0,0,0,0,0,0,0,0,0,0,0,246,Train
0.35360136,0.357386932,0.278176483,0,0,0,1,0,0,0,0,0,0,0,0,0,0,0,1,0,0,0,0,270,Train
-0.847327599,-0.935387468,-0.488560287,0,0,1,0,0,0,0,0,0,0,0,0,0,0,1,0,0,0,0,0,222,Train
0.35360136,0.357386932,-0.143528741,0,0,1,0,0,0,1,0,0,0,0,0,0,0,0,0,0,0,0,0,239,Train
1.074158735,1.650161332,1.504955314,0,0,1,0,1,0,0,0,0,0,0,0,0,0,0,0,0,0,0,0,338,Train
2.515273486,1.650161332,1.274934283,0,0,1,0,0,0,0,0,0,0,1,0,0,0,0,0,0,0,0,0,324,Train
-0.046708293,0.357386932,-0.373549772,0,0,1,0,0,0,0,0,0,0,0,0,0,0,1,0,0,0,0,0,228,Train
-0.046708293,0.357386932,1.236597445,0,0,1,0,0,0,0,0,0,0,0,0,0,0,0,0,1,0,0,0,322,Train
-0.847327599,-0.935387468,-1.216960218,0,0,0,1,0,0,0,0,0,0,0,0,0,1,0,0,0,0,0,0,178,Train
0.35360136,0.357386932,0.738218544,0,0,0,1,0,0,0,0,0,0,1,0,0,0,0,0,0,0,0,0,297,Train
-1.247637252,-0.935387468,-2.328728534,0,0,0,1,1,0,0,0,0,0,0,0,0,0,0,0,0,0,0,0,111,Train
-0.847327599,-0.935387468,-0.795254995,0,0,1,0,1,0,0,0,0,0,0,0,0,0,0,0,0,0,0,0,203,Train
0.43366329,0.357386932,-0.105191902,0,0,0,1,0,0,1,0,0,0,0,0,0,0,0,0,0,0,0,0,247,Train
-1.167575321,-0.935387468,-0.680244479,0,0,1,0,1,0,0,0,0,0,0,0,0,0,0,0,0,0,0,0,207,Train
-1.167575321,-0.935387468,-0.718581318,0,0,0,1,0,0,0,0,0,0,0,0,0,1,0,0,0,0,0,0,206,Train
0.753911013,1.650161332,0.776555383,0,0,1,0,0,0,1,0,0,0,0,0,0,0,0,0,0,0,0,0,298,Train
2.515273486,1.650161332,1.159923768,0,0,1,0,0,0,0,0,0,0,1,0,0,0,0,0,0,0,0,0,323,Train
1.794716111,1.650161332,3.268449884,0,1,0,0,0,0,0,0,0,0,0,0,0,0,0,0,1,0,0,0,321,Train
-0.046708293,0.357386932,0.124829129,0,0,1,0,0,0,1,0,0,0,0,0,0,0,0,0,0,0,0,0,262,Train
-0.046708293,0.357386932,0.623208029,0,0,1,0,0,0,1,0,0,0,0,0,0,0,0,0,0,0,0,0,293,Train
0.753911013,1.650161332,0.35485016,0,0,1,0,0,0,1,0,0,0,0,0,0,0,0,0,0,0,0,0,269,Train
-0.847327599,-0.935387468,-0.91026551,0,0,0,1,1,0,0,0,0,0,0,0,0,0,0,0,0,0,0,0,198,Train
-0.847327599,-0.935387468,-0.756918156,0,0,1,0,0,0,0,0,0,0,0,0,0,0,0,0,0,1,0,0,205,Train
-0.847327599,-0.935387468,-0.373549772,0,0,0,1,0,0,0,0,0,0,0,0,0,0,0,1,0,0,0,0,228,Train
-0.046708293,0.357386932,-0.335212933,0,0,1,0,0,0,0,1,0,0,0,0,0,0,0,0,0,0,0,0,232,Train
-0.527079877,-0.935387468,0.048155452,0,0,0,1,0,0,0,0,0,0,0,0,0,0,0,1,0,0,0,0,256,Train
0.513725221,0.357386932,0.124829129,0,0,1,0,0,0,0,0,0,0,0,0,0,0,0,0,0,1,0,0,260,Train
-0.847327599,-0.935387468,-1.983696988,0,0,0,1,0,0,1,0,0,0,0,0,0,0,0,0,0,0,0,0,132,Train
-0.046708293,0.357386932,-0.105191902,0,0,1,0,0,0,0,0,0,0,0,0,0,0,1,0,0,0,0,0,248,Train
0.35360136,0.357386932,-0.066855064,0,0,1,0,0,0,0,0,0,0,0,0,0,0,1,0,0,0,0,0,244,Train
0.193477499,0.357386932,0.661544867,0,0,0,1,0,0,0,0,0,0,0,0,0,0,0,1,0,0,0,0,295,Train
-1.167575321,-0.935387468,-0.91026551,0,0,1,0,0,0,0,0,0,0,0,0,0,1,0,0,0,0,0,0,197,Train
-0.046708293,0.357386932,0.623208029,0,0,1,0,1,0,0,0,0,0,0,0,0,0,0,0,0,0,0,0,290,Train
-0.847327599,-0.935387468,-0.986939187,0,0,0,1,1,0,0,0,0,0,0,0,0,0,0,0,0,0,0,0,189,Train
1.394406458,1.650161332,0.929902737,0,0,1,0,0,0,0,0,0,0,0,0,0,0,0,0,1,0,0,0,310,Train
-0.527079877,-0.935387468,-1.063612864,0,0,0,1,0,1,0,0,0,0,0,0,0,0,0,0,0,0,0,0,190,Train
-0.447017946,-0.935387468,-0.41188661,0,0,0,1,0,0,0,0,0,0,0,0,0,0,0,1,0,0,0,0,223,Train
-0.847327599,-0.935387468,-0.756918156,0,0,1,0,0,0,1,0,0,0,0,0,0,0,0,0,0,0,0,0,206,Train
-0.847327599,-0.935387468,-0.220202418,0,0,0,1,0,0,0,0,0,0,0,0,0,0,0,0,1,0,0,0,235,Train
2.114963833,1.650161332,1.543292152,0,0,0,1,0,0,0,0,0,0,1,0,0,0,0,0,0,0,0,0,348,Train
-0.046708293,0.357386932,0.124829129,0,0,1,0,0,0,0,0,0,0,0,0,0,0,0,1,0,0,0,0,260,Train
-1.00745146,-0.935387468,-0.91026551,0,0,1,0,0,0,0,0,0,0,0,0,0,0,0,0,0,1,0,0,197,Train
-0.847327599,-0.935387468,-0.718581318,0,0,0,1,0,0,1,0,0,0,0,0,0,0,0,0,0,0,0,0,205,Train
-0.847327599,-0.935387468,-0.948602349,0,0,1,0,1,0,0,0,0,0,0,0,0,0,0,0,0,0,0,0,191,Train
1.394406458,1.650161332,1.35160796,0,0,1,0,0,0,0,0,0,0,0,0,0,0,0,0,1,0,0,0,336,Train
0.35360136,0.357386932,0.163165967,0,0,1,0,0,0,0,0,0,0,0,0,0,0,0,1,0,0,0,0,258,Train
-0.847327599,-0.935387468,-0.603570802,0,0,0,1,0,0,0,0,0,0,0,0,0,0,0,1,0,0,0,0,214,Train
-0.847327599,-0.935387468,-0.603570802,0,0,0,1,0,0,0,0,0,0,0,0,0,0,0,1,0,0,0,0,213,Train
-1.327699183,-0.935387468,-1.101949703,0,0,0,1,0,0,0,0,0,0,0,0,0,0,0,0,0,1,0,0,185,Train
-0.046708293,0.357386932,-0.335212933,0,0,1,0,0,0,0,0,0,0,0,0,0,0,1,0,0,0,0,0,231,Train
-0.447017946,-0.935387468,-0.641907641,0,0,0,1,1,0,0,0,0,0,0,0,0,0,0,0,0,0,0,0,214,Train
-0.847327599,-0.935387468,0.239839644,0,0,1,0,0,0,0,0,0,0,0,1,0,0,0,0,0,0,0,0,268,Train
1.554530319,1.650161332,1.35160796,0,0,1,0,0,0,0,0,0,0,0,0,0,0,0,0,1,0,0,0,336,Train
-0.847327599,-0.935387468,-0.373549772,0,0,1,0,0,0,0,0,0,0,0,0,0,0,0,0,0,1,0,0,229,Train
1.314344527,0.357386932,0.009818613,0,0,1,0,0,0,1,0,0,0,0,0,0,0,0,0,0,0,0,0,248,Train
-0.847327599,-0.935387468,-0.526897125,0,0,1,0,0,0,0,0,0,0,0,0,0,0,1,0,0,0,0,0,220,Train
0.113415568,0.357386932,-0.335212933,0,0,0,1,0,0,0,0,0,0,0,0,0,0,0,1,0,0,0,0,233,Train
0.35360136,0.357386932,0.469860675,0,0,0,1,0,0,0,0,0,0,0,0,0,0,0,0,1,0,0,0,280,Train
-0.046708293,0.357386932,0.163165967,0,0,0,1,1,0,0,0,0,0,0,0,0,0,0,0,0,0,0,0,259,Train
-0.847327599,-0.935387468,-0.756918156,0,0,0,1,0,0,0,0,0,0,0,0,0,0,0,1,0,0,0,0,206,Train
2.515273486,1.650161332,1.734976345,0,0,1,0,0,0,1,0,0,0,0,0,0,0,0,0,0,0,0,0,358,Train
1.074158735,1.650161332,0.35485016,0,0,1,0,0,1,0,0,0,0,0,0,0,0,0,0,0,0,0,0,273,Train
-0.847327599,-0.935387468,-0.641907641,0,0,0,1,0,0,0,0,0,0,0,0,0,0,0,1,0,0,0,0,216,Train
2.515273486,1.650161332,1.313271121,0,0,1,0,0,0,0,0,0,0,1,0,0,0,0,0,0,0,0,0,332,Train
-1.407761113,-0.935387468,-0.795254995,0,0,0,1,0,0,0,0,0,0,0,0,0,0,0,1,0,0,0,0,204,Train
0.43366329,0.357386932,0.08649229,0,0,0,1,0,1,0,0,0,0,0,0,0,0,0,0,0,0,0,0,259,Train
-0.046708293,0.357386932,0.699881706,0,0,1,0,0,0,1,0,0,0,0,0,0,0,0,0,0,0,0,0,295,Train
2.515273486,1.650161332,1.198260606,0,0,1,0,0,0,0,0,0,0,0,0,0,0,0,0,1,0,0,0,327,Train
-0.847327599,-0.935387468,-0.450223449,0,0,1,0,0,1,0,0,0,0,0,0,0,0,0,0,0,0,0,0,227,Train
0.593787152,0.357386932,0.508197513,0,0,0,1,0,1,0,0,0,0,0,0,0,0,0,0,0,0,0,0,286,Train
-0.447017946,-0.935387468,-1.17862338,0,0,0,1,0,0,1,0,0,0,0,0,0,0,0,0,0,0,0,0,181,Train
0.113415568,0.357386932,0.124829129,0,0,0,1,0,0,0,0,0,0,0,0,0,0,0,1,0,0,0,0,259,Train
-0.527079877,-0.935387468,-0.373549772,0,0,0,1,0,0,0,0,0,0,0,0,0,0,0,1,0,0,0,0,230,Train
-1.167575321,-0.935387468,-0.680244479,0,0,1,0,1,0,0,0,0,0,0,0,0,0,0,0,0,0,0,0,207,Train
-0.847327599,-0.935387468,-0.220202418,0,0,1,0,0,0,0,0,0,0,0,0,0,0,0,1,0,0,0,0,239,Train
-0.206832154,-0.935387468,0.35485016,1,0,0,0,0,0,0,0,0,1,0,0,0,0,0,0,0,0,0,0,315,Train
-1.167575321,-0.935387468,-1.025276026,0,0,0,1,1,0,0,0,0,0,0,0,0,0,0,0,0,0,0,0,191,Train
-0.847327599,-0.935387468,-0.603570802,0,0,0,1,0,0,0,0,0,0,0,0,1,0,0,0,0,0,0,0,212,Train
1.554530319,1.650161332,0.776555383,0,0,1,0,0,0,0,0,0,0,0,0,0,0,0,0,0,1,0,0,294,Train
-1.327699183,-0.935387468,-1.370307572,0,0,0,1,0,0,0,0,0,0,0,0,0,0,1,0,0,0,0,0,170,Train
0.43366329,0.357386932,0.546534352,0,0,0,1,0,0,0,0,0,1,0,0,0,0,0,0,0,0,0,0,288,Train
-0.847327599,-0.935387468,-0.91026551,0,0,1,0,0,0,0,0,0,0,0,0,0,0,1,0,0,0,0,0,197,Train
1.554530319,1.650161332,0.929902737,0,0,0,1,0,0,0,0,0,0,0,0,0,0,1,0,0,0,0,0,309,Train
-1.247637252,-0.935387468,-1.216960218,0,0,0,1,0,1,0,0,0,0,0,0,0,0,0,0,0,0,0,0,177,Train
-1.00745146,-0.935387468,-0.986939187,0,0,0,1,0,0,0,0,0,0,0,0,0,1,0,0,0,0,0,0,192,Train
1.314344527,1.650161332,1.619965829,0,0,1,0,0,0,0,0,0,0,0,0,0,0,0,0,1,0,0,0,347,Train
0.43366329,0.357386932,1.006576414,0,0,0,1,0,0,0,0,0,0,0,0,0,0,0,1,0,0,0,0,308,Train
0.753911013,1.650161332,0.738218544,0,0,1,0,0,0,0,0,0,0,0,0,1,0,0,0,0,0,0,0,299,Train
-0.447017946,-0.935387468,-0.718581318,0,0,0,1,0,0,1,0,0,0,0,0,0,0,0,0,0,0,0,0,208,Train
-0.847327599,-0.935387468,-0.91026551,0,0,1,0,0,0,0,1,0,0,0,0,0,0,0,0,0,0,0,0,197,Train
1.554530319,1.650161332,0.968239575,0,0,1,0,0,0,1,0,0,0,0,0,0,0,0,0,0,0,0,0,306,Train
0.43366329,0.357386932,0.278176483,0,0,0,1,0,0,1,0,0,0,0,0,0,0,0,0,0,0,0,0,269,Train
-0.847327599,-0.935387468,-0.680244479,0,0,1,0,0,0,0,0,0,0,0,0,0,0,1,0,0,0,0,0,207,Train
-0.847327599,-0.935387468,-0.833591833,0,0,1,0,0,0,0,0,0,0,0,0,0,0,1,0,0,0,0,0,198,Train
-0.046708293,0.357386932,0.393186998,0,0,0,1,0,0,0,0,0,0,0,0,0,0,0,1,0,0,0,0,271,Train
-0.847327599,-0.935387468,-0.373549772,0,0,1,0,0,0,0,0,0,0,0,0,0,0,1,0,0,0,0,0,230,Train
1.074158735,1.650161332,1.121586929,0,0,1,0,0,0,0,0,0,0,0,0,0,0,1,0,0,0,0,0,315,Train
0.43366329,0.357386932,0.201502806,0,0,0,1,0,0,0,0,0,0,1,0,0,0,0,0,0,0,0,0,264,Train
-0.847327599,-0.935387468,-0.641907641,0,0,1,0,0,0,0,0,0,0,0,0,0,0,0,1,0,0,0,0,209,Train
-1.167575321,-0.935387468,-1.140286541,0,0,1,0,0,0,0,1,0,0,0,0,0,0,0,0,0,0,0,0,179,Train
1.794716111,1.650161332,0.738218544,0,0,0,1,0,0,0,0,0,0,1,0,0,0,0,0,0,0,0,0,298,Train
-0.847327599,-0.935387468,0.08649229,0,0,0,1,0,0,0,0,0,0,0,0,0,0,0,1,0,0,0,0,257,Train
1.314344527,1.650161332,0.469860675,0,0,1,0,0,0,1,0,0,0,0,0,0,0,0,0,0,0,0,0,280,Train
0.593787152,0.357386932,0.08649229,0,0,1,0,0,0,0,1,0,0,0,0,0,0,0,0,0,0,0,0,253,Train
-0.046708293,0.357386932,0.08649229,0,0,1,0,0,0,0,0,0,0,0,0,0,0,0,1,0,0,0,0,253,Train
-0.447017946,-0.935387468,0.239839644,0,0,0,1,0,0,0,0,0,1,0,0,0,0,0,0,0,0,0,0,267,Train
0.35360136,0.357386932,3.460134076,0,1,0,0,0,0,0,0,0,0,0,0,0,0,0,0,0,0,0,1,328,Train
-0.847327599,-0.935387468,-0.296876095,0,0,0,1,0,0,0,0,0,0,0,0,0,0,0,1,0,0,0,0,233,Train
-0.126770224,0.357386932,0.431523836,0,0,1,0,0,0,0,0,0,0,0,0,0,0,0,0,1,0,0,0,278,Train
0.35360136,0.357386932,0.393186998,0,0,0,1,0,1,0,0,0,0,0,0,0,0,0,0,0,0,0,0,271,Train
-1.247637252,-1.581774668,-0.641907641,0,0,1,0,0,0,1,0,0,0,0,0,0,0,0,0,0,0,0,0,214,Train
0.273539429,0.357386932,-0.220202418,0,0,1,0,0,0,1,0,0,0,0,0,0,0,0,0,0,0,0,0,240,Train
0.35360136,0.357386932,0.623208029,0,0,0,1,0,0,0,0,0,0,0,0,0,0,0,0,1,0,0,0,291,Train
-1.327699183,-0.935387468,-2.060370665,0,0,1,0,1,0,0,0,0,0,0,0,0,0,0,0,0,0,0,0,124,Train
0.43366329,0.357386932,2.310028922,0,1,0,0,0,0,0,0,0,0,1,0,0,0,0,0,0,0,0,0,269,Train
0.35360136,0.357386932,0.891565898,0,0,0,1,0,0,0,0,0,0,0,0,0,0,0,0,1,0,0,0,307,Train
-0.847327599,-0.935387468,-0.41188661,0,0,1,0,0,0,1,0,0,0,0,0,0,0,0,0,0,0,0,0,228,Train
-0.046708293,0.357386932,-0.028518225,0,0,1,0,1,0,0,0,0,0,0,0,0,0,0,0,0,0,0,0,253,Train
0.35360136,0.357386932,-0.066855064,0,0,1,0,0,0,0,0,0,0,0,0,0,0,0,1,0,0,0,0,244,Train
-0.847327599,-0.935387468,-0.641907641,0,0,1,0,0,0,1,0,0,0,0,0,0,0,0,0,0,0,0,0,213,Train
2.515273486,1.650161332,1.236597445,0,0,1,0,0,0,1,0,0,0,0,0,0,0,0,0,0,0,0,0,329,Train
-0.847327599,-0.935387468,-1.063612864,0,0,1,0,0,0,1,0,0,0,0,0,0,0,0,0,0,0,0,0,188,Train
-0.527079877,-0.935387468,-0.565233964,0,0,0,1,0,0,0,0,0,0,0,0,0,0,0,1,0,0,0,0,218,Train
-0.847327599,-0.935387468,-1.830349634,0,0,0,1,1,0,0,0,0,0,0,0,0,0,0,0,0,0,0,0,140,Train
-1.00745146,-0.935387468,-1.255297057,0,0,0,1,0,0,1,0,0,0,0,0,0,0,0,0,0,0,0,0,178,Train
-0.847327599,-0.935387468,-0.565233964,0,0,0,1,0,0,0,0,0,0,0,1,0,0,0,0,0,0,0,0,219,Train
-1.247637252,-0.935387468,-1.255297057,0,0,0,1,0,0,1,0,0,0,0,0,0,0,0,0,0,0,0,0,174,Train
0.35360136,0.357386932,-0.335212933,0,0,0,1,0,0,0,0,0,0,0,0,1,0,0,0,0,0,0,0,228,Train
1.074158735,1.650161332,1.504955314,0,0,1,0,0,0,1,0,0,0,0,0,0,0,0,0,0,0,0,0,338,Train
-1.327699183,-0.935387468,-0.91026551,0,0,0,1,0,0,0,0,0,0,0,0,0,0,0,1,0,0,0,0,197,Train
-0.527079877,-0.935387468,-0.795254995,0,0,0,1,0,0,1,0,0,0,0,0,0,0,0,0,0,0,0,0,200,Train
2.034901902,1.650161332,1.006576414,0,0,0,1,0,0,0,0,0,0,1,0,0,0,0,0,0,0,0,0,315,Train
2.034901902,1.650161332,1.773313183,0,0,0,1,0,0,0,0,0,0,0,0,0,0,0,0,1,0,0,0,362,Train
-0.607141807,-0.935387468,0.239839644,0,0,0,1,0,0,0,0,0,0,0,0,0,0,0,0,1,0,0,0,267,Train
1.394406458,1.650161332,1.198260606,0,0,1,0,0,0,0,0,0,0,0,0,0,0,0,0,1,0,0,0,326,Train
-0.847327599,-0.935387468,-0.718581318,0,0,1,0,1,0,0,0,0,0,0,0,0,0,0,0,0,0,0,0,211,Train
0.273539429,0.357386932,-0.028518225,0,0,1,0,0,0,0,1,0,0,0,0,0,0,0,0,0,0,0,0,251,Train
0.35360136,0.357386932,1.696639506,0,1,0,0,0,1,0,0,0,0,0,0,0,0,0,0,0,0,0,0,254,Train
-0.447017946,-0.935387468,-1.063612864,0,0,0,1,0,0,1,0,0,0,0,0,0,0,0,0,0,0,0,0,187,Train
-0.046708293,0.357386932,0.124829129,0,0,1,0,0,0,0,0,0,0,0,0,0,0,0,0,1,0,0,0,255,Train
-1.00745146,-0.935387468,-0.795254995,0,0,0,1,0,0,0,0,0,0,0,0,0,0,1,0,0,0,0,0,200,Train
-1.247637252,-1.581774668,-0.948602349,0,0,1,0,0,0,1,0,0,0,0,0,0,0,0,0,0,0,0,0,195,Train
0.753911013,0.357386932,0.776555383,0,0,0,1,0,0,0,0,0,1,0,0,0,0,0,0,0,0,0,0,300,Train
-0.847327599,-0.935387468,-0.335212933,0,0,1,0,0,0,0,1,0,0,0,0,0,0,0,0,0,0,0,0,232,Train
0.43366329,0.357386932,0.776555383,0,0,0,1,0,0,0,0,0,0,0,0,0,0,0,1,0,0,0,0,300,Train
0.43366329,0.357386932,1.313271121,0,1,0,0,0,1,0,0,0,0,0,0,0,0,0,0,0,0,0,0,234,Train
-0.286894085,-0.935387468,0.124829129,0,0,0,1,0,0,0,0,0,0,1,0,0,0,0,0,0,0,0,0,261,Train
-1.327699183,-0.935387468,-0.795254995,0,0,0,1,0,0,0,1,0,0,0,0,0,0,0,0,0,0,0,0,202,Train
-0.046708293,0.357386932,-0.373549772,1,0,0,0,0,0,0,0,0,0,0,0,0,0,0,0,1,0,0,0,270,Train
1.074158735,1.650161332,0.35485016,0,0,1,0,0,0,1,0,0,0,0,0,0,0,0,0,0,0,0,0,273,Train
1.554530319,1.650161332,1.044913252,0,0,1,0,0,0,0,1,0,0,0,0,0,0,0,0,0,0,0,0,310,Train
-0.447017946,-0.935387468,-0.795254995,0,0,0,1,0,0,0,0,0,0,0,0,0,0,0,0,1,0,0,0,204,Train
-1.00745146,-0.935387468,-0.986939187,0,0,0,1,0,0,0,0,0,0,0,0,0,1,0,0,0,0,0,0,193,Train
0.35360136,0.357386932,0.048155452,0,0,0,1,0,0,0,0,0,0,0,0,0,0,0,1,0,0,0,0,251,Train
-0.847327599,-0.935387468,-0.641907641,0,0,0,1,0,0,0,0,0,0,0,0,0,0,0,1,0,0,0,0,209,Train
-0.286894085,0.357386932,-0.335212933,0,0,1,0,0,0,0,0,0,0,0,0,0,0,0,0,0,1,0,0,232,Train
-0.847327599,-0.935387468,-0.795254995,0,0,1,0,1,0,0,0,0,0,0,0,0,0,0,0,0,0,0,0,204,Train
-0.847327599,-0.935387468,-0.948602349,0,0,0,1,0,1,0,0,0,0,0,0,0,0,0,0,0,0,0,0,197,Train
1.794716111,1.650161332,0.738218544,0,0,0,1,0,0,0,0,0,0,1,0,0,0,0,0,0,0,0,0,297,Train
-0.527079877,-0.935387468,-0.641907641,0,0,0,1,0,0,0,0,0,0,0,0,0,0,0,1,0,0,0,0,209,Train
0.43366329,0.357386932,-0.066855064,0,0,0,1,0,0,0,0,0,0,0,0,0,0,0,1,0,0,0,0,250,Train
-0.847327599,-0.935387468,-2.213718019,0,0,0,1,0,0,1,0,0,0,0,0,0,0,0,0,0,0,0,0,115,Train
-0.847327599,-0.935387468,-0.565233964,0,0,0,1,0,0,0,0,0,0,0,0,1,0,0,0,0,0,0,0,220,Train
-0.847327599,-0.935387468,-0.258539256,0,0,1,0,0,0,1,0,0,0,0,0,0,0,0,0,0,0,0,0,232,Train
-0.847327599,-0.935387468,0.009818613,0,0,1,0,0,0,0,0,0,0,0,0,0,0,0,0,1,0,0,0,253,Train
-1.167575321,-0.935387468,-1.025276026,0,0,1,0,0,0,0,0,0,0,0,0,0,0,0,0,0,1,0,0,186,Train
-0.447017946,-0.935387468,-0.718581318,0,0,0,1,0,0,0,0,0,0,0,0,0,0,0,1,0,0,0,0,208,Train
-0.847327599,-0.935387468,-0.680244479,0,0,0,1,0,0,1,0,0,0,0,0,0,0,0,0,0,0,0,0,210,Train
-0.847327599,-0.935387468,-0.450223449,0,0,1,0,0,0,1,0,0,0,0,0,0,0,0,0,0,0,0,0,227,Train
0.35360136,0.357386932,-0.143528741,0,0,0,1,0,0,0,0,0,0,0,0,0,0,0,0,1,0,0,0,242,Train
-0.527079877,-0.935387468,-0.680244479,0,0,0,1,0,0,0,0,0,0,0,0,0,0,0,1,0,0,0,0,207,Train
-0.046708293,0.357386932,0.08649229,0,0,0,1,0,0,0,0,0,0,0,0,0,1,0,0,0,0,0,0,253,Train
2.114963833,1.650161332,0.814892221,0,0,0,1,0,0,0,0,0,0,1,0,0,0,0,0,0,0,0,0,302,Train
-1.167575321,-0.935387468,-0.526897125,0,0,0,1,1,0,0,0,0,0,0,0,0,0,0,0,0,0,0,0,216,Train
-1.00745146,-0.935387468,-1.331970734,0,0,0,1,0,0,1,0,0,0,0,0,0,0,0,0,0,0,0,0,168,Train
-0.847327599,-0.935387468,-0.373549772,0,0,1,0,1,0,0,0,0,0,0,0,0,0,0,0,0,0,0,0,231,Train
-0.046708293,0.357386932,0.508197513,0,0,1,0,0,0,0,0,0,0,0,0,0,0,0,0,0,1,0,0,278,Train
1.794716111,1.650161332,2.770070984,0,1,0,0,0,0,0,0,0,0,0,0,0,0,0,0,1,0,0,0,299,Train
-0.447017946,-0.935387468,-0.450223449,0,0,0,1,0,0,1,0,0,0,0,0,0,0,0,0,0,0,0,0,224,Train
-1.247637252,-0.935387468,-1.600328603,0,0,0,1,1,0,0,0,0,0,0,0,0,0,0,0,0,0,0,0,155,Train
-0.847327599,-0.935387468,-0.220202418,0,0,1,0,0,0,0,0,0,0,0,0,0,0,0,0,1,0,0,0,239,Train
-0.447017946,-0.289000268,-0.526897125,0,0,0,1,0,0,0,0,0,0,0,0,0,1,0,0,0,0,0,0,216,Train
-0.847327599,-0.935387468,-1.216960218,0,0,0,1,1,0,0,0,0,0,0,0,0,0,0,0,0,0,0,0,178,Train
-1.327699183,-0.935387468,-1.17862338,0,0,0,1,0,0,1,0,0,0,0,0,0,0,0,0,0,0,0,0,177,Train
-0.046708293,0.357386932,-0.220202418,0,0,1,0,0,0,0,0,0,0,0,0,0,0,1,0,0,0,0,0,235,Train
-0.847327599,-0.935387468,-0.373549772,0,0,0,1,0,0,0,0,0,0,0,0,0,0,0,1,0,0,0,0,229,Train
0.35360136,0.357386932,-0.143528741,0,0,1,0,0,0,0,0,0,0,0,0,0,0,1,0,0,0,0,0,239,Train
-0.847327599,-0.935387468,-0.565233964,0,0,0,1,0,0,0,0,0,0,0,1,0,0,0,0,0,0,0,0,219,Train
1.554530319,1.650161332,1.619965829,0,0,1,0,0,0,0,0,0,0,0,0,0,0,0,0,1,0,0,0,345,Train
-1.167575321,-0.935387468,-0.526897125,0,0,0,1,0,0,1,0,0,0,0,0,0,0,0,0,0,0,0,0,221,Train
2.114963833,1.650161332,1.389944798,0,0,0,1,0,0,0,0,0,0,0,0,0,0,0,0,1,0,0,0,331,Train
-1.247637252,-0.935387468,-1.140286541,0,0,0,1,0,0,0,0,0,0,0,0,0,0,0,1,0,0,0,0,181,Train
-0.847327599,-0.935387468,-1.293633895,0,0,0,1,0,0,1,0,0,0,0,0,0,0,0,0,0,0,0,0,172,Train
-0.847327599,-0.935387468,-0.680244479,0,0,1,0,0,0,0,0,0,0,0,0,0,0,1,0,0,0,0,0,207,Train
-0.847327599,-0.935387468,-0.41188661,0,0,1,0,0,0,0,0,0,0,0,0,0,0,0,1,0,0,0,0,229,Train
-0.847327599,-0.935387468,-0.718581318,0,0,1,0,1,0,0,0,0,0,0,0,0,0,0,0,0,0,0,0,208,Train
-0.046708293,0.357386932,0.546534352,0,0,1,0,0,0,0,0,0,0,0,0,0,0,0,1,0,0,0,0,281,Train
-1.167575321,-0.935387468,-0.450223449,0,0,0,1,1,0,0,0,0,0,0,0,0,0,0,0,0,0,0,0,222,Train
0.43366329,0.357386932,1.964997376,0,1,0,0,0,1,0,0,0,0,0,0,0,0,0,0,0,0,0,0,264,Train
-1.327699183,-0.935387468,-1.063612864,0,0,0,1,1,0,0,0,0,0,0,0,0,0,0,0,0,0,0,0,184,Train
1.314344527,1.650161332,1.773313183,0,0,1,0,0,0,0,0,0,0,0,0,0,0,0,0,0,1,0,0,354,Train
0.43366329,0.357386932,-0.296876095,0,0,0,1,0,0,1,0,0,0,0,0,0,0,0,0,0,0,0,0,234,Train
-0.847327599,-0.935387468,-0.296876095,0,0,1,0,0,1,0,0,0,0,0,0,0,0,0,0,0,0,0,0,234,Train
-0.046708293,0.357386932,0.278176483,0,0,1,0,0,0,0,0,0,0,0,0,0,0,0,1,0,0,0,0,270,Train
0.43366329,0.357386932,0.546534352,0,0,0,1,0,0,0,0,0,1,0,0,0,0,0,0,0,0,0,0,286,Train
-1.00745146,-0.935387468,-1.140286541,0,0,0,1,0,0,1,0,0,0,0,0,0,0,0,0,0,0,0,0,179,Train
-0.046708293,0.357386932,-0.450223449,0,0,1,0,0,0,0,0,0,0,0,0,0,0,1,0,0,0,0,0,224,Train
1.554530319,1.650161332,0.891565898,0,0,1,0,0,1,0,0,0,0,0,0,0,0,0,0,0,0,0,0,311,Train
-0.046708293,0.357386932,-0.335212933,0,0,1,0,1,0,0,0,0,0,0,0,0,0,0,0,0,0,0,0,231,Train
-0.286894085,-0.935387468,-0.220202418,0,0,0,1,0,0,0,0,0,0,0,0,0,0,0,1,0,0,0,0,235,Train
-0.046708293,0.357386932,-0.335212933,1,0,0,0,0,0,0,0,0,0,1,0,0,0,0,0,0,0,0,0,266,Train
-1.327699183,-0.935387468,-1.063612864,0,0,0,1,1,0,0,0,0,0,0,0,0,0,0,0,0,0,0,0,184,Train
-0.447017946,-0.935387468,0.009818613,0,0,0,1,0,0,0,0,0,0,0,1,0,0,0,0,0,0,0,0,253,Train
0.113415568,0.357386932,0.048155452,0,0,0,1,0,0,0,0,0,0,0,0,0,0,0,1,0,0,0,0,256,Train
-1.00745146,-0.935387468,-1.063612864,0,0,0,1,0,0,1,0,0,0,0,0,0,0,0,0,0,0,0,0,184,Train
-0.847327599,-0.935387468,-1.063612864,0,0,0,1,0,0,1,0,0,0,0,0,0,0,0,0,0,0,0,0,187,Train
-0.847327599,-0.935387468,-0.91026551,0,0,0,1,0,0,0,0,0,0,0,0,0,0,0,1,0,0,0,0,193,Train
-0.847327599,-0.935387468,-0.181865579,0,0,1,0,1,0,0,0,0,0,0,0,0,0,0,0,0,0,0,0,237,Train
-0.527079877,-0.935387468,-0.795254995,0,0,0,1,0,1,0,0,0,0,0,0,0,0,0,0,0,0,0,0,207,Train
2.114963833,1.650161332,1.964997376,0,0,0,1,0,0,0,0,0,0,1,0,0,0,0,0,0,0,0,0,371,Train
2.114963833,1.650161332,1.811650022,0,0,0,1,0,0,0,0,0,0,1,0,0,0,0,0,0,0,0,0,356,Train
2.114963833,1.650161332,2.11834473,0,0,0,1,0,0,0,0,0,0,1,0,0,0,0,0,0,0,0,0,381,Train
-0.847327599,-0.935387468,-0.795254995,0,0,0,1,0,0,0,0,0,0,0,0,0,0,0,1,0,0,0,0,202,Train
-0.046708293,0.357386932,0.776555383,0,0,1,0,0,1,0,0,0,0,0,0,0,0,0,0,0,0,0,0,301,Train
0.43366329,0.357386932,0.08649229,0,0,0,1,0,1,0,0,0,0,0,0,0,0,0,0,0,0,0,0,259,Train
-1.247637252,-0.935387468,-1.17862338,0,0,0,1,0,0,0,0,0,0,0,0,0,0,0,1,0,0,0,0,180,Train
2.515273486,1.650161332,1.006576414,0,0,1,0,0,0,0,0,0,0,0,0,0,0,0,0,0,1,0,0,308,Train
0.753911013,1.650161332,0.393186998,0,0,1,0,0,1,0,0,0,0,0,0,0,0,0,0,0,0,0,0,275,Train
-0.847327599,-0.935387468,-0.143528741,0,0,1,0,0,1,0,0,0,0,0,0,0,0,0,0,0,0,0,0,244,Train
0.193477499,0.357386932,0.661544867,0,0,0,1,0,0,0,0,1,0,0,0,0,0,0,0,0,0,0,0,288,Train
-0.046708293,0.357386932,-0.105191902,0,0,1,0,1,0,0,0,0,0,0,0,0,0,0,0,0,0,0,0,245,Train
2.034901902,1.650161332,0.968239575,0,0,1,0,0,0,0,0,0,0,1,0,0,0,0,0,0,0,0,0,313,Train
-1.327699183,-0.935387468,-0.948602349,0,0,0,1,0,0,0,0,0,0,0,0,0,1,0,0,0,0,0,0,191,Train
1.554530319,1.650161332,0.546534352,0,0,1,0,0,0,0,0,0,0,0,0,0,0,1,0,0,0,0,0,285,Train
-0.286894085,-0.935387468,0.124829129,0,0,0,1,0,0,0,0,0,0,1,0,0,0,0,0,0,0,0,0,262,Train
0.43366329,0.357386932,0.201502806,0,0,0,1,0,0,0,0,0,0,0,0,0,1,0,0,0,0,0,0,260,Train
-0.206832154,-0.935387468,-0.450223449,1,0,0,0,0,0,0,0,0,1,0,0,0,0,0,0,0,0,0,0,257,Train
2.114963833,1.650161332,2.080007891,0,0,0,1,0,0,0,0,0,0,1,0,0,0,0,0,0,0,0,0,373,Train
-0.046708293,0.357386932,-0.296876095,0,0,1,0,0,0,0,1,0,0,0,0,0,0,0,0,0,0,0,0,233,Train
0.43366329,0.357386932,-0.181865579,0,0,0,1,0,1,0,0,0,0,0,0,0,0,0,0,0,0,0,0,242,Train
-0.447017946,-0.935387468,-0.948602349,0,0,0,1,0,0,0,0,0,0,0,0,0,0,0,1,0,0,0,0,196,Train
-0.046708293,0.357386932,-0.41188661,0,0,1,0,0,0,0,1,0,0,0,0,0,0,0,0,0,0,0,0,226,Train
-0.847327599,-0.935387468,-0.450223449,0,0,1,0,0,0,0,0,0,0,0,0,0,0,1,0,0,0,0,0,224,Train
-1.167575321,-0.935387468,-1.293633895,1,0,0,0,0,0,0,0,0,0,0,0,0,0,0,1,0,0,0,0,199,Train
-0.447017946,-0.289000268,-0.181865579,0,0,0,1,0,0,0,0,0,0,0,0,0,1,0,0,0,0,0,0,239,Train
2.515273486,1.650161332,1.428281637,0,0,1,0,0,0,1,0,0,0,0,0,0,0,0,0,0,0,0,0,339,Train
1.074158735,1.650161332,0.546534352,0,0,1,0,1,0,0,0,0,0,0,0,0,0,0,0,0,0,0,0,281,Train
-1.167575321,-0.935387468,-1.063612864,0,0,0,1,0,1,0,0,0,0,0,0,0,0,0,0,0,0,0,0,190,Train
-0.046708293,0.357386932,1.35160796,0,0,1,0,0,0,0,0,0,0,0,0,0,0,0,0,1,0,0,0,336,Train
2.515273486,1.650161332,1.274934283,0,0,1,0,0,0,0,0,0,0,1,0,0,0,0,0,0,0,0,0,330,Train
-0.527079877,-0.935387468,-0.258539256,0,0,0,1,1,0,0,0,0,0,0,0,0,0,0,0,0,0,0,0,232,Train
-0.847327599,-0.935387468,-0.181865579,0,0,1,0,0,0,0,0,0,0,0,0,0,1,0,0,0,0,0,0,241,Train
-1.647946905,-1.581774668,-1.255297057,0,0,0,1,1,0,0,0,0,0,0,0,0,0,0,0,0,0,0,0,176,Train
-0.527079877,-0.935387468,-1.715339118,0,0,0,1,0,0,1,0,0,0,0,0,0,0,0,0,0,0,0,0,145,Train
-0.847327599,-0.935387468,-0.603570802,0,0,1,0,0,0,1,0,0,0,0,0,0,0,0,0,0,0,0,0,215,Train
-1.247637252,-1.581774668,-1.255297057,0,0,1,0,0,0,0,0,0,0,0,0,0,0,1,0,0,0,0,0,172,Train
-0.046708293,0.357386932,0.738218544,0,0,1,0,0,0,0,0,0,0,0,0,0,0,1,0,0,0,0,0,299,Train
-0.046708293,0.357386932,0.201502806,0,0,1,0,0,1,0,0,0,0,0,0,0,0,0,0,0,0,0,0,267,Train
-0.847327599,-0.935387468,-0.718581318,0,0,1,0,1,0,0,0,0,0,0,0,0,0,0,0,0,0,0,0,208,Train
-0.527079877,-0.935387468,-0.450223449,0,0,0,1,0,0,0,0,0,0,0,0,0,0,0,1,0,0,0,0,221,Train
-1.00745146,-0.935387468,-0.91026551,0,0,0,1,1,0,0,0,0,0,0,0,0,0,0,0,0,0,0,0,197,Train
-1.167575321,-0.935387468,-1.063612864,0,0,0,1,1,0,0,0,0,0,0,0,0,0,0,0,0,0,0,0,188,Train
-0.847327599,-0.935387468,-0.641907641,0,0,1,0,0,0,0,0,0,0,0,0,0,0,0,1,0,0,0,0,209,Train
-0.286894085,0.357386932,0.431523836,0,0,0,1,0,0,0,0,0,0,0,0,0,0,0,1,0,0,0,0,278,Train
-1.167575321,-0.935387468,-1.025276026,0,0,1,0,0,0,0,0,0,0,0,0,0,0,0,0,0,1,0,0,186,Train
0.43366329,0.357386932,-0.066855064,0,0,0,1,0,1,0,0,0,0,0,0,0,0,0,0,0,0,0,0,249,Train
0.43366329,0.357386932,0.239839644,0,0,0,1,0,0,1,0,0,0,0,0,0,0,0,0,0,0,0,0,268,Train
0.994096805,0.357386932,0.393186998,0,0,0,1,0,0,0,0,0,0,1,0,0,0,0,0,0,0,0,0,278,Train
-0.046708293,0.357386932,0.08649229,0,0,1,0,0,0,0,0,0,0,0,0,0,0,0,0,1,0,0,0,258,Train
-0.847327599,-0.935387468,-0.565233964,0,0,1,0,1,0,0,0,0,0,0,0,0,0,0,0,0,0,0,0,217,Train
0.753911013,0.357386932,0.929902737,0,0,0,1,0,0,0,0,0,0,0,0,0,0,0,0,1,0,0,0,308,Train
-1.487823044,-1.581774668,-1.67700228,0,0,0,1,1,0,0,0,0,0,0,0,0,0,0,0,0,0,0,0,149,Train
-0.046708293,0.357386932,0.35485016,0,0,1,0,0,0,0,0,0,0,0,0,0,0,0,1,0,0,0,0,272,Train
0.43366329,0.357386932,1.006576414,0,0,0,1,0,0,0,0,0,0,0,0,0,0,0,0,1,0,0,0,315,Train
-0.847327599,-0.935387468,-0.220202418,0,0,1,0,0,0,0,0,0,0,0,0,0,0,0,1,0,0,0,0,239,Train
-0.847327599,-0.935387468,-0.296876095,0,0,1,0,0,0,0,0,0,0,0,0,0,0,0,1,0,0,0,0,233,Train
0.35360136,0.357386932,-0.028518225,0,0,0,1,0,0,0,0,0,0,0,0,0,0,0,1,0,0,0,0,251,Train
0.35360136,0.357386932,-0.066855064,0,0,1,0,1,0,0,0,0,0,0,0,0,0,0,0,0,0,0,0,244,Train
0.43366329,0.357386932,0.048155452,0,0,0,1,0,1,0,0,0,0,0,0,0,0,0,0,0,0,0,0,251,Train
2.675397347,1.650161332,0.85322906,0,0,1,0,0,0,1,0,0,0,0,0,0,0,0,0,0,0,0,0,305,Train
-0.206832154,-0.935387468,-0.143528741,1,0,0,0,0,0,0,0,0,1,0,0,0,0,0,0,0,0,0,0,280,Train
0.43366329,0.357386932,-0.143528741,0,0,0,1,0,0,0,0,0,0,0,0,0,0,1,0,0,0,0,0,246,Train
-0.847327599,-0.935387468,-1.025276026,0,0,0,1,0,0,1,0,0,0,0,0,0,0,0,0,0,0,0,0,188,Train
-0.847327599,-0.935387468,-0.373549772,0,0,1,0,1,0,0,0,0,0,0,0,0,0,0,0,0,0,0,0,225,Train
0.43366329,0.357386932,0.776555383,0,0,1,0,0,1,0,0,0,0,0,0,0,0,0,0,0,0,0,0,302,Train
-0.847327599,-0.935387468,-0.526897125,0,0,0,1,0,0,0,0,0,0,0,0,0,0,0,1,0,0,0,0,221,Train
0.35360136,0.357386932,0.048155452,0,0,0,1,0,0,1,0,0,0,0,0,0,0,0,0,0,0,0,0,253,Train
1.554530319,1.650161332,0.699881706,0,0,0,1,0,0,0,0,0,0,1,0,0,0,0,0,0,0,0,0,297,Train
-0.847327599,-0.935387468,-0.641907641,0,0,0,1,0,0,0,0,0,0,0,0,0,0,0,0,0,1,0,0,209,Train
-0.847327599,-0.935387468,-0.066855064,0,0,1,0,0,0,0,0,0,0,0,0,0,0,0,0,1,0,0,0,247,Train
0.513725221,0.357386932,0.278176483,0,0,1,0,0,0,0,0,0,0,0,0,0,0,1,0,0,0,0,0,265,Train
0.35360136,0.357386932,0.201502806,0,0,0,1,0,0,0,0,0,0,0,0,0,0,0,1,0,0,0,0,260,Train
0.273539429,0.357386932,-0.028518225,0,0,1,0,0,0,0,1,0,0,0,0,0,0,0,0,0,0,0,0,246,Train
0.35360136,0.357386932,0.814892221,0,0,0,1,0,0,0,0,0,1,0,0,0,0,0,0,0,0,0,0,300,Train
2.114963833,1.650161332,0.58487119,0,0,0,1,0,1,0,0,0,0,0,0,0,0,0,0,0,0,0,0,289,Train
-0.847327599,-0.935387468,-0.450223449,0,0,1,0,1,0,0,0,0,0,0,0,0,0,0,0,0,0,0,0,221,Train
1.074158735,1.650161332,1.159923768,0,0,1,0,0,0,1,0,0,0,0,0,0,0,0,0,0,0,0,0,322,Train
-0.847327599,-0.935387468,-0.718581318,0,0,1,0,1,0,0,0,0,0,0,0,0,0,0,0,0,0,0,0,209,Train
-1.167575321,-0.935387468,-0.526897125,0,0,0,1,0,0,0,0,0,0,0,1,0,0,0,0,0,0,0,0,216,Train
0.593787152,0.357386932,0.316513321,0,0,1,0,0,0,0,0,0,0,0,0,0,0,0,0,0,1,0,0,272,Train
-1.247637252,-0.935387468,-1.293633895,0,0,0,1,1,0,0,0,0,0,0,0,0,0,0,0,0,0,0,0,170,Train
-0.847327599,-0.935387468,-0.91026551,0,0,0,1,0,0,0,0,0,0,0,0,0,1,0,0,0,0,0,0,193,Train
0.43366329,0.357386932,0.776555383,0,0,0,1,0,0,0,0,0,0,0,0,0,0,0,1,0,0,0,0,299,Train
1.794716111,1.650161332,0.85322906,0,0,0,1,0,0,0,0,0,0,0,0,0,0,0,0,1,0,0,0,305,Train
-1.167575321,-0.935387468,-2.482075888,0,0,0,1,0,1,0,0,0,0,0,0,0,0,0,0,0,0,0,0,102,Train
-0.046708293,0.357386932,0.316513321,0,0,1,0,1,0,0,0,0,0,0,0,0,0,0,0,0,0,0,0,267,Train
-0.847327599,-0.935387468,-0.488560287,0,0,0,1,0,0,0,0,0,0,0,0,0,0,0,1,0,0,0,0,222,Train
-0.046708293,0.357386932,0.58487119,0,0,1,0,0,0,0,0,0,0,0,0,0,0,0,0,1,0,0,0,283,Train
0.35360136,0.357386932,0.08649229,0,0,1,0,0,0,0,0,0,0,0,0,0,0,1,0,0,0,0,0,258,Train
-0.847327599,-0.935387468,-0.641907641,0,0,1,0,0,0,0,0,0,0,0,0,0,0,1,0,0,0,0,0,214,Train
0.43366329,0.357386932,2.386702599,0,1,0,0,0,0,0,0,0,0,0,0,0,0,0,1,0,0,0,0,272,Train
-0.847327599,-0.935387468,-0.871928672,0,0,0,1,1,0,0,0,0,0,0,0,0,0,0,0,0,0,0,0,198,Train
0.35360136,0.357386932,1.581628991,0,1,0,0,0,1,0,0,0,0,0,0,0,0,0,0,0,0,0,0,248,Train
-0.447017946,-0.935387468,-0.756918156,0,0,0,1,0,0,0,0,0,0,0,0,0,0,0,1,0,0,0,0,206,Train
-1.167575321,-0.935387468,-0.871928672,0,0,1,0,1,0,0,0,0,0,0,0,0,0,0,0,0,0,0,0,196,Train
0.753911013,0.357386932,1.198260606,0,0,0,1,0,0,0,0,0,1,0,0,0,0,0,0,0,0,0,0,326,Train
1.554530319,1.650161332,0.891565898,0,0,0,1,0,0,0,0,0,0,0,0,0,0,1,0,0,0,0,0,305,Train
-1.327699183,-0.935387468,-1.446981249,0,0,0,1,0,0,0,1,0,0,0,0,0,0,0,0,0,0,0,0,163,Train
1.794716111,1.650161332,2.195018406,0,0,0,1,0,0,0,0,0,0,0,0,0,0,0,0,0,0,1,0,380,Train
-0.527079877,-0.935387468,-0.565233964,0,0,0,1,0,0,0,0,0,0,0,0,0,0,0,1,0,0,0,0,218,Train
0.35360136,0.357386932,0.623208029,0,0,0,1,0,1,0,0,0,0,0,0,0,0,0,0,0,0,0,0,291,Train
-0.847327599,-0.935387468,-0.488560287,0,0,0,1,0,0,0,0,0,0,0,0,0,0,0,1,0,0,0,0,221,Train
0.273539429,0.357386932,-0.220202418,0,0,1,0,0,0,0,1,0,0,0,0,0,0,0,0,0,0,0,0,235,Train
-0.447017946,-0.935387468,-0.066855064,0,0,0,1,0,0,0,0,0,0,0,1,0,0,0,0,0,0,0,0,247,Train
0.593787152,0.357386932,0.124829129,0,0,1,0,0,0,0,1,0,0,0,0,0,0,0,0,0,0,0,0,260,Train
-1.167575321,-0.935387468,-1.101949703,0,0,0,1,0,0,0,0,0,0,0,0,0,1,0,0,0,0,0,0,182,Train
-0.847327599,-0.935387468,-1.983696988,0,0,0,1,1,0,0,0,0,0,0,0,0,0,0,0,0,0,0,0,130,Train
0.753911013,1.650161332,1.121586929,0,0,1,0,1,0,0,0,0,0,0,0,0,0,0,0,0,0,0,0,323,Train
0.193477499,0.357386932,1.543292152,0,1,0,0,0,0,0,0,0,0,1,0,0,0,0,0,0,0,0,0,245,Train
-0.046708293,0.357386932,-0.143528741,0,0,1,0,0,0,0,0,0,0,0,0,0,0,0,0,0,1,0,0,242,Train
1.394406458,1.650161332,1.696639506,0,0,1,0,0,0,0,0,0,0,0,0,0,0,0,0,1,0,0,0,358,Train
0.43366329,0.357386932,0.431523836,0,0,0,1,0,0,0,0,0,0,0,0,0,0,1,0,0,0,0,0,280,Train
-0.447017946,-0.935387468,-0.335212933,0,0,0,1,0,0,0,0,0,0,0,0,0,0,0,1,0,0,0,0,232,Train
1.794716111,1.650161332,1.159923768,0,0,0,1,0,0,0,0,0,0,1,0,0,0,0,0,0,0,0,0,324,Train
-1.327699183,-0.935387468,-1.485318087,0,0,0,1,0,0,0,0,0,0,0,0,0,0,1,0,0,0,0,0,162,Train
0.35360136,0.357386932,-0.296876095,0,0,1,0,0,0,1,0,0,0,0,0,0,0,0,0,0,0,0,0,230,Train
-0.847327599,-0.935387468,-0.335212933,0,0,1,0,0,0,0,1,0,0,0,0,0,0,0,0,0,0,0,0,231,Train
-0.847327599,-0.935387468,-0.526897125,0,0,1,0,0,0,1,0,0,0,0,0,0,0,0,0,0,0,0,0,220,Train
-0.847327599,-0.935387468,-0.948602349,0,0,1,0,0,0,0,0,0,0,0,0,0,0,1,0,0,0,0,0,196,Train
1.314344527,1.650161332,0.58487119,0,0,1,0,1,0,0,0,0,0,0,0,0,0,0,0,0,0,0,0,283,Train
-0.046708293,0.357386932,0.048155452,0,0,1,0,0,0,1,0,0,0,0,0,0,0,0,0,0,0,0,0,256,Train
0.35360136,0.357386932,0.08649229,0,0,1,0,0,0,0,0,0,0,0,0,0,0,1,0,0,0,0,0,258,Train
-0.847327599,-0.935387468,0.278176483,0,1,0,0,0,0,1,0,0,0,0,0,0,0,0,0,0,0,0,0,184,Train
-0.046708293,0.357386932,-0.41188661,0,0,1,0,1,0,0,0,0,0,0,0,0,0,0,0,0,0,0,0,228,Train
-0.046708293,0.357386932,0.048155452,0,0,1,0,0,0,0,0,0,0,0,0,0,0,1,0,0,0,0,0,255,Train
-0.847327599,-0.935387468,-0.603570802,0,0,1,0,0,0,0,0,0,0,0,0,0,0,1,0,0,0,0,0,212,Train
-0.046708293,0.357386932,-0.335212933,0,0,1,0,0,0,1,0,0,0,0,0,0,0,0,0,0,0,0,0,232,Train
-1.167575321,-0.935387468,-0.948602349,0,0,1,0,0,0,1,0,0,0,0,0,0,0,0,0,0,0,0,0,195,Train
1.554530319,1.650161332,1.159923768,0,0,0,1,0,0,0,0,0,0,1,0,0,0,0,0,0,0,0,0,323,Train
-1.247637252,-1.581774668,-0.833591833,0,0,1,0,0,0,1,0,0,0,0,0,0,0,0,0,0,0,0,0,200,Train
0.43366329,0.357386932,-0.066855064,0,0,0,1,0,0,0,0,1,0,0,0,0,0,0,0,0,0,0,0,249,Train
-1.167575321,-0.935387468,-1.063612864,0,0,1,0,0,0,0,0,0,0,0,0,0,1,0,0,0,0,0,0,189,Train
-0.527079877,-0.935387468,-0.986939187,0,0,0,1,0,1,0,0,0,0,0,0,0,0,0,0,0,0,0,0,194,Train
1.074158735,1.650161332,0.58487119,0,0,1,0,0,0,1,0,0,0,0,0,0,0,0,0,0,0,0,0,288,Train
-0.447017946,-0.935387468,-1.331970734,0,0,0,1,1,0,0,0,0,0,0,0,0,0,0,0,0,0,0,0,168,Train
-1.00745146,-0.935387468,-2.17538118,0,0,0,1,0,0,1,0,0,0,0,0,0,0,0,0,0,0,0,0,121,Train
-0.447017946,-0.935387468,-0.795254995,0,0,0,1,0,0,0,0,0,0,0,0,0,0,0,1,0,0,0,0,204,Train
0.35360136,0.357386932,-0.450223449,0,0,1,0,0,0,1,0,0,0,0,0,0,0,0,0,0,0,0,0,225,Train
-0.046708293,0.357386932,0.316513321,0,0,1,0,0,0,0,0,0,0,0,0,0,0,0,1,0,0,0,0,272,Train
2.515273486,1.650161332,0.469860675,0,0,1,0,0,0,0,0,0,0,0,0,0,0,1,0,0,0,0,0,279,Train
-1.327699183,-0.935387468,-1.446981249,0,0,0,1,1,0,0,0,0,0,0,0,0,0,0,0,0,0,0,0,162,Train
1.71465418,2.942935732,1.581628991,0,0,1,0,0,0,0,0,0,0,0,0,0,0,0,0,0,1,0,0,347,Train
1.954839972,1.650161332,0.814892221,0,0,1,0,0,0,1,0,0,0,0,0,0,0,0,0,0,0,0,0,297,Train
2.515273486,1.650161332,1.658302668,0,0,1,0,0,0,1,0,0,0,0,0,0,0,0,0,0,0,0,0,347,Train
-1.167575321,-0.935387468,-0.948602349,0,0,0,1,1,0,0,0,0,0,0,0,0,0,0,0,0,0,0,0,196,Train
-0.847327599,-0.935387468,-0.373549772,0,0,1,0,0,0,0,0,0,0,0,0,0,0,0,1,0,0,0,0,231,Train
1.314344527,1.650161332,0.239839644,0,0,1,0,0,0,1,0,0,0,0,0,0,0,0,0,0,0,0,0,270,Train
-0.046708293,0.357386932,-0.181865579,0,0,1,0,0,0,0,0,0,0,0,0,0,0,0,1,0,0,0,0,241,Train
-0.286894085,0.357386932,0.431523836,0,0,0,1,0,0,0,0,0,0,0,0,0,0,0,1,0,0,0,0,274,Train
2.114963833,1.650161332,2.156681568,0,0,0,1,0,0,0,0,0,0,0,0,0,0,0,0,1,0,0,0,384,Train
2.114963833,1.650161332,1.964997376,0,0,0,1,0,0,0,0,0,0,1,0,0,0,0,0,0,0,0,0,371,Train
-1.327699183,-0.935387468,-1.523654926,0,0,0,1,0,0,0,1,0,0,0,0,0,0,0,0,0,0,0,0,160,Train
0.35360136,0.357386932,0.661544867,0,0,0,1,0,0,0,0,0,0,1,0,0,0,0,0,0,0,0,0,293,Train
-0.847327599,-0.935387468,-0.526897125,0,0,1,0,0,0,0,0,0,0,0,0,0,0,1,0,0,0,0,0,219,Train
1.074158735,1.650161332,1.466618475,0,0,1,0,0,0,0,0,0,0,0,0,0,0,0,0,1,0,0,0,343,Train
0.193477499,0.357386932,0.124829129,0,0,0,1,0,0,0,0,0,0,0,0,0,0,0,1,0,0,0,0,255,Train
-0.847327599,-0.935387468,-0.986939187,0,0,1,0,0,0,0,0,0,0,0,0,0,0,1,0,0,0,0,0,189,Train
0.43366329,0.357386932,2.770070984,0,1,0,0,0,0,0,0,0,0,1,0,0,0,0,0,0,0,0,0,300,Train
-1.167575321,-0.935387468,-1.561991764,0,0,0,1,1,0,0,0,0,0,0,0,0,0,0,0,0,0,0,0,158,Train
-0.447017946,-0.935387468,-0.986939187,0,0,0,1,0,0,0,0,0,0,0,0,0,0,0,1,0,0,0,0,192,Train
-0.447017946,-0.935387468,-0.91026551,0,0,0,1,0,0,1,0,0,0,0,0,0,0,0,0,0,0,0,0,198,Train
-0.847327599,-0.935387468,-0.603570802,0,0,0,1,0,0,0,0,0,0,0,0,0,0,0,1,0,0,0,0,216,Train
-0.847327599,-0.935387468,-0.105191902,0,0,1,0,0,0,0,0,0,0,0,0,0,0,0,1,0,0,0,0,246,Train
-0.046708293,0.357386932,-0.028518225,1,0,0,0,0,0,0,0,0,0,1,0,0,0,0,0,0,0,0,0,287,Train
1.314344527,1.650161332,0.58487119,0,0,1,0,1,0,0,0,0,0,0,0,0,0,0,0,0,0,0,0,289,Train
1.074158735,1.650161332,0.661544867,0,0,1,0,0,1,0,0,0,0,0,0,0,0,0,0,0,0,0,0,292,Train
-0.447017946,-0.935387468,-0.450223449,0,0,0,1,0,0,0,0,1,0,0,0,0,0,0,0,0,0,0,0,221,Train
-0.847327599,-0.935387468,-0.795254995,0,0,0,1,0,0,0,0,0,0,0,0,0,1,0,0,0,0,0,0,203,Train
-0.847327599,-0.935387468,-0.871928672,0,0,0,1,0,0,0,0,0,0,0,0,0,0,0,1,0,0,0,0,199,Train
-1.167575321,-0.935387468,-1.715339118,1,0,0,0,1,0,0,0,0,0,0,0,0,0,0,0,0,0,0,0,169,Train
0.35360136,0.357386932,1.121586929,0,0,0,1,0,0,0,0,0,0,0,0,0,0,0,0,1,0,0,0,321,Train
2.034901902,1.650161332,2.041671053,0,0,0,1,0,0,0,0,0,0,1,0,0,0,0,0,0,0,0,0,370,Train
-0.847327599,-0.935387468,-0.028518225,0,0,1,0,0,0,0,0,0,0,0,1,0,0,0,0,0,0,0,0,251,Train
0.753911013,1.650161332,0.968239575,0,0,1,0,0,0,1,0,0,0,0,0,0,0,0,0,0,0,0,0,313,Train
-0.126770224,0.357386932,0.278176483,0,0,1,0,0,0,1,0,0,0,0,0,0,0,0,0,0,0,0,0,268,Train
2.675397347,1.650161332,0.814892221,0,0,1,0,0,1,0,0,0,0,0,0,0,0,0,0,0,0,0,0,302,Train
-1.167575321,-0.935387468,-1.025276026,0,0,1,0,0,0,0,1,0,0,0,0,0,0,0,0,0,0,0,0,186,Train
0.273539429,0.357386932,-0.488560287,0,0,1,0,0,0,0,0,0,0,0,0,0,0,0,0,0,1,0,0,218,Train
1.554530319,1.650161332,1.159923768,0,0,0,1,0,0,0,0,0,0,1,0,0,0,0,0,0,0,0,0,324,Train
-0.847327599,-0.935387468,-1.485318087,0,0,0,1,0,0,1,0,0,0,0,0,0,0,0,0,0,0,0,0,164,Train
-0.847327599,-0.935387468,-0.91026551,0,0,0,1,0,0,1,0,0,0,0,0,0,0,0,0,0,0,0,0,193,Train
0.593787152,0.357386932,0.316513321,0,0,1,0,0,0,0,1,0,0,0,0,0,0,0,0,0,0,0,0,272,Train
1.394406458,1.650161332,0.738218544,0,0,1,0,0,1,0,0,0,0,0,0,0,0,0,0,0,0,0,0,292,Train
0.113415568,0.357386932,-0.220202418,0,0,0,1,0,0,0,0,0,0,0,0,0,0,0,1,0,0,0,0,235,Train
-0.847327599,-0.935387468,0.124829129,0,0,0,1,0,0,0,0,0,0,0,0,0,0,0,1,0,0,0,0,263,Train
1.394406458,1.650161332,2.846744661,0,0,0,1,0,0,0,0,0,0,0,0,0,0,0,0,0,0,0,1,419,Train
-0.527079877,-0.935387468,-0.641907641,0,0,0,1,0,0,0,0,0,0,0,0,0,0,0,1,0,0,0,0,212,Train
2.114963833,1.650161332,1.274934283,0,0,0,1,0,0,0,0,0,0,1,0,0,0,0,0,0,0,0,0,324,Train
2.034901902,1.650161332,1.773313183,0,0,0,1,0,0,0,0,0,0,0,0,0,0,0,0,1,0,0,0,362,Train
0.513725221,0.357386932,0.776555383,0,0,1,0,0,0,0,0,0,0,0,0,0,0,0,1,0,0,0,0,294,Train
-0.847327599,-0.935387468,-1.638665441,1,0,0,0,0,0,0,0,0,0,0,0,0,0,1,0,0,0,0,0,177,Train
0.43366329,0.357386932,-0.105191902,0,0,0,1,0,0,0,0,0,0,0,0,0,0,0,1,0,0,0,0,247,Train
-0.046708293,0.357386932,0.009818613,0,0,1,0,0,0,1,0,0,0,0,0,0,0,0,0,0,0,0,0,253,Train
-0.046708293,0.357386932,-0.105191902,0,0,1,0,0,0,1,0,0,0,0,0,0,0,0,0,0,0,0,0,245,Train
-0.847327599,-0.935387468,-0.986939187,0,0,0,1,1,0,0,0,0,0,0,0,0,0,0,0,0,0,0,0,193,Train
1.554530319,1.650161332,0.699881706,0,0,1,0,0,0,0,0,0,0,0,0,0,0,1,0,0,0,0,0,290,Train
0.273539429,0.357386932,-0.258539256,0,0,1,0,0,0,0,1,0,0,0,0,0,0,0,0,0,0,0,0,236,Train
-1.487823044,-1.581774668,-1.715339118,0,0,0,1,1,0,0,0,0,0,0,0,0,0,0,0,0,0,0,0,147,Train
-1.167575321,-0.935387468,-0.795254995,0,0,1,0,0,0,0,0,0,0,0,0,0,1,0,0,0,0,0,0,200,Train
-1.167575321,-0.935387468,-1.561991764,0,0,0,1,1,0,0,0,0,0,0,0,0,0,0,0,0,0,0,0,160,Train
-0.046708293,0.357386932,0.469860675,0,0,1,0,0,0,0,0,0,0,0,0,0,0,0,0,1,0,0,0,281,Train
0.35360136,0.357386932,-0.028518225,0,0,1,0,0,0,0,0,0,0,0,0,0,0,0,1,0,0,0,0,252,Train
-0.847327599,-0.935387468,-0.450223449,0,0,1,0,0,0,0,0,0,0,0,0,1,0,0,0,0,0,0,0,224,Train
0.43366329,0.357386932,-0.296876095,0,0,0,1,0,0,1,0,0,0,0,0,0,0,0,0,0,0,0,0,235,Train
-0.286894085,0.357386932,0.124829129,0,0,0,1,0,0,0,0,0,0,1,0,0,0,0,0,0,0,0,0,260,Train
1.794716111,1.650161332,2.195018406,0,0,0,1,0,0,0,0,0,0,0,0,0,0,0,0,0,0,1,0,380,Train
-1.327699183,-0.935387468,-1.101949703,0,0,0,1,0,0,0,0,0,0,0,0,0,0,0,1,0,0,0,0,185,Train
1.554530319,1.650161332,2.693397307,0,1,0,0,0,0,0,0,0,0,1,0,0,0,0,0,0,0,0,0,292,Train
-1.167575321,-0.935387468,-0.871928672,0,0,0,1,0,0,0,0,0,0,0,0,0,1,0,0,0,0,0,0,199,Train
-0.046708293,0.357386932,-0.488560287,1,0,0,0,0,0,0,0,0,0,0,0,0,0,0,1,0,0,0,0,255,Train
-0.847327599,-0.935387468,-0.603570802,0,0,1,0,0,0,1,0,0,0,0,0,0,0,0,0,0,0,0,0,215,Train
-0.046708293,0.357386932,-0.028518225,0,0,1,0,0,0,0,1,0,0,0,0,0,0,0,0,0,0,0,0,250,Train
0.193477499,0.357386932,0.393186998,0,0,1,0,0,1,0,0,0,0,0,0,0,0,0,0,0,0,0,0,280,Train
0.513725221,0.357386932,-0.066855064,0,0,0,1,0,0,0,0,0,0,0,0,0,0,1,0,0,0,0,0,244,Train
-0.046708293,0.357386932,-0.296876095,0,0,1,0,0,0,0,0,0,0,0,0,0,0,1,0,0,0,0,0,233,Train
-0.046708293,0.357386932,-0.220202418,0,0,1,0,0,0,0,0,0,0,0,0,0,0,0,0,0,1,0,0,238,Train
-0.527079877,-0.935387468,-0.41188661,0,0,0,1,0,0,0,0,0,0,0,0,0,0,0,1,0,0,0,0,223,Train
-0.847327599,-0.935387468,-0.871928672,0,0,1,0,0,0,0,0,0,0,0,0,0,0,0,0,0,1,0,0,199,Train
1.074158735,1.650161332,1.504955314,0,0,1,0,0,0,0,0,0,0,0,0,0,0,1,0,0,0,0,0,344,Train
-0.046708293,0.357386932,0.163165967,0,0,1,0,1,0,0,0,0,0,0,0,0,0,0,0,0,0,0,0,264,Train
-0.447017946,-0.935387468,-0.986939187,0,0,0,1,0,0,1,0,0,0,0,0,0,0,0,0,0,0,0,0,193,Train
0.35360136,0.357386932,-0.41188661,0,0,0,1,0,0,1,0,0,0,0,0,0,0,0,0,0,0,0,0,225,Train
-0.847327599,-0.935387468,-0.181865579,0,0,1,0,0,0,0,0,0,0,0,0,0,0,0,0,0,1,0,0,237,Train
2.114963833,1.650161332,2.080007891,0,0,0,1,0,0,0,0,0,0,1,0,0,0,0,0,0,0,0,0,378,Train
-0.847327599,-0.935387468,-0.373549772,0,0,1,0,0,0,1,0,0,0,0,0,0,0,0,0,0,0,0,0,230,Train
-0.046708293,0.357386932,0.929902737,0,0,1,0,0,0,0,0,0,0,0,0,0,0,0,0,1,0,0,0,312,Train
0.513725221,0.357386932,0.316513321,0,0,1,0,0,0,0,0,0,0,0,0,0,0,1,0,0,0,0,0,267,Train
-1.247637252,-0.935387468,-0.871928672,0,0,0,1,0,0,1,0,0,0,0,0,0,0,0,0,0,0,0,0,196,Train
-0.847327599,-0.935387468,-0.565233964,0,0,0,1,0,0,0,0,0,0,0,0,0,0,0,1,0,0,0,0,218,Train
-0.046708293,0.357386932,-0.181865579,0,0,1,0,1,0,0,0,0,0,0,0,0,0,0,0,0,0,0,0,240,Train
1.554530319,1.650161332,1.198260606,0,0,0,1,0,0,0,0,0,0,1,0,0,0,0,0,0,0,0,0,326,Train
0.753911013,1.650161332,1.313271121,0,0,1,0,0,0,0,0,0,0,0,0,0,0,0,0,0,1,0,0,327,Train
0.43366329,0.357386932,0.239839644,0,0,0,1,0,0,0,0,1,0,0,0,0,0,0,0,0,0,0,0,262,Train
0.35360136,0.357386932,0.431523836,0,0,0,1,0,0,0,0,0,0,0,0,0,0,0,0,1,0,0,0,274,Train
-0.527079877,-0.935387468,-0.565233964,0,0,1,0,1,0,0,0,0,0,0,0,0,0,0,0,0,0,0,0,214,Train
2.114963833,1.650161332,0.58487119,0,0,0,1,0,1,0,0,0,0,0,0,0,0,0,0,0,0,0,0,283,Train
-0.847327599,-0.935387468,-0.373549772,0,0,1,0,0,0,0,0,0,0,0,0,0,0,0,0,0,1,0,0,229,Train
-0.447017946,-0.935387468,-1.331970734,0,0,0,1,0,0,1,0,0,0,0,0,0,0,0,0,0,0,0,0,172,Train
-0.607141807,-0.935387468,-0.258539256,0,0,0,1,0,0,0,0,0,0,0,0,0,0,1,0,0,0,0,0,237,Train
-1.247637252,-0.935387468,-0.795254995,0,0,0,1,0,0,1,0,0,0,0,0,0,0,0,0,0,0,0,0,204,Train
-0.447017946,-0.289000268,-0.373549772,0,0,0,1,0,0,1,0,0,0,0,0,0,0,0,0,0,0,0,0,225,Train
-0.847327599,-0.935387468,-0.680244479,0,0,1,0,1,0,0,0,0,0,0,0,0,0,0,0,0,0,0,0,211,Train
2.034901902,1.650161332,0.776555383,0,0,1,0,0,0,1,0,0,0,0,0,0,0,0,0,0,0,0,0,301,Train
-0.046708293,0.357386932,0.124829129,0,0,0,1,0,0,0,0,0,0,0,0,0,1,0,0,0,0,0,0,255,Train
-0.847327599,-0.935387468,-0.373549772,0,0,1,0,0,0,0,0,0,0,0,0,0,0,0,1,0,0,0,0,227,Train
-1.327699183,-0.935387468,-1.408644411,0,0,0,1,0,0,0,0,0,0,0,0,0,0,1,0,0,0,0,0,167,Train
-0.527079877,-0.935387468,-0.373549772,0,0,0,1,0,0,0,0,0,0,0,0,0,0,0,1,0,0,0,0,225,Train
-0.447017946,-0.935387468,0.546534352,0,0,1,0,1,0,0,0,0,0,0,0,0,0,0,0,0,0,0,0,285,Train
-0.046708293,0.357386932,0.009818613,0,0,1,0,0,0,0,0,0,0,0,0,0,1,0,0,0,0,0,0,255,Train
-0.046708293,0.357386932,0.661544867,0,0,1,0,0,0,1,0,0,0,0,0,0,0,0,0,0,0,0,0,293,Train
-0.046708293,0.357386932,0.009818613,0,0,1,0,0,0,0,0,0,0,0,0,0,0,1,0,0,0,0,0,253,Train
0.35360136,0.357386932,-0.603570802,0,0,1,0,1,0,0,0,0,0,0,0,0,0,0,0,0,0,0,0,212,Train
-0.046708293,0.357386932,0.508197513,0,0,1,0,0,0,0,0,0,0,0,0,0,0,1,0,0,0,0,0,283,Train
-0.847327599,-0.935387468,-0.795254995,0,0,1,0,1,0,0,0,0,0,0,0,0,0,0,0,0,0,0,0,204,Train
-0.046708293,0.357386932,0.776555383,0,0,1,0,0,0,1,0,0,0,0,0,0,0,0,0,0,0,0,0,294,Train
0.753911013,1.650161332,0.239839644,0,0,1,0,0,0,1,0,0,0,0,0,0,0,0,0,0,0,0,0,265,Train
2.515273486,1.650161332,1.006576414,0,0,1,0,0,0,0,0,0,0,0,0,0,0,0,0,0,1,0,0,312,Train
-0.847327599,-0.935387468,-0.105191902,0,0,1,0,0,0,0,0,0,0,0,0,0,1,0,0,0,0,0,0,242,Train
-0.046708293,0.357386932,-0.41188661,0,0,1,0,0,0,0,0,0,0,0,0,0,0,1,0,0,0,0,0,227,Train
-0.527079877,-0.935387468,-0.488560287,0,0,0,1,1,0,0,0,0,0,0,0,0,0,0,0,0,0,0,0,218,Train
-0.847327599,-0.935387468,-0.066855064,0,0,1,0,0,0,0,0,0,0,0,0,0,0,0,1,0,0,0,0,248,Train
1.554530319,1.650161332,1.006576414,0,0,1,0,0,0,0,1,0,0,0,0,0,0,0,0,0,0,0,0,308,Train
0.35360136,0.357386932,-0.066855064,0,0,0,1,0,0,0,0,0,0,0,0,0,0,0,0,1,0,0,0,250,Train
-0.847327599,-0.935387468,-0.641907641,0,0,0,1,0,1,0,0,0,0,0,0,0,0,0,0,0,0,0,0,209,Train
-0.046708293,0.357386932,0.546534352,0,0,1,0,0,0,1,0,0,0,0,0,0,0,0,0,0,0,0,0,286,Train
-0.046708293,0.357386932,0.546534352,0,0,1,0,0,0,0,0,0,0,0,0,0,0,0,1,0,0,0,0,285,Train
1.074158735,1.650161332,1.159923768,0,0,1,0,0,0,0,0,0,0,0,0,0,0,0,0,1,0,0,0,322,Train
1.794716111,1.650161332,1.159923768,0,0,0,1,0,0,0,0,0,0,0,0,0,0,0,0,1,0,0,0,317,Train
-0.847327599,-0.935387468,-0.373549772,0,0,1,0,0,0,1,0,0,0,0,0,0,0,0,0,0,0,0,0,231,Train
-0.527079877,-0.935387468,-0.641907641,0,0,0,1,0,0,0,0,0,0,0,0,0,0,0,1,0,0,0,0,214,Train
-0.847327599,-0.935387468,-0.373549772,0,0,1,0,0,0,0,0,0,0,0,0,0,0,0,1,0,0,0,0,225,Train
-0.847327599,-0.935387468,-0.258539256,0,0,0,1,0,0,0,0,0,0,0,0,0,0,0,1,0,0,0,0,240,Train
0.753911013,0.357386932,1.389944798,0,0,1,0,0,0,0,0,0,0,0,0,0,0,0,0,0,1,0,0,335,Train
-1.00745146,-0.935387468,-1.255297057,0,0,0,1,0,0,1,0,0,0,0,0,0,0,0,0,0,0,0,0,174,Train
-0.046708293,0.357386932,0.738218544,0,0,1,0,0,0,1,0,0,0,0,0,0,0,0,0,0,0,0,0,292,Train
-1.00745146,-0.935387468,-0.91026551,0,0,0,1,1,0,0,0,0,0,0,0,0,0,0,0,0,0,0,0,198,Train
0.193477499,0.357386932,0.546534352,0,0,0,1,0,0,0,0,0,0,0,0,0,0,0,1,0,0,0,0,289,Train
1.794716111,1.650161332,3.191776207,0,1,0,0,0,0,0,0,0,0,0,0,0,0,0,0,1,0,0,0,317,Train
-0.527079877,-0.935387468,-0.143528741,0,0,0,1,0,0,0,0,0,0,0,0,0,0,0,1,0,0,0,0,239,Train
-0.527079877,-0.935387468,-0.871928672,0,0,0,1,0,0,1,0,0,0,0,0,0,0,0,0,0,0,0,0,196,Train
0.113415568,0.357386932,0.278176483,0,0,0,1,0,0,0,0,0,0,0,0,0,0,0,1,0,0,0,0,264,Train
-0.046708293,0.357386932,-0.296876095,0,0,1,0,0,0,0,0,0,0,0,0,0,0,1,0,0,0,0,0,235,Train
-0.847327599,-0.935387468,-0.181865579,0,0,1,0,1,0,0,0,0,0,0,0,0,0,0,0,0,0,0,0,243,Train
-0.046708293,0.357386932,-0.143528741,0,0,1,0,0,0,0,0,0,0,0,0,0,0,0,1,0,0,0,0,238,Train
-0.847327599,-0.935387468,-1.408644411,1,0,0,0,0,0,1,0,0,0,0,0,0,0,0,0,0,0,0,0,192,Train
-0.847327599,-0.935387468,-1.255297057,0,0,0,1,0,0,0,0,0,0,0,0,0,0,0,1,0,0,0,0,173,Train
-0.847327599,-0.935387468,-0.41188661,0,0,1,0,1,0,0,0,0,0,0,0,0,0,0,0,0,0,0,0,223,Train
0.753911013,0.357386932,0.738218544,0,0,0,1,0,0,0,0,0,1,0,0,0,0,0,0,0,0,0,0,300,Train
-0.046708293,0.357386932,0.508197513,0,0,1,0,0,0,0,0,0,0,0,0,0,0,0,0,0,1,0,0,282,Train
-0.046708293,0.357386932,0.623208029,0,0,1,0,0,0,0,0,0,0,0,0,0,0,0,0,1,0,0,0,291,Train
-0.847327599,-0.935387468,-0.641907641,0,0,1,0,0,0,0,0,0,0,0,0,0,0,1,0,0,0,0,0,209,Train
-0.527079877,-0.935387468,-1.715339118,0,0,0,1,0,0,1,0,0,0,0,0,0,0,0,0,0,0,0,0,145,Train
0.35360136,0.357386932,0.661544867,0,0,0,1,0,0,0,0,1,0,0,0,0,0,0,0,0,0,0,0,290,Train
2.515273486,1.650161332,1.428281637,0,0,1,0,0,1,0,0,0,0,0,0,0,0,0,0,0,0,0,0,339,Train
0.43366329,0.357386932,0.048155452,0,0,0,1,0,0,0,0,1,0,0,0,0,0,0,0,0,0,0,0,259,Train
-0.527079877,-0.935387468,-0.526897125,0,0,0,1,0,0,0,0,0,0,0,0,0,0,0,1,0,0,0,0,221,Train
-0.447017946,-0.935387468,-2.252054857,0,0,0,1,0,0,1,0,0,0,0,0,0,0,0,0,0,0,0,0,113,Train
-0.847327599,-0.935387468,-0.181865579,0,0,1,0,1,0,0,0,0,0,0,0,0,0,0,0,0,0,0,0,237,Train
-0.847327599,-0.935387468,-1.945360149,0,0,0,1,0,0,1,0,0,0,0,0,0,0,0,0,0,0,0,0,135,Train
-0.847327599,-0.935387468,-0.41188661,0,0,1,0,0,0,1,0,0,0,0,0,0,0,0,0,0,0,0,0,227,Train
-0.847327599,-0.935387468,-0.680244479,0,0,0,1,0,0,0,0,0,0,0,0,0,0,0,1,0,0,0,0,211,Train
-0.046708293,0.357386932,0.048155452,0,0,1,0,0,0,0,0,0,0,0,0,0,0,1,0,0,0,0,0,255,Train
-0.847327599,-0.935387468,-1.17862338,0,0,0,1,1,0,0,0,0,0,0,0,0,0,0,0,0,0,0,0,179,Train
-1.167575321,-0.935387468,-0.680244479,0,0,1,0,1,0,0,0,0,0,0,0,0,0,0,0,0,0,0,0,207,Train
-1.167575321,-0.935387468,-1.025276026,0,0,1,0,0,0,0,0,0,0,0,0,0,0,0,0,0,1,0,0,186,Train
0.43366329,0.357386932,0.58487119,0,0,0,1,0,0,0,0,0,0,0,0,0,0,0,0,1,0,0,0,283,Train
0.35360136,0.357386932,0.201502806,0,0,0,1,0,0,0,0,0,0,0,0,0,0,0,1,0,0,0,0,263,Train
0.43366329,0.357386932,1.466618475,0,1,0,0,0,1,0,0,0,0,0,0,0,0,0,0,0,0,0,0,240,Train
-0.847327599,-0.935387468,-0.603570802,0,0,0,1,0,1,0,0,0,0,0,0,0,0,0,0,0,0,0,0,216,Train
-0.046708293,0.357386932,-0.105191902,0,0,1,0,1,0,0,0,0,0,0,0,0,0,0,0,0,0,0,0,245,Train
0.753911013,1.650161332,0.891565898,0,0,1,0,0,0,0,0,0,0,0,0,0,0,1,0,0,0,0,0,306,Train
-0.447017946,-0.935387468,0.58487119,0,0,0,1,0,0,0,0,0,1,0,0,0,0,0,0,0,0,0,0,290,Train
0.193477499,0.357386932,0.163165967,0,0,0,1,0,0,0,0,0,0,0,0,0,0,0,1,0,0,0,0,258,Train
2.675397347,1.650161332,0.85322906,0,0,1,0,0,1,0,0,0,0,0,0,0,0,0,0,0,0,0,0,305,Train
1.074158735,1.650161332,1.121586929,0,0,1,0,0,0,0,0,0,0,0,0,0,0,0,0,1,0,0,0,320,Train
-1.167575321,-0.935387468,-1.17862338,0,0,0,1,0,0,1,0,0,0,0,0,0,0,0,0,0,0,0,0,180,Train
-0.046708293,0.357386932,1.236597445,0,0,1,0,0,0,0,0,0,0,0,0,0,0,0,0,1,0,0,0,330,Train
0.753911013,1.650161332,0.163165967,0,0,1,0,1,0,0,0,0,0,0,0,0,0,0,0,0,0,0,0,263,Train
-0.046708293,0.357386932,-0.105191902,0,0,1,0,0,0,0,1,0,0,0,0,0,0,0,0,0,0,0,0,246,Train
0.43366329,0.357386932,0.124829129,0,0,1,0,0,1,0,0,0,0,0,0,0,0,0,0,0,0,0,0,255,Train
-0.046708293,0.357386932,-0.296876095,0,0,1,0,0,0,1,0,0,0,0,0,0,0,0,0,0,0,0,0,235,Validation
-0.847327599,-0.935387468,-0.41188661,0,0,1,0,0,0,0,0,0,0,0,0,0,0,0,0,1,0,0,0,227,Validation
-0.847327599,-0.935387468,-1.025276026,0,0,0,1,0,0,1,0,0,0,0,0,0,0,0,0,0,0,0,0,190,Validation
0.35360136,0.357386932,1.619965829,0,1,0,0,0,1,0,0,0,0,0,0,0,0,0,0,0,0,0,0,249,Validation
0.753911013,1.650161332,1.006576414,0,0,1,0,0,1,0,0,0,0,0,0,0,0,0,0,0,0,0,0,313,Validation
1.394406458,1.650161332,1.313271121,0,0,1,0,0,0,0,0,0,0,0,0,0,0,0,0,1,0,0,0,334,Validation
-0.847327599,-0.935387468,-1.025276026,0,0,0,1,1,0,0,0,0,0,0,0,0,0,0,0,0,0,0,0,186,Validation
1.71465418,2.942935732,2.693397307,0,0,1,0,0,0,0,0,0,0,0,0,0,0,0,0,0,1,0,0,409,Validation
-0.847327599,-0.935387468,-0.871928672,0,0,0,1,0,1,0,0,0,0,0,0,0,0,0,0,0,0,0,0,196,Validation
-0.847327599,-0.935387468,-0.488560287,0,0,1,0,0,1,0,0,0,0,0,0,0,0,0,0,0,0,0,0,223,Validation
-1.327699183,-0.935387468,-1.293633895,0,0,0,1,1,0,0,0,0,0,0,0,0,0,0,0,0,0,0,0,174,Validation
1.554530319,1.650161332,0.929902737,0,0,1,0,0,0,1,0,0,0,0,0,0,0,0,0,0,0,0,0,304,Validation
-0.447017946,-0.935387468,-0.948602349,0,0,0,1,0,0,0,0,0,0,0,0,0,0,0,1,0,0,0,0,191,Validation
-0.847327599,-0.935387468,-0.450223449,0,0,1,0,1,0,0,0,0,0,0,0,0,0,0,0,0,0,0,0,224,Validation
1.794716111,1.650161332,0.85322906,0,0,0,1,0,0,0,0,0,0,1,0,0,0,0,0,0,0,0,0,304,Validation
-0.847327599,-0.935387468,-0.488560287,0,0,1,0,0,0,0,0,0,0,0,0,0,0,0,1,0,0,0,0,223,Validation
-1.00745146,-0.935387468,-1.025276026,0,0,0,1,0,0,0,0,0,0,0,0,0,0,0,1,0,0,0,0,190,Validation
-1.00745146,-0.935387468,-0.680244479,0,0,1,0,0,0,0,0,0,0,0,0,0,0,0,0,0,1,0,0,207,Validation
-0.847327599,-0.935387468,-0.871928672,0,0,0,1,1,0,0,0,0,0,0,0,0,0,0,0,0,0,0,0,199,Validation
-0.847327599,-0.935387468,-0.948602349,0,0,0,1,0,1,0,0,0,0,0,0,0,0,0,0,0,0,0,0,197,Validation
-1.327699183,-0.935387468,-0.948602349,0,0,0,1,0,0,0,0,0,0,0,0,0,0,0,1,0,0,0,0,194,Validation
1.314344527,1.650161332,1.619965829,0,0,1,0,0,0,0,0,0,0,0,0,0,0,1,0,0,0,0,0,354,Validation
-0.527079877,-0.935387468,-0.488560287,0,0,0,1,0,0,0,0,0,0,0,0,0,0,0,1,0,0,0,0,222,Validation
-0.847327599,-0.935387468,-0.181865579,0,0,1,0,0,0,0,0,0,0,0,0,0,0,0,0,1,0,0,0,240,Validation
1.554530319,1.650161332,2.731734145,0,1,0,0,0,0,0,0,0,0,1,0,0,0,0,0,0,0,0,0,286,Validation
-0.286894085,0.357386932,0.239839644,0,0,0,1,0,0,0,0,0,0,1,0,0,0,0,0,0,0,0,0,268,Validation
-1.247637252,-0.935387468,-1.408644411,0,0,0,1,0,0,1,0,0,0,0,0,0,0,0,0,0,0,0,0,165,Validation
0.35360136,0.357386932,0.661544867,0,0,0,1,0,1,0,0,0,0,0,0,0,0,0,0,0,0,0,0,294,Validation
-0.286894085,0.357386932,0.163165967,0,0,0,1,0,0,0,0,0,0,1,0,0,0,0,0,0,0,0,0,263,Validation
0.43366329,0.357386932,2.080007891,0,1,0,0,0,0,0,0,0,0,0,0,0,0,0,1,0,0,0,0,259,Validation
-0.046708293,0.357386932,-0.373549772,0,0,1,0,1,0,0,0,0,0,0,0,0,0,0,0,0,0,0,0,228,Validation
-0.046708293,0.357386932,0.469860675,0,0,1,0,0,0,0,0,0,0,0,0,0,0,0,0,1,0,0,0,282,Validation
-0.847327599,-0.935387468,-0.526897125,0,0,1,0,1,0,0,0,0,0,0,0,0,0,0,0,0,0,0,0,220,Validation
-0.847327599,-0.935387468,-0.91026551,0,0,0,1,0,0,1,0,0,0,0,0,0,0,0,0,0,0,0,0,193,Validation
-0.447017946,-0.289000268,-0.258539256,0,0,0,1,1,0,0,0,0,0,0,0,0,0,0,0,0,0,0,0,233,Validation
2.675397347,1.650161332,1.159923768,0,0,1,0,0,1,0,0,0,0,0,0,0,0,0,0,0,0,0,0,317,Validation
-1.167575321,-0.935387468,-0.948602349,0,0,1,0,0,0,0,0,0,0,0,0,0,1,0,0,0,0,0,0,194,Validation
-0.847327599,-0.935387468,-0.603570802,0,0,0,1,0,0,0,0,0,0,0,1,0,0,0,0,0,0,0,0,214,Validation
-1.167575321,-0.935387468,-1.063612864,0,0,0,1,0,0,0,0,0,0,0,0,0,0,1,0,0,0,0,0,184,Validation
-0.847327599,-0.935387468,-0.450223449,0,0,1,0,0,0,0,1,0,0,0,0,0,0,0,0,0,0,0,0,224,Validation
-0.847327599,-0.935387468,-0.373549772,0,0,0,1,0,0,0,0,0,0,0,0,0,0,0,1,0,0,0,0,229,Validation
-0.286894085,0.357386932,-0.603570802,0,0,1,0,0,0,0,0,0,0,0,0,0,0,0,0,0,1,0,0,212,Validation
1.074158735,1.650161332,1.198260606,0,0,1,0,0,0,1,0,0,0,0,0,0,0,0,0,0,0,0,0,324,Validation
2.675397347,1.650161332,0.814892221,0,0,1,0,0,0,1,0,0,0,0,0,0,0,0,0,0,0,0,0,302,Validation
2.515273486,1.650161332,1.428281637,0,0,1,0,0,0,0,0,0,0,0,0,0,0,0,0,1,0,0,0,334,Validation
-1.167575321,-0.935387468,-1.216960218,0,0,0,1,1,0,0,0,0,0,0,0,0,0,0,0,0,0,0,0,175,Validation
0.35360136,0.357386932,0.08649229,0,0,0,1,0,0,0,0,1,0,0,0,0,0,0,0,0,0,0,0,259,Validation
2.515273486,1.650161332,1.504955314,0,0,1,0,0,0,0,0,0,0,0,0,0,0,0,0,1,0,0,0,338,Validation
-0.847327599,-0.935387468,-0.795254995,0,0,0,1,1,0,0,0,0,0,0,0,0,0,0,0,0,0,0,0,205,Validation
2.515273486,1.650161332,1.888323699,0,0,1,0,0,0,0,0,0,0,0,0,0,0,0,0,0,1,0,0,361,Validation
1.074158735,1.650161332,0.699881706,0,0,1,0,0,0,0,0,0,0,0,0,0,0,0,0,1,0,0,0,294,Validation
-0.447017946,-0.935387468,0.546534352,0,0,0,1,0,0,0,0,0,1,0,0,0,0,0,0,0,0,0,0,286,Validation
-0.527079877,-0.935387468,-0.641907641,0,0,0,1,0,0,0,0,0,0,0,0,0,0,0,1,0,0,0,0,209,Validation
-0.046708293,0.357386932,0.08649229,0,0,1,0,0,0,0,1,0,0,0,0,0,0,0,0,0,0,0,0,258,Validation
1.074158735,1.650161332,1.121586929,0,0,1,0,0,0,1,0,0,0,0,0,0,0,0,0,0,0,0,0,321,Validation
1.314344527,1.650161332,1.734976345,0,0,1,0,0,0,0,0,0,0,0,0,0,0,1,0,0,0,0,0,352,Validation
0.35360136,0.357386932,0.469860675,0,0,0,1,0,0,0,0,0,1,0,0,0,0,0,0,0,0,0,0,283,Validation
2.515273486,1.650161332,1.313271121,0,0,1,0,0,0,0,0,0,0,0,0,0,0,0,0,1,0,0,0,333,Validation
0.35360136,0.357386932,2.11834473,0,1,0,0,0,1,0,0,0,0,0,0,0,0,0,0,0,0,0,0,271,Validation
-0.847327599,-0.935387468,-0.066855064,0,0,1,0,0,0,0,0,0,0,0,0,0,0,0,1,0,0,0,0,247,Validation
-0.046708293,0.357386932,-0.41188661,0,0,1,0,0,0,0,0,0,0,0,0,0,0,1,0,0,0,0,0,227,Validation
-0.046708293,0.357386932,-0.296876095,0,0,1,0,1,0,0,0,0,0,0,0,0,0,0,0,0,0,0,0,230,Validation
-0.847327599,-0.935387468,-0.603570802,0,0,0,1,0,0,0,0,0,0,0,0,0,0,0,1,0,0,0,0,214,Validation
-1.00745146,-0.935387468,-0.871928672,0,0,0,1,1,0,0,0,0,0,0,0,0,0,0,0,0,0,0,0,199,Validation
-0.447017946,-0.289000268,-0.181865579,0,0,0,1,1,0,0,0,0,0,0,0,0,0,0,0,0,0,0,0,239,Validation
-0.046708293,0.357386932,-0.680244479,0,0,1,0,0,0,0,0,0,0,0,0,0,0,0,1,0,0,0,0,210,Validation
2.515273486,1.650161332,1.236597445,0,0,1,0,0,0,0,0,0,0,0,0,0,0,0,0,1,0,0,0,329,Validation
-1.167575321,-0.935387468,-1.140286541,0,0,0,1,0,0,0,0,0,0,0,0,0,0,1,0,0,0,0,0,182,Validation
-0.527079877,-0.935387468,-0.488560287,0,0,0,1,0,0,0,0,0,0,0,0,0,0,0,1,0,0,0,0,223,Validation
2.114963833,1.650161332,1.236597445,0,0,0,1,0,0,0,0,0,0,0,0,0,0,0,0,1,0,0,0,329,Validation
1.554530319,1.650161332,0.699881706,0,0,1,0,0,0,0,0,0,0,0,0,0,0,1,0,0,0,0,0,290,Validation
-0.527079877,-0.935387468,-0.756918156,0,0,0,1,0,0,1,0,0,0,0,0,0,0,0,0,0,0,0,0,207,Validation
-0.527079877,-0.935387468,-0.296876095,0,0,0,1,0,0,0,0,0,0,0,0,0,0,0,1,0,0,0,0,231,Validation
-0.847327599,-0.935387468,-0.641907641,0,0,0,1,0,0,0,0,0,0,0,0,0,1,0,0,0,0,0,0,209,Validation
2.034901902,1.650161332,1.313271121,0,0,0,1,0,0,0,0,0,0,1,0,0,0,0,0,0,0,0,0,333,Validation
1.074158735,1.650161332,0.469860675,0,0,1,0,1,0,0,0,0,0,0,0,0,0,0,0,0,0,0,0,282,Validation
2.515273486,1.650161332,1.044913252,0,0,1,0,0,0,0,0,0,0,0,0,0,0,0,0,0,1,0,0,318,Validation
0.35360136,0.357386932,-0.565233964,0,0,0,1,0,0,1,0,0,0,0,0,0,0,0,0,0,0,0,0,214,Validation
-0.607141807,-0.935387468,-0.181865579,0,0,0,1,0,0,0,0,0,0,0,0,0,0,1,0,0,0,0,0,240,Validation
-0.527079877,-0.935387468,-0.296876095,0,0,0,1,0,0,1,0,0,0,0,0,0,0,0,0,0,0,0,0,230,Validation
-0.527079877,-0.935387468,-0.565233964,0,0,0,1,0,0,0,0,0,0,0,0,0,0,0,1,0,0,0,0,218,Validation
-0.046708293,0.357386932,0.009818613,0,0,1,0,0,0,1,0,0,0,0,0,0,0,0,0,0,0,0,0,256,Validation
1.554530319,1.650161332,0.968239575,0,0,1,0,0,0,0,0,0,0,0,0,0,0,0,0,0,1,0,0,311,Validation
-0.447017946,-0.935387468,-1.331970734,0,0,0,1,0,0,1,0,0,0,0,0,0,0,0,0,0,0,0,0,168,Validation
2.114963833,1.650161332,1.734976345,0,0,0,1,0,0,0,0,0,0,1,0,0,0,0,0,0,0,0,0,358,Validation
-1.327699183,-0.935387468,-1.408644411,0,0,0,1,0,0,1,0,0,0,0,0,0,0,0,0,0,0,0,0,167,Validation
-0.046708293,0.357386932,-0.105191902,0,0,1,0,0,0,0,1,0,0,0,0,0,0,0,0,0,0,0,0,246,Validation
-0.046708293,0.357386932,-0.296876095,0,0,1,0,1,0,0,0,0,0,0,0,0,0,0,0,0,0,0,0,230,Validation
-0.046708293,0.357386932,0.393186998,0,0,1,0,0,0,0,1,0,0,0,0,0,0,0,0,0,0,0,0,277,Validation
-0.447017946,-0.935387468,-0.680244479,0,0,0,1,0,0,0,0,0,0,0,0,0,0,0,1,0,0,0,0,207,Validation
-0.847327599,-0.935387468,-0.756918156,0,0,1,0,1,0,0,0,0,0,0,0,0,0,0,0,0,0,0,0,202,Validation
0.513725221,0.357386932,0.546534352,0,0,0,1,0,0,0,0,0,0,0,1,0,0,0,0,0,0,0,0,281,Validation
-1.327699183,-0.935387468,-2.098707503,0,0,1,0,1,0,0,0,0,0,0,0,0,0,0,0,0,0,0,0,122,Validation
-0.847327599,-0.935387468,-1.293633895,0,0,0,1,0,0,1,0,0,0,0,0,0,0,0,0,0,0,0,0,174,Validation
-1.247637252,-0.935387468,-0.718581318,0,0,0,1,0,0,0,0,0,0,0,0,0,0,0,1,0,0,0,0,209,Validation
0.513725221,0.357386932,0.776555383,0,0,1,0,0,0,0,0,0,0,0,0,0,0,0,1,0,0,0,0,301,Validation
0.35360136,0.357386932,0.124829129,0,0,1,0,1,0,0,0,0,0,0,0,0,0,0,0,0,0,0,0,258,Validation
0.35360136,0.357386932,-0.105191902,0,0,1,0,1,0,0,0,0,0,0,0,0,0,0,0,0,0,0,0,242,Validation
-0.046708293,0.357386932,0.814892221,0,0,1,0,0,1,0,0,0,0,0,0,0,0,0,0,0,0,0,0,300,Validation
-1.00745146,-0.935387468,-1.025276026,0,0,0,1,1,0,0,0,0,0,0,0,0,0,0,0,0,0,0,0,186,Validation
-1.167575321,-0.935387468,-0.565233964,0,0,0,1,0,0,0,0,0,0,0,0,0,0,0,1,0,0,0,0,214,Validation
0.43366329,0.357386932,0.508197513,0,0,1,0,0,0,0,0,0,0,0,0,0,0,0,0,1,0,0,0,281,Validation
-1.327699183,-0.935387468,-0.641907641,0,0,0,1,0,0,0,0,0,0,0,0,0,0,0,1,0,0,0,0,214,Validation
-0.847327599,-0.935387468,-0.41188661,0,0,0,1,0,0,0,0,0,0,0,0,0,1,0,0,0,0,0,0,226,Validation
1.554530319,1.650161332,0.623208029,0,0,0,1,0,0,0,0,0,0,1,0,0,0,0,0,0,0,0,0,292,Validation
-0.447017946,-0.935387468,-0.795254995,0,0,0,1,0,0,0,0,0,0,0,0,0,0,0,1,0,0,0,0,200,Validation
0.35360136,0.357386932,-0.450223449,0,0,0,1,0,0,1,0,0,0,0,0,0,0,0,0,0,0,0,0,221,Validation
1.074158735,1.650161332,1.159923768,0,0,1,0,0,0,0,0,0,0,0,0,0,0,1,0,0,0,0,0,317,Validation
0.43366329,0.357386932,-0.258539256,0,0,0,1,0,0,1,0,0,0,0,0,0,0,0,0,0,0,0,0,237,Validation
-0.847327599,-0.935387468,-0.41188661,0,0,1,0,0,0,0,0,0,0,0,0,0,0,0,1,0,0,0,0,226,Validation
0.35360136,0.357386932,-1.17862338,0,0,1,0,0,0,1,0,0,0,0,0,0,0,0,0,0,0,0,0,180,Validation
-0.046708293,0.357386932,0.469860675,0,0,1,0,0,0,0,0,0,0,0,0,0,0,0,0,1,0,0,0,276,Validation
-0.286894085,-0.935387468,0.393186998,0,0,0,1,0,0,0,0,0,0,1,0,0,0,0,0,0,0,0,0,277,Validation
-0.286894085,-0.935387468,0.431523836,0,0,0,1,0,0,0,0,0,1,0,0,0,0,0,0,0,0,0,0,279,Validation
-1.167575321,-0.935387468,-1.101949703,0,0,0,1,1,0,0,0,0,0,0,0,0,0,0,0,0,0,0,0,186,Validation
1.074158735,1.650161332,1.159923768,0,0,1,0,1,0,0,0,0,0,0,0,0,0,0,0,0,0,0,0,324,Validation
1.554530319,1.650161332,0.968239575,0,0,1,0,0,0,0,0,0,0,0,0,0,0,0,0,0,1,0,0,311,Validation
-0.607141807,-0.935387468,-0.028518225,0,0,0,1,0,0,0,0,0,0,0,0,0,0,1,0,0,0,0,0,252,Validation
-0.847327599,-0.935387468,0.048155452,0,0,0,1,0,0,0,0,0,0,0,0,0,0,0,1,0,0,0,0,259,Validation
-0.847327599,-0.935387468,-0.526897125,0,0,0,1,0,0,0,0,0,0,0,0,0,1,0,0,0,0,0,0,219,Validation
0.43366329,0.357386932,0.163165967,0,0,0,1,0,0,0,0,0,0,0,0,0,0,0,0,1,0,0,0,263,Validation
-1.327699183,-0.935387468,-0.526897125,0,0,0,1,0,0,0,0,0,0,0,0,0,1,0,0,0,0,0,0,221,Validation
1.554530319,1.650161332,1.428281637,0,0,0,1,0,0,0,0,0,0,1,0,0,0,0,0,0,0,0,0,340,Validation
-1.167575321,-0.935387468,-0.986939187,0,0,0,1,0,0,0,0,0,0,0,0,0,0,1,0,0,0,0,0,192,Validation
-0.527079877,-0.935387468,-0.91026551,0,0,0,1,0,1,0,0,0,0,0,0,0,0,0,0,0,0,0,0,193,Validation
-0.847327599,-0.935387468,-0.220202418,0,0,1,0,0,0,0,0,0,0,0,0,0,0,0,0,0,1,0,0,235,Validation
-0.447017946,-0.935387468,-1.868686472,0,0,0,1,0,0,1,0,0,0,0,0,0,0,0,0,0,0,0,0,136,Validation
-0.447017946,-0.935387468,-0.986939187,0,0,0,1,0,0,0,0,0,0,0,0,0,0,0,1,0,0,0,0,192,Validation
-1.167575321,-0.935387468,-1.140286541,0,0,0,1,1,0,0,0,0,0,0,0,0,0,0,0,0,0,0,0,181,Validation
0.35360136,0.357386932,2.003334214,0,1,0,0,0,0,0,0,0,0,0,0,0,0,0,0,1,0,0,0,256,Validation
-0.447017946,-0.935387468,0.968239575,0,1,0,0,0,0,0,0,0,0,0,0,0,0,0,1,0,0,0,0,219,Validation
0.35360136,0.357386932,-0.028518225,0,0,0,1,0,0,0,0,1,0,0,0,0,0,0,0,0,0,0,0,252,Validation
-0.847327599,-0.935387468,-0.296876095,0,0,1,0,0,0,0,0,0,0,0,0,0,0,0,1,0,0,0,0,233,Validation
-1.327699183,-0.935387468,-0.986939187,0,0,0,1,0,0,0,0,0,0,0,0,0,0,0,1,0,0,0,0,194,Validation
1.794716111,1.650161332,0.738218544,0,0,0,1,0,0,0,0,0,0,1,0,0,0,0,0,0,0,0,0,298,Validation
0.35360136,0.357386932,0.316513321,0,0,0,1,0,0,0,0,0,0,0,0,0,0,0,0,1,0,0,0,272,Validation
-0.046708293,0.357386932,0.393186998,0,0,1,0,0,0,0,0,0,0,0,0,0,0,0,1,0,0,0,0,276,Validation
0.35360136,0.357386932,0.623208029,0,0,0,1,0,0,0,0,1,0,0,0,0,0,0,0,0,0,0,0,285,Validation
0.43366329,0.357386932,0.699881706,0,0,1,0,0,0,0,0,0,0,0,0,0,0,0,0,1,0,0,0,296,Validation
-0.046708293,0.357386932,-0.220202418,0,0,1,0,0,0,0,0,0,0,0,0,0,0,1,0,0,0,0,0,238,Validation
-1.167575321,-0.935387468,-0.871928672,0,0,0,1,0,0,0,0,0,0,0,0,0,1,0,0,0,0,0,0,199,Validation
-1.00745146,-0.935387468,-1.331970734,0,0,0,1,1,0,0,0,0,0,0,0,0,0,0,0,0,0,0,0,170,Validation
0.753911013,0.357386932,0.776555383,0,0,0,1,0,0,0,0,0,0,0,0,0,0,0,0,1,0,0,0,294,Validation
1.314344527,1.650161332,1.504955314,0,0,1,0,0,0,0,0,0,0,0,0,0,0,0,0,0,1,0,0,338,Validation
-0.286894085,0.357386932,0.393186998,0,0,0,1,0,0,0,0,0,0,1,0,0,0,0,0,0,0,0,0,276,Validation
-0.527079877,-0.935387468,-0.603570802,0,0,0,1,1,0,0,0,0,0,0,0,0,0,0,0,0,0,0,0,212,Validation
-0.847327599,-0.935387468,-0.296876095,0,0,0,1,0,0,0,0,0,0,0,0,0,0,0,1,0,0,0,0,234,Validation
1.794716111,1.650161332,2.463376276,0,1,0,0,0,0,0,0,0,0,0,0,0,0,0,0,1,0,0,0,275,Validation
1.554530319,1.650161332,0.891565898,0,0,0,1,0,0,0,0,0,0,1,0,0,0,0,0,0,0,0,0,308,Validation
-0.847327599,-0.935387468,-1.025276026,0,0,1,0,1,0,0,0,0,0,0,0,0,0,0,0,0,0,0,0,190,Validation
0.35360136,0.357386932,0.508197513,0,0,1,0,0,0,0,0,0,0,0,0,0,0,0,0,1,0,0,0,278,Validation
-1.00745146,-0.935387468,-1.025276026,0,0,0,1,1,0,0,0,0,0,0,0,0,0,0,0,0,0,0,0,190,Validation
0.43366329,0.357386932,-0.105191902,0,0,0,1,0,0,1,0,0,0,0,0,0,0,0,0,0,0,0,0,247,Validation
-0.847327599,-0.935387468,-1.025276026,0,0,0,1,0,0,0,0,0,0,0,0,0,0,0,1,0,0,0,0,188,Validation
-0.847327599,-0.935387468,0.201502806,0,0,1,0,0,0,0,0,0,0,0,0,0,0,0,1,0,0,0,0,266,Validation
0.35360136,0.357386932,1.006576414,0,0,0,1,0,0,0,0,0,0,0,0,0,0,0,0,1,0,0,0,314,Validation
1.794716111,1.650161332,0.85322906,0,0,0,1,0,0,0,0,0,0,0,0,0,0,0,0,1,0,0,0,304,Validation
2.515273486,1.650161332,0.35485016,0,0,1,0,0,0,0,0,0,0,0,0,0,0,0,0,0,1,0,0,269,Validation
1.794716111,1.650161332,2.61672363,0,1,0,0,0,0,0,0,0,0,0,0,0,0,0,0,1,0,0,0,282,Validation
-0.847327599,-0.935387468,-0.526897125,0,0,1,0,0,0,0,0,0,0,0,0,0,0,1,0,0,0,0,0,219,Validation
-0.847327599,-0.935387468,-0.641907641,0,0,1,0,1,0,0,0,0,0,0,0,0,0,0,0,0,0,0,0,213,Validation
-0.046708293,0.357386932,-0.335212933,0,0,1,0,0,0,0,0,0,0,0,0,0,0,1,0,0,0,0,0,231,Validation
-0.046708293,0.357386932,0.048155452,0,0,1,0,0,0,1,0,0,0,0,0,0,0,0,0,0,0,0,0,255,Validation
0.35360136,0.357386932,-0.488560287,0,0,0,1,0,0,1,0,0,0,0,0,0,0,0,0,0,0,0,0,222,Validation
-1.247637252,-0.935387468,-0.450223449,0,0,0,1,0,0,0,0,0,0,0,0,0,0,0,1,0,0,0,0,226,Validation
-0.847327599,-0.935387468,0.048155452,0,1,0,0,1,0,0,0,0,0,0,0,0,0,0,0,0,0,0,0,174,Validation
-0.046708293,0.357386932,-0.948602349,0,0,1,0,1,0,0,0,0,0,0,0,0,0,0,0,0,0,0,0,191,Validation
-0.847327599,-0.935387468,-0.526897125,0,0,1,0,1,0,0,0,0,0,0,0,0,0,0,0,0,0,0,0,220,Validation
-1.327699183,-0.935387468,-1.063612864,0,0,0,1,1,0,0,0,0,0,0,0,0,0,0,0,0,0,0,0,184,Validation
0.35360136,0.357386932,0.201502806,0,0,0,1,0,0,0,0,0,0,0,0,0,0,0,1,0,0,0,0,265,Validation
-0.046708293,0.357386932,1.236597445,0,0,1,0,0,0,0,0,0,0,0,0,0,0,0,0,1,0,0,0,298,Validation
-0.847327599,-0.935387468,-0.871928672,0,0,0,1,0,1,0,0,0,0,0,0,0,0,0,0,0,0,0,0,199,Validation
0.43366329,0.357386932,1.964997376,0,1,0,0,0,0,0,0,1,0,0,0,0,0,0,0,0,0,0,0,254,Validation
-0.046708293,0.357386932,-0.181865579,0,0,1,0,1,0,0,0,0,0,0,0,0,0,0,0,0,0,0,0,237,Validation
-0.527079877,-0.935387468,-0.220202418,0,0,0,1,0,0,0,0,0,0,0,0,0,0,0,1,0,0,0,0,235,Validation
-0.046708293,0.357386932,-1.140286541,0,0,1,0,1,0,0,0,0,0,0,0,0,0,0,0,0,0,0,0,183,Validation
1.71465418,2.942935732,1.543292152,0,0,1,0,0,0,0,0,0,0,0,0,0,0,0,0,0,1,0,0,347,Validation
-0.527079877,-0.935387468,-0.795254995,0,0,1,0,1,0,0,0,0,0,0,0,0,0,0,0,0,0,0,0,205,Validation
-0.847327599,-0.935387468,-0.680244479,0,0,1,0,0,0,1,0,0,0,0,0,0,0,0,0,0,0,0,0,212,Validation
1.794716111,1.650161332,3.191776207,0,1,0,0,0,0,0,0,0,0,0,0,0,0,0,0,1,0,0,0,317,Validation
-0.847327599,-0.935387468,0.316513321,0,1,0,0,1,0,0,0,0,0,0,0,0,0,0,0,0,0,0,0,198,Validation
-0.847327599,-0.935387468,-0.986939187,0,0,1,0,0,0,0,0,0,0,0,0,0,0,1,0,0,0,0,0,189,Validation
-0.046708293,0.357386932,0.316513321,0,0,1,0,1,0,0,0,0,0,0,0,0,0,0,0,0,0,0,0,271,Validation
0.43366329,0.357386932,0.738218544,0,0,1,0,0,0,1,0,0,0,0,0,0,0,0,0,0,0,0,0,292,Validation
-0.046708293,0.357386932,0.738218544,0,0,1,0,0,0,0,0,0,0,0,0,0,0,1,0,0,0,0,0,299,Validation
-0.046708293,0.357386932,-0.373549772,0,0,1,0,0,0,1,0,0,0,0,0,0,0,0,0,0,0,0,0,231,Validation
2.515273486,1.650161332,2.578386791,0,0,0,1,0,0,0,0,0,0,1,0,0,0,0,0,0,0,0,0,402,Validation
1.794716111,1.650161332,0.738218544,0,0,0,1,0,0,0,0,0,0,1,0,0,0,0,0,0,0,0,0,292,Validation
1.794716111,1.650161332,1.236597445,0,0,0,1,0,0,0,0,0,0,1,0,0,0,0,0,0,0,0,0,329,Validation
0.43366329,0.357386932,-0.181865579,0,0,0,1,0,1,0,0,0,0,0,0,0,0,0,0,0,0,0,0,237,Validation
-0.847327599,-0.935387468,-0.718581318,0,0,1,0,1,0,0,0,0,0,0,0,0,0,0,0,0,0,0,0,209,Validation
-0.847327599,-0.935387468,-0.526897125,0,0,0,1,1,0,0,0,0,0,0,0,0,0,0,0,0,0,0,0,219,Validation
-0.847327599,-0.935387468,-1.101949703,0,0,1,0,0,0,0,0,0,0,0,0,0,0,1,0,0,0,0,0,184,Validation
-0.847327599,-0.935387468,-0.488560287,0,0,1,0,1,0,0,0,0,0,0,0,0,0,0,0,0,0,0,0,220,Validation
-0.847327599,-0.935387468,-0.335212933,0,0,1,0,0,0,1,0,0,0,0,0,0,0,0,0,0,0,0,0,228,Validation
0.193477499,0.357386932,1.926660537,0,1,0,0,0,0,0,0,0,0,1,0,0,0,0,0,0,0,0,0,262,Validation
0.35360136,0.357386932,0.776555383,0,0,0,1,0,0,0,0,0,1,0,0,0,0,0,0,0,0,0,0,301,Validation
0.43366329,0.357386932,-0.105191902,0,0,0,1,0,0,1,0,0,0,0,0,0,0,0,0,0,0,0,0,242,Validation
-0.447017946,-0.935387468,-0.948602349,0,0,0,1,0,0,0,0,0,0,0,0,0,0,0,1,0,0,0,0,194,Validation
-0.046708293,0.357386932,0.278176483,0,0,1,0,0,1,0,0,0,0,0,0,0,0,0,0,0,0,0,0,264,Validation
-1.327699183,-0.935387468,-0.795254995,0,0,0,1,0,0,0,1,0,0,0,0,0,0,0,0,0,0,0,0,202,Validation
-0.046708293,0.357386932,0.009818613,1,0,0,0,0,0,0,0,0,0,1,0,0,0,0,0,0,0,0,0,289,Validation
1.554530319,1.650161332,1.773313183,0,0,1,0,0,0,0,0,0,0,0,0,0,0,0,0,1,0,0,0,354,Validation
-0.847327599,-0.935387468,-0.680244479,0,0,1,0,0,0,0,0,0,0,0,0,0,0,1,0,0,0,0,0,210,Validation
-0.046708293,0.357386932,0.508197513,0,0,1,0,0,0,0,0,0,0,0,0,0,0,0,0,0,1,0,0,278,Validation
-0.046708293,0.357386932,-0.143528741,0,0,1,0,0,0,0,1,0,0,0,0,0,0,0,0,0,0,0,0,243,Validation
1.794716111,1.650161332,1.964997376,0,0,0,1,0,0,0,0,0,0,0,0,0,0,0,0,0,0,1,0,366,Validation
-0.447017946,-0.935387468,0.201502806,0,0,0,1,0,0,0,0,0,1,0,0,0,0,0,0,0,0,0,0,266,Validation
0.35360136,0.357386932,-0.105191902,0,0,1,0,1,0,0,0,0,0,0,0,0,0,0,0,0,0,0,0,242,Validation
-1.728008836,-1.581774668,-1.485318087,0,0,1,0,0,0,0,0,0,0,0,0,0,0,0,0,0,1,0,0,157,Validation
-1.407761113,-0.935387468,-0.335212933,0,0,0,1,0,0,0,0,0,0,0,0,0,0,0,1,0,0,0,0,230,Validation
-0.847327599,-0.935387468,-0.680244479,0,0,1,0,0,0,1,0,0,0,0,0,0,0,0,0,0,0,0,0,211,Validation
-1.167575321,-0.935387468,-1.025276026,0,0,1,0,0,0,0,0,0,0,0,0,0,1,0,0,0,0,0,0,186,Validation
-0.527079877,-0.935387468,-0.258539256,0,0,0,1,0,0,0,0,0,0,0,0,0,0,0,1,0,0,0,0,237,Validation
-0.046708293,0.357386932,0.278176483,0,0,1,0,0,1,0,0,0,0,0,0,0,0,0,0,0,0,0,0,267,Validation
-0.847327599,-0.935387468,-0.450223449,0,0,1,0,0,0,0,0,0,0,0,0,0,0,0,0,0,1,0,0,221,Validation
2.114963833,1.650161332,1.083250091,0,0,0,1,0,0,0,0,0,0,1,0,0,0,0,0,0,0,0,0,319,Validation
-0.847327599,-0.935387468,-0.641907641,0,0,0,1,0,0,0,0,0,0,0,0,0,0,0,1,0,0,0,0,213,Validation
0.43366329,0.357386932,0.35485016,0,0,0,1,0,0,0,0,0,1,0,0,0,0,0,0,0,0,0,0,274,Validation
-0.847327599,-0.935387468,-1.983696988,0,0,0,1,0,0,1,0,0,0,0,0,0,0,0,0,0,0,0,0,133,Validation
0.43366329,0.357386932,0.278176483,0,0,0,1,0,0,1,0,0,0,0,0,0,0,0,0,0,0,0,0,264,Validation
-1.647946905,-1.581774668,-1.67700228,0,0,1,0,0,0,0,0,0,0,0,0,0,0,0,0,0,1,0,0,147,Validation
-0.847327599,-0.935387468,-0.795254995,0,0,1,0,0,0,1,0,0,0,0,0,0,0,0,0,0,0,0,0,205,Validation
-0.847327599,-0.935387468,-0.488560287,0,0,1,0,0,0,0,0,0,0,0,0,0,0,0,1,0,0,0,0,218,Validation
-1.167575321,-0.935387468,-1.446981249,0,0,0,1,0,0,1,0,0,0,0,0,0,0,0,0,0,0,0,0,164,Validation
0.113415568,0.357386932,0.009818613,0,0,0,1,0,0,0,0,0,0,0,0,0,0,0,1,0,0,0,0,248,Validation
-0.847327599,-0.935387468,-0.833591833,0,0,0,1,1,0,0,0,0,0,0,0,0,0,0,0,0,0,0,0,200,Validation
0.513725221,0.357386932,0.58487119,0,0,0,1,0,0,0,0,0,0,1,0,0,0,0,0,0,0,0,0,283,Validation
0.43366329,0.357386932,-0.220202418,0,0,0,1,0,0,1,0,0,0,0,0,0,0,0,0,0,0,0,0,235,Validation
-0.847327599,-0.935387468,-0.258539256,0,0,0,1,0,0,0,0,0,0,0,0,0,0,0,1,0,0,0,0,239,Validation
-0.847327599,-0.935387468,-0.105191902,0,0,1,0,0,0,0,0,0,0,0,0,0,0,0,1,0,0,0,0,246,Validation
-0.847327599,-0.935387468,-0.871928672,0,0,0,1,1,0,0,0,0,0,0,0,0,0,0,0,0,0,0,0,200,Validation
-1.00745146,-0.935387468,-0.986939187,0,0,0,1,0,0,1,0,0,0,0,0,0,0,0,0,0,0,0,0,189,Validation
-0.847327599,-0.935387468,-0.526897125,0,0,1,0,0,0,1,0,0,0,0,0,0,0,0,0,0,0,0,0,219,Validation
-0.046708293,0.357386932,0.009818613,0,0,1,0,0,0,0,1,0,0,0,0,0,0,0,0,0,0,0,0,251,Validation
2.675397347,1.650161332,1.888323699,0,0,1,0,0,0,0,0,0,0,0,0,0,0,0,0,1,0,0,0,368,Validation
-0.286894085,-0.935387468,0.35485016,0,0,0,1,0,0,0,0,0,0,1,0,0,0,0,0,0,0,0,0,275,Validation
-0.447017946,-0.935387468,0.738218544,0,0,1,0,1,0,0,0,0,0,0,0,0,0,0,0,0,0,0,0,296,Validation
-1.167575321,-0.935387468,-0.756918156,0,0,1,0,0,0,0,0,0,0,0,0,0,1,0,0,0,0,0,0,208,Validation
-0.286894085,-0.935387468,-0.143528741,0,0,0,1,0,0,0,0,0,0,0,0,0,0,0,1,0,0,0,0,244,Validation
-0.447017946,-0.935387468,0.201502806,0,0,0,1,0,0,0,0,0,1,0,0,0,0,0,0,0,0,0,0,266,Validation
-0.046708293,0.357386932,-0.373549772,0,0,1,0,0,0,0,1,0,0,0,0,0,0,0,0,0,0,0,0,230,Validation
-0.046708293,0.357386932,0.699881706,0,0,1,0,0,0,0,0,0,0,0,0,0,0,1,0,0,0,0,0,294,Validation
2.515273486,1.650161332,2.041671053,0,0,1,0,0,0,0,0,0,0,0,0,0,0,0,0,0,1,0,0,381,Validation
0.593787152,0.357386932,0.163165967,0,0,1,0,0,0,0,1,0,0,0,0,0,0,0,0,0,0,0,0,258,Validation
-0.447017946,-0.935387468,-1.331970734,0,0,0,1,0,0,0,0,0,0,0,0,0,0,0,1,0,0,0,0,170,Validation
-0.847327599,-0.935387468,-0.028518225,0,0,0,1,0,0,0,0,0,0,0,0,0,0,0,1,0,0,0,0,250,Validation
-0.046708293,0.357386932,-0.143528741,0,0,1,0,0,0,1,0,0,0,0,0,0,0,0,0,0,0,0,0,244,Validation
0.35360136,0.357386932,-0.220202418,0,0,1,0,0,0,1,0,0,0,0,0,0,0,0,0,0,0,0,0,240,Validation
-0.046708293,0.357386932,-0.373549772,0,0,1,0,1,0,0,0,0,0,0,0,0,0,0,0,0,0,0,0,228,Validation
-0.447017946,-0.935387468,-1.255297057,0,0,0,1,0,0,1,0,0,0,0,0,0,0,0,0,0,0,0,0,177,Validation
-0.527079877,-0.935387468,0.08649229,0,0,0,1,0,0,0,0,0,0,0,0,0,0,0,1,0,0,0,0,253,Validation
-1.167575321,-0.935387468,-0.948602349,0,0,1,0,0,0,0,0,0,0,0,0,0,0,0,0,0,1,0,0,191,Validation
0.43366329,0.357386932,1.964997376,0,1,0,0,0,0,1,0,0,0,0,0,0,0,0,0,0,0,0,0,254,Validation
-0.046708293,0.357386932,0.58487119,0,0,0,1,0,1,0,0,0,0,0,0,0,0,0,0,0,0,0,0,288,Validation
-0.447017946,-0.935387468,-2.17538118,0,0,0,1,0,0,1,0,0,0,0,0,0,0,0,0,0,0,0,0,121,Validation
0.35360136,0.357386932,-0.105191902,0,0,0,1,0,0,0,0,1,0,0,0,0,0,0,0,0,0,0,0,242,Validation
-0.046708293,0.357386932,0.431523836,0,0,0,1,0,0,0,0,0,0,0,0,0,0,0,0,1,0,0,0,280,Validation
0.43366329,0.357386932,0.239839644,0,0,0,1,0,0,0,0,0,0,0,0,0,0,0,0,1,0,0,0,268,Validation
-0.847327599,-0.935387468,-1.025276026,0,0,1,0,0,0,0,0,0,0,0,0,0,0,0,0,0,1,0,0,189,Validation
0.753911013,1.650161332,0.35485016,0,0,1,0,1,0,0,0,0,0,0,0,0,0,0,0,0,0,0,0,274,Validation
-1.327699183,-0.935387468,-1.17862338,0,0,0,1,0,0,1,0,0,0,0,0,0,0,0,0,0,0,0,0,177,Validation
-0.447017946,-0.935387468,1.466618475,0,1,0,0,0,0,0,0,0,0,0,1,0,0,0,0,0,0,0,0,240,Validation
0.43366329,0.357386932,2.080007891,0,1,0,0,0,0,0,0,0,0,0,0,0,0,0,1,0,0,0,0,259,Validation
0.513725221,0.357386932,2.195018406,0,1,0,0,0,0,0,0,0,0,1,0,0,0,0,0,0,0,0,0,264,Validation
-0.847327599,-0.935387468,-0.641907641,0,0,1,0,0,1,0,0,0,0,0,0,0,0,0,0,0,0,0,0,209,Validation
-0.206832154,-0.935387468,-0.488560287,1,0,0,0,0,0,0,0,0,1,0,0,0,0,0,0,0,0,0,0,255,Validation
-0.847327599,-0.935387468,-0.220202418,0,0,0,1,0,0,0,0,0,0,0,0,0,0,0,1,0,0,0,0,239,Validation
-1.327699183,-0.935387468,-1.140286541,0,0,0,1,0,0,1,0,0,0,0,0,0,0,0,0,0,0,0,0,179,Validation
1.074158735,1.650161332,1.504955314,0,0,1,0,0,0,1,0,0,0,0,0,0,0,0,0,0,0,0,0,338,Validation
-0.527079877,-0.935387468,-0.105191902,0,0,0,1,0,0,0,0,0,0,0,0,0,0,0,1,0,0,0,0,246,Validation
-0.447017946,-0.289000268,-0.143528741,0,0,1,0,0,0,0,0,0,0,0,0,0,0,1,0,0,0,0,0,243,Validation
-0.847327599,-0.935387468,-0.756918156,0,0,1,0,0,0,1,0,0,0,0,0,0,0,0,0,0,0,0,0,206,Validation
-0.046708293,0.357386932,-0.181865579,0,0,1,0,0,1,0,0,0,0,0,0,0,0,0,0,0,0,0,0,241,Validation
-0.046708293,0.357386932,-0.373549772,0,0,1,0,0,0,0,0,0,0,0,0,0,0,1,0,0,0,0,0,229,Validation
0.43366329,0.357386932,0.431523836,0,0,0,1,0,0,0,0,0,0,1,0,0,0,0,0,0,0,0,0,279,Validation
-1.00745146,-0.935387468,-1.025276026,0,0,0,1,0,0,1,0,0,0,0,0,0,0,0,0,0,0,0,0,190,Validation
-0.046708293,0.357386932,0.009818613,0,0,1,0,0,0,0,0,0,0,0,0,0,0,0,0,0,1,0,0,253,Validation
-0.046708293,0.357386932,-0.373549772,0,0,1,0,0,1,0,0,0,0,0,0,0,0,0,0,0,0,0,0,229,Validation
0.35360136,0.357386932,0.85322906,0,0,0,1,0,0,0,0,0,0,0,0,0,0,0,0,1,0,0,0,299,Validation
0.43366329,0.357386932,0.699881706,0,0,0,1,0,0,0,0,0,0,0,0,0,0,0,0,1,0,0,0,290,Validation
0.593787152,0.357386932,0.08649229,0,0,1,0,0,0,0,1,0,0,0,0,0,0,0,0,0,0,0,0,258,Validation
1.554530319,1.650161332,1.428281637,0,0,1,0,0,0,0,0,0,0,0,0,0,0,0,1,0,0,0,0,334,Validation
1.394406458,1.650161332,1.313271121,0,0,1,0,0,0,0,0,0,0,0,0,0,0,0,0,1,0,0,0,327,Validation
-0.847327599,-0.935387468,-0.641907641,0,0,1,0,0,0,0,0,0,0,0,0,0,0,0,1,0,0,0,0,213,Validation
-0.447017946,-0.935387468,-0.795254995,0,0,0,1,0,0,0,0,0,0,0,0,0,0,0,1,0,0,0,0,204,Validation
-0.527079877,-0.935387468,1.313271121,0,1,0,0,0,0,0,0,0,0,0,0,0,0,0,1,0,0,0,0,234,Validation
1.794716111,1.650161332,0.85322906,0,0,0,1,0,0,0,0,0,0,0,0,0,0,0,0,1,0,0,0,304,Validation
-0.847327599,-0.935387468,-0.373549772,0,0,0,1,0,0,0,0,0,0,0,0,0,0,0,1,0,0,0,0,231,Validation
-0.527079877,-0.935387468,-0.91026551,0,0,0,1,0,0,0,0,0,0,0,0,0,0,0,1,0,0,0,0,193,Validation
-0.607141807,-0.935387468,0.048155452,0,0,1,0,0,0,1,0,0,0,0,0,0,0,0,0,0,0,0,0,255,Validation
1.794716111,1.650161332,0.699881706,0,0,0,1,0,0,0,0,0,0,1,0,0,0,0,0,0,0,0,0,296,Validation
-1.00745146,-0.935387468,-2.405402211,0,0,0,1,0,0,1,0,0,0,0,0,0,0,0,0,0,0,0,0,104,Validation
0.43366329,0.357386932,1.926660537,0,1,0,0,0,0,1,0,0,0,0,0,0,0,0,0,0,0,0,0,260,Validation
-0.847327599,-0.935387468,-0.565233964,0,0,1,0,0,0,0,0,0,0,0,0,0,0,1,0,0,0,0,0,218,Validation
0.35360136,0.357386932,0.08649229,0,0,0,1,0,0,0,0,0,0,0,0,0,0,0,1,0,0,0,0,253,Validation
0.35360136,0.357386932,-0.603570802,0,0,0,1,0,0,1,0,0,0,0,0,0,0,0,0,0,0,0,0,215,Validation
-0.847327599,-0.935387468,-0.335212933,0,0,1,0,0,0,0,0,0,0,0,0,0,0,0,1,0,0,0,0,232,Validation
-1.167575321,-0.935387468,-1.063612864,0,0,1,0,0,0,0,1,0,0,0,0,0,0,0,0,0,0,0,0,184,Validation
0.35360136,0.357386932,-0.680244479,0,0,0,1,0,0,1,0,0,0,0,0,0,0,0,0,0,0,0,0,210,Validation
-0.046708293,0.357386932,-0.105191902,0,0,1,0,0,0,0,0,0,0,0,0,0,0,1,0,0,0,0,0,245,Validation
-1.167575321,-0.935387468,-1.216960218,0,0,0,1,0,0,0,0,0,0,0,0,0,0,1,0,0,0,0,0,179,Validation
2.515273486,1.650161332,1.543292152,0,0,1,0,0,0,0,0,0,0,0,0,0,0,1,0,0,0,0,0,349,Validation
-0.847327599,-0.935387468,-0.450223449,0,0,1,0,0,0,0,0,0,0,0,0,1,0,0,0,0,0,0,0,225,Validation
-1.327699183,-0.935387468,-1.331970734,0,0,0,1,0,0,1,0,0,0,0,0,0,0,0,0,0,0,0,0,168,Validation
0.593787152,0.357386932,0.58487119,0,0,1,0,0,0,0,0,0,0,0,0,0,0,1,0,0,0,0,0,283,Validation
-0.046708293,0.357386932,-0.105191902,0,0,1,0,0,0,0,1,0,0,0,0,0,0,0,0,0,0,0,0,246,Validation
-0.046708293,0.357386932,0.85322906,0,0,1,0,0,0,0,0,0,0,0,0,0,0,0,0,1,0,0,0,305,Validation
2.515273486,1.650161332,0.738218544,0,0,1,0,1,0,0,0,0,0,0,0,0,0,0,0,0,0,0,0,292,Validation
0.43366329,0.357386932,0.58487119,0,0,1,0,0,0,0,0,0,0,0,0,0,0,0,1,0,0,0,0,286,Validation
-0.847327599,-0.935387468,0.124829129,0,0,1,0,0,0,0,0,0,0,0,0,0,0,0,1,0,0,0,0,262,Validation
-0.847327599,-0.935387468,-0.603570802,0,0,0,1,0,0,0,0,0,0,0,0,0,0,0,1,0,0,0,0,212,Validation
1.554530319,1.650161332,0.85322906,0,0,0,1,0,0,0,0,0,0,0,0,0,0,1,0,0,0,0,0,304,Validation
1.794716111,1.650161332,0.738218544,0,0,0,1,0,0,0,0,0,0,1,0,0,0,0,0,0,0,0,0,298,Validation
1.074158735,1.650161332,1.504955314,0,0,1,0,1,0,0,0,0,0,0,0,0,0,0,0,0,0,0,0,344,Validation
0.193477499,0.357386932,-0.450223449,0,0,0,1,0,0,0,0,0,0,0,0,0,0,0,0,1,0,0,0,225,Validation
1.794716111,1.650161332,2.731734145,0,1,0,0,0,0,0,0,0,0,0,0,0,0,0,0,1,0,0,0,298,Validation
2.034901902,1.650161332,1.658302668,0,0,1,0,0,0,0,0,0,0,0,0,0,0,0,0,1,0,0,0,354,Validation
-0.447017946,0.357386932,-0.41188661,0,0,1,0,1,0,0,0,0,0,0,0,0,0,0,0,0,0,0,0,223,Validation
-0.847327599,-0.935387468,-0.641907641,0,0,1,0,1,0,0,0,0,0,0,0,0,0,0,0,0,0,0,0,213,Validation
0.35360136,0.357386932,-0.871928672,0,0,1,0,1,0,0,0,0,0,0,0,0,0,0,0,0,0,0,0,200,Validation
-1.407761113,-0.935387468,-1.67700228,0,0,0,1,0,0,0,1,0,0,0,0,0,0,0,0,0,0,0,0,147,Validation
0.43366329,0.357386932,0.009818613,0,0,0,1,1,0,0,0,0,0,0,0,0,0,0,0,0,0,0,0,248,Validation
-0.527079877,-0.935387468,-0.526897125,0,0,0,1,0,0,0,0,0,0,0,0,0,0,0,1,0,0,0,0,221,Validation
0.513725221,0.357386932,0.316513321,0,0,1,0,0,0,1,0,0,0,0,0,0,0,0,0,0,0,0,0,267,Validation
-0.046708293,0.357386932,-0.028518225,0,0,1,0,0,0,0,0,0,0,0,0,0,0,1,0,0,0,0,0,249,Validation
-1.247637252,-0.935387468,-1.485318087,0,0,0,1,1,0,0,0,0,0,0,0,0,0,0,0,0,0,0,0,165,Validation
-0.847327599,-0.935387468,-0.373549772,0,0,0,1,0,0,0,0,0,0,0,0,0,0,0,1,0,0,0,0,225,Validation
-0.046708293,0.357386932,0.891565898,0,0,1,0,0,1,0,0,0,0,0,0,0,0,0,0,0,0,0,0,300,Validation
0.35360136,0.357386932,-0.028518225,0,0,0,1,0,0,0,0,1,0,0,0,0,0,0,0,0,0,0,0,251,Validation
1.394406458,1.650161332,0.814892221,0,0,1,0,0,1,0,0,0,0,0,0,0,0,0,0,0,0,0,0,303,Validation
-1.247637252,-1.581774668,-1.101949703,0,0,1,0,0,0,0,1,0,0,0,0,0,0,0,0,0,0,0,0,184,Validation
-0.847327599,-0.935387468,-1.485318087,1,0,0,0,0,0,1,0,0,0,0,0,0,0,0,0,0,0,0,0,185,Validation
-0.847327599,-0.935387468,0.048155452,0,0,0,1,0,0,0,0,0,0,0,0,0,0,0,1,0,0,0,0,256,Validation
-0.847327599,-0.935387468,-0.756918156,0,0,0,1,1,0,0,0,0,0,0,0,0,0,0,0,0,0,0,0,206,Validation
1.314344527,1.650161332,0.546534352,0,0,1,0,0,0,1,0,0,0,0,0,0,0,0,0,0,0,0,0,294,Validation
-1.00745146,-0.935387468,-1.025276026,0,0,0,1,0,0,1,0,0,0,0,0,0,0,0,0,0,0,0,0,186,Validation
-0.847327599,-0.935387468,-0.488560287,0,0,1,0,0,0,1,0,0,0,0,0,0,0,0,0,0,0,0,0,223,Validation
-1.00745146,-0.935387468,-0.91026551,0,0,1,0,0,0,0,0,0,0,0,0,0,0,0,0,0,1,0,0,193,Validation
0.43366329,0.357386932,0.431523836,0,0,0,1,0,0,0,0,0,1,0,0,0,0,0,0,0,0,0,0,279,Validation
-0.447017946,-0.935387468,-0.871928672,0,0,0,1,0,0,0,0,0,0,0,0,0,0,0,1,0,0,0,0,198,Validation
-1.00745146,-0.935387468,-0.756918156,0,0,0,1,0,0,1,0,0,0,0,0,0,0,0,0,0,0,0,0,202,Validation
0.753911013,0.357386932,1.006576414,0,0,0,1,0,0,0,0,0,1,0,0,0,0,0,0,0,0,0,0,308,Validation
0.43366329,0.357386932,2.310028922,0,1,0,0,0,0,0,0,1,0,0,0,0,0,0,0,0,0,0,0,269,Validation
0.994096805,0.357386932,1.543292152,0,0,0,1,0,0,0,0,0,0,1,0,0,0,0,0,0,0,0,0,349,Validation
-0.527079877,-0.935387468,-0.296876095,0,0,0,1,0,0,0,0,0,0,0,0,0,0,0,1,0,0,0,0,230,Validation
0.35360136,0.357386932,0.35485016,0,0,0,1,0,0,0,0,0,0,1,0,0,0,0,0,0,0,0,0,274,Validation
-0.447017946,-0.935387468,-0.028518225,0,0,0,1,0,0,0,0,0,0,0,1,0,0,0,0,0,0,0,0,251,Validation
0.35360136,0.357386932,-0.028518225,0,0,0,1,0,0,0,0,0,0,0,0,0,0,0,1,0,0,0,0,246,Validation
-0.847327599,-0.935387468,-0.450223449,0,0,1,0,0,0,0,0,0,0,0,0,0,0,1,0,0,0,0,0,221,Validation
0.43366329,0.357386932,2.271692083,0,1,0,0,0,0,0,0,1,0,0,0,0,0,0,0,0,0,0,0,274,Validation
1.794716111,1.650161332,0.891565898,0,0,0,1,0,0,0,0,0,0,1,0,0,0,0,0,0,0,0,0,309,Validation
-1.247637252,-0.935387468,-1.331970734,0,0,1,0,0,1,0,0,0,0,0,0,0,0,0,0,0,0,0,0,170,Validation
1.554530319,1.650161332,0.546534352,0,0,0,1,0,0,0,0,0,0,1,0,0,0,0,0,0,0,0,0,287,Validation
-0.847327599,-0.935387468,-0.641907641,0,0,1,0,0,1,0,0,0,0,0,0,0,0,0,0,0,0,0,0,209,Validation
-0.046708293,0.357386932,0.009818613,0,0,1,0,0,0,0,0,0,0,0,0,0,0,0,0,1,0,0,0,254,Validation
0.35360136,0.357386932,1.428281637,0,0,0,1,0,0,0,0,0,0,1,0,0,0,0,0,0,0,0,0,339,Validation
2.114963833,1.650161332,1.773313183,0,0,0,1,0,0,0,0,0,0,1,0,0,0,0,0,0,0,0,0,362,Validation
-0.847327599,-0.935387468,-0.373549772,0,0,0,1,0,0,0,0,0,0,0,0,0,0,0,1,0,0,0,0,229,Validation
-0.046708293,0.357386932,-0.41188661,0,0,1,0,1,0,0,0,0,0,0,0,0,0,0,0,0,0,0,0,228,Validation
-0.046708293,0.357386932,-0.105191902,0,0,1,0,0,0,1,0,0,0,0,0,0,0,0,0,0,0,0,0,247,Validation
-0.447017946,-0.935387468,-0.105191902,0,0,0,1,0,0,0,0,0,1,0,0,0,0,0,0,0,0,0,0,242,Validation
0.994096805,0.357386932,0.699881706,0,0,0,1,0,0,0,0,0,0,1,0,0,0,0,0,0,0,0,0,296,Validation
-1.247637252,-0.935387468,-1.140286541,0,0,1,0,0,0,1,0,0,0,0,0,0,0,0,0,0,0,0,0,183,Validation
0.513725221,0.357386932,-0.181865579,0,0,1,0,0,0,1,0,0,0,0,0,0,0,0,0,0,0,0,0,237,Validation
0.193477499,0.357386932,0.08649229,0,0,0,1,0,0,0,0,0,0,1,0,0,0,0,0,0,0,0,0,259,Validation
1.074158735,1.650161332,0.623208029,0,0,1,0,0,0,1,0,0,0,0,0,0,0,0,0,0,0,0,0,290,Validation
-1.247637252,-0.935387468,-1.561991764,0,0,0,1,1,0,0,0,0,0,0,0,0,0,0,0,0,0,0,0,157,Validation
2.034901902,1.650161332,1.504955314,0,0,1,0,0,0,0,0,0,0,0,0,0,0,0,0,1,0,0,0,338,Validation
-0.847327599,-0.935387468,0.124829129,0,0,0,1,0,0,0,0,0,0,0,0,0,0,0,1,0,0,0,0,263,Validation
1.554530319,1.650161332,1.658302668,0,0,1,0,0,0,0,0,0,0,0,0,0,0,0,0,1,0,0,0,354,Validation
0.593787152,0.357386932,0.316513321,0,0,1,0,0,0,0,1,0,0,0,0,0,0,0,0,0,0,0,0,272,Validation
-0.847327599,-0.935387468,-0.756918156,0,0,0,1,0,0,0,0,0,0,0,0,0,0,0,1,0,0,0,0,202,Validation
-1.247637252,-0.935387468,-1.638665441,0,0,0,1,0,0,0,0,0,0,0,0,0,1,0,0,0,0,0,0,151,Validation
0.35360136,0.357386932,-0.028518225,0,0,0,1,0,0,0,0,0,0,0,0,0,0,0,1,0,0,0,0,250,Validation
-1.247637252,-1.581774668,-1.255297057,0,0,1,0,0,0,0,1,0,0,0,0,0,0,0,0,0,0,0,0,174,Validation
-0.847327599,-0.935387468,-0.680244479,0,0,1,0,0,0,0,1,0,0,0,0,0,0,0,0,0,0,0,0,210,Validation
-1.327699183,-0.935387468,-0.718581318,0,0,0,1,0,0,0,0,0,0,0,0,0,0,0,1,0,0,0,0,211,Validation
1.794716111,1.650161332,0.738218544,0,0,0,1,0,0,0,0,0,0,1,0,0,0,0,0,0,0,0,0,298,Validation
0.35360136,0.357386932,0.393186998,0,0,0,1,0,0,0,0,0,0,0,0,0,0,0,1,0,0,0,0,271,Validation
0.753911013,1.650161332,1.236597445,0,0,1,0,0,0,0,0,0,0,0,0,0,0,0,0,0,1,0,0,327,Validation
2.515273486,1.650161332,1.658302668,0,0,1,0,0,0,0,0,0,0,0,0,0,0,1,0,0,0,0,0,355,Validation
-0.527079877,-0.935387468,-0.296876095,0,0,0,1,0,0,0,0,0,0,0,0,0,0,0,1,0,0,0,0,235,Validation
-1.327699183,-0.935387468,-1.331970734,0,0,0,1,1,0,0,0,0,0,0,0,0,0,0,0,0,0,0,0,172,Validation
0.43366329,0.357386932,1.006576414,0,0,0,1,0,0,0,0,0,0,0,0,0,0,0,0,1,0,0,0,315,Validation
0.753911013,1.650161332,0.929902737,0,0,1,0,0,0,0,0,0,0,0,0,0,0,0,1,0,0,0,0,309,Validation
0.513725221,0.357386932,0.163165967,0,0,0,1,0,0,0,0,0,0,0,0,0,0,1,0,0,0,0,0,264,Validation
-0.447017946,-0.935387468,-0.871928672,0,0,0,1,0,0,0,0,0,0,0,0,0,0,0,1,0,0,0,0,201,Validation
-1.167575321,-0.935387468,-1.140286541,0,0,0,1,0,0,1,0,0,0,0,0,0,0,0,0,0,0,0,0,184,Validation
0.43366329,0.357386932,1.006576414,0,0,0,1,0,0,0,0,0,0,0,0,0,0,0,0,1,0,0,0,315,Validation
-0.847327599,-0.935387468,-0.373549772,0,0,1,0,0,0,0,0,0,0,0,0,0,0,0,1,0,0,0,0,228,Validation
1.394406458,1.650161332,0.738218544,0,0,1,0,0,1,0,0,0,0,0,0,0,0,0,0,0,0,0,0,298,Validation
-0.847327599,-0.935387468,-0.488560287,0,0,1,0,0,0,1,0,0,0,0,0,0,0,0,0,0,0,0,0,222,Validation
-0.046708293,0.357386932,0.048155452,0,0,1,0,0,0,0,0,0,0,0,0,0,0,1,0,0,0,0,0,255,Validation
0.914034874,1.650161332,0.776555383,0,0,1,0,0,0,0,0,0,0,0,0,0,0,1,0,0,0,0,0,294,Validation
-0.046708293,0.357386932,0.08649229,0,0,1,0,0,0,1,0,0,0,0,0,0,0,0,0,0,0,0,0,256,Validation
-0.046708293,0.357386932,0.08649229,0,0,1,0,0,0,0,1,0,0,0,0,0,0,0,0,0,0,0,0,258,Validation
1.554530319,1.650161332,0.968239575,0,0,1,0,0,1,0,0,0,0,0,0,0,0,0,0,0,0,0,0,312,Validation
0.193477499,0.357386932,0.278176483,0,0,0,1,0,0,0,0,0,0,0,0,0,0,0,1,0,0,0,0,268,Validation
-0.046708293,0.357386932,0.08649229,0,0,1,0,0,0,0,0,0,0,0,0,0,0,1,0,0,0,0,0,257,Validation
1.554530319,1.650161332,0.968239575,0,0,1,0,0,0,0,0,0,0,0,0,0,0,0,0,0,1,0,0,311,Validation
1.554530319,1.650161332,0.968239575,0,0,0,1,0,0,0,0,0,0,0,0,0,0,1,0,0,0,0,0,312,Validation
-0.046708293,0.357386932,-0.41188661,1,0,0,0,0,0,0,0,0,0,1,0,0,0,0,0,0,0,0,0,260,Validation
-1.327699183,-0.935387468,-1.408644411,0,0,0,1,0,0,0,0,0,0,0,0,0,0,1,0,0,0,0,0,166,Validation
-0.847327599,-0.935387468,-0.488560287,0,0,1,0,0,0,0,1,0,0,0,0,0,0,0,0,0,0,0,0,218,Validation
-0.847327599,-0.935387468,0.08649229,0,0,0,1,0,0,0,0,0,0,0,0,0,0,0,1,0,0,0,0,261,Validation
-0.527079877,-0.935387468,-0.028518225,0,0,0,1,1,0,0,0,0,0,0,0,0,0,0,0,0,0,0,0,246,Validation
-0.847327599,-0.935387468,-0.91026551,0,0,1,0,0,0,0,0,0,0,0,0,0,0,1,0,0,0,0,0,197,Validation
-1.00745146,-0.935387468,-0.91026551,0,0,0,1,0,0,0,0,0,0,0,0,0,1,0,0,0,0,0,0,195,Validation
-0.847327599,-0.935387468,-1.216960218,0,0,0,1,1,0,0,0,0,0,0,0,0,0,0,0,0,0,0,0,180,Validation
-0.527079877,-0.935387468,-0.526897125,0,0,0,1,0,0,0,0,0,0,0,0,0,0,0,1,0,0,0,0,218,Validation
1.554530319,1.650161332,3.421797238,0,1,0,0,0,0,0,0,0,0,1,0,0,0,0,0,0,0,0,0,315,Validation
2.034901902,1.650161332,0.776555383,0,0,1,0,0,0,1,0,0,0,0,0,0,0,0,0,0,0,0,0,301,Validation
1.554530319,1.650161332,0.661544867,0,0,0,1,0,0,0,0,0,0,0,0,0,0,1,0,0,0,0,0,288,Validation
0.43366329,0.357386932,-0.220202418,0,0,0,1,0,1,0,0,0,0,0,0,0,0,0,0,0,0,0,0,235,Validation
-1.00745146,-0.935387468,-0.450223449,0,0,0,1,0,0,0,0,0,0,0,0,0,1,0,0,0,0,0,0,224,Validation
-1.00745146,-0.935387468,-0.948602349,0,0,0,1,0,0,1,0,0,0,0,0,0,0,0,0,0,0,0,0,191,Validation
-1.247637252,-1.581774668,-1.101949703,0,0,1,0,0,0,0,0,0,0,0,0,0,0,1,0,0,0,0,0,184,Validation
-0.046708293,0.357386932,0.316513321,0,0,1,0,0,0,1,0,0,0,0,0,0,0,0,0,0,0,0,0,267,Validation
-1.327699183,-0.935387468,-0.603570802,0,0,0,1,0,0,0,0,0,0,0,0,0,0,0,1,0,0,0,0,215,Validation
-0.847327599,-0.935387468,-0.833591833,0,0,1,0,0,0,0,0,0,0,0,0,0,0,1,0,0,0,0,0,198,Validation
0.43366329,0.357386932,-0.028518225,0,0,0,1,0,0,1,0,0,0,0,0,0,0,0,0,0,0,0,0,250,Validation
-0.286894085,-0.935387468,0.58487119,0,0,0,1,0,0,0,0,0,1,0,0,0,0,0,0,0,0,0,0,283,Validation
1.71465418,2.942935732,1.428281637,0,0,1,0,0,0,0,0,0,0,0,0,0,0,0,0,0,1,0,0,334,Validation
-0.847327599,-0.935387468,-0.948602349,0,0,0,1,0,0,1,0,0,0,0,0,0,0,0,0,0,0,0,0,196,Validation
-0.847327599,-0.935387468,-0.565233964,0,0,0,1,0,0,1,0,0,0,0,0,0,0,0,0,0,0,0,0,214,Validation
1.074158735,1.650161332,1.274934283,0,0,1,0,0,0,0,0,0,0,0,0,0,0,0,0,1,0,0,0,324,Validation
-0.527079877,-0.935387468,1.006576414,0,1,0,0,0,0,0,0,0,0,0,0,0,0,0,1,0,0,0,0,214,Validation
0.43366329,0.357386932,0.048155452,0,0,1,0,0,1,0,0,0,0,0,0,0,0,0,0,0,0,0,0,251,Validation
2.675397347,1.650161332,1.888323699,0,0,1,0,0,0,0,0,0,0,0,0,0,0,0,0,1,0,0,0,368,Validation
-1.167575321,-0.935387468,-0.41188661,0,0,0,1,0,1,0,0,0,0,0,0,0,0,0,0,0,0,0,0,223,Validation
0.35360136,0.357386932,0.814892221,0,0,0,1,0,0,0,0,0,0,0,0,0,0,0,0,1,0,0,0,303,Validation
-0.286894085,-0.935387468,0.35485016,0,0,0,1,0,0,0,0,0,1,0,0,0,0,0,0,0,0,0,0,274,Validation
0.753911013,1.650161332,0.661544867,0,0,1,0,0,0,1,0,0,0,0,0,0,0,0,0,0,0,0,0,293,Validation
-1.00745146,-0.935387468,-0.565233964,0,0,0,1,0,0,0,0,0,0,0,0,0,1,0,0,0,0,0,0,218,Validation
-0.847327599,-0.935387468,-0.526897125,0,0,1,0,0,0,1,0,0,0,0,0,0,0,0,0,0,0,0,0,219,Validation
0.35360136,0.357386932,0.08649229,0,0,1,0,1,0,0,0,0,0,0,0,0,0,0,0,0,0,0,0,253,Validation
-0.607141807,-0.935387468,-0.220202418,0,0,0,1,0,0,0,0,0,0,0,0,0,0,1,0,0,0,0,0,239,Validation
2.034901902,1.650161332,0.58487119,0,0,1,0,0,0,1,0,0,0,0,0,0,0,0,0,0,0,0,0,283,Validation
-1.327699183,-0.935387468,-0.526897125,0,0,0,1,0,0,0,0,0,0,0,0,0,1,0,0,0,0,0,0,218,Validation
0.994096805,0.357386932,0.699881706,0,0,0,1,0,0,0,0,0,0,1,0,0,0,0,0,0,0,0,0,290,Validation
1.314344527,1.650161332,0.661544867,0,0,1,0,1,0,0,0,0,0,0,0,0,0,0,0,0,0,0,0,288,Validation
-1.167575321,-0.935387468,-1.140286541,0,0,1,0,0,0,0,0,0,0,0,0,0,0,0,0,0,1,0,0,179,Validation
1.234282596,1.650161332,1.198260606,0,0,1,0,0,0,0,0,0,0,0,0,0,0,0,0,1,0,0,0,320,Validation
-1.327699183,-0.935387468,-1.063612864,0,0,0,1,0,0,0,0,0,0,0,0,0,0,0,0,0,1,0,0,187,Validation
2.515273486,1.650161332,1.543292152,0,0,1,0,0,0,1,0,0,0,0,0,0,0,0,0,0,0,0,0,340,Validation
-0.847327599,-0.935387468,-1.101949703,0,0,0,1,0,0,0,0,0,0,0,0,0,0,0,1,0,0,0,0,185,Validation
-0.847327599,-0.935387468,-1.025276026,0,0,0,1,0,0,0,0,0,0,0,0,0,1,0,0,0,0,0,0,191,Validation
-0.046708293,0.357386932,0.393186998,0,0,0,1,0,0,0,0,0,0,0,0,0,0,0,1,0,0,0,0,271,Validation
1.234282596,1.650161332,2.310028922,0,0,0,1,0,0,0,0,0,0,0,0,0,0,0,0,0,0,0,1,386,Validation
1.794716111,1.650161332,0.968239575,0,0,0,1,0,0,0,0,0,0,0,0,0,0,0,0,1,0,0,0,313,Validation
-0.046708293,0.357386932,-0.105191902,0,0,1,0,0,0,1,0,0,0,0,0,0,0,0,0,0,0,0,0,246,Validation
-0.847327599,-0.935387468,-0.181865579,0,0,1,0,1,0,0,0,0,0,0,0,0,0,0,0,0,0,0,0,240,Validation
-0.527079877,-0.935387468,-0.450223449,0,0,0,1,0,0,0,0,0,0,0,0,0,0,0,1,0,0,0,0,225,Validation
-1.167575321,-0.935387468,-1.025276026,0,0,1,0,0,0,0,1,0,0,0,0,0,0,0,0,0,0,0,0,186,Validation
0.35360136,0.357386932,0.124829129,0,0,0,1,0,0,0,0,0,0,0,0,0,0,0,1,0,0,0,0,268,Validation
-0.847327599,-0.935387468,-0.41188661,0,0,1,0,1,0,0,0,0,0,0,0,0,0,0,0,0,0,0,0,223,Validation
-0.847327599,-0.935387468,-0.833591833,0,0,1,0,0,0,0,0,0,0,0,0,0,1,0,0,0,0,0,0,201,Validation
-0.046708293,0.357386932,-0.181865579,0,0,1,0,0,1,0,0,0,0,0,0,0,0,0,0,0,0,0,0,237,Validation
1.554530319,1.650161332,1.006576414,0,0,1,0,0,0,0,1,0,0,0,0,0,0,0,0,0,0,0,0,308,Validation
-0.847327599,-0.935387468,-0.41188661,0,0,1,0,0,0,1,0,0,0,0,0,0,0,0,0,0,0,0,0,227,Validation
0.753911013,1.650161332,1.006576414,0,0,1,0,0,0,1,0,0,0,0,0,0,0,0,0,0,0,0,0,313,Validation
-1.00745146,-0.935387468,-0.871928672,0,0,0,1,0,0,0,0,0,0,0,0,0,0,1,0,0,0,0,0,199,Validation
-1.00745146,-0.935387468,-0.871928672,0,0,0,1,0,0,0,0,0,0,0,0,0,1,0,0,0,0,0,0,199,Validation
1.954839972,1.650161332,1.006576414,0,0,1,0,1,0,0,0,0,0,0,0,0,0,0,0,0,0,0,0,308,Validation
-0.046708293,0.357386932,0.009818613,0,0,1,0,0,0,0,0,0,0,0,0,0,0,0,0,0,1,0,0,254,Validation
0.35360136,0.357386932,-0.028518225,0,0,0,1,0,0,0,0,0,0,0,0,0,0,0,1,0,0,0,0,251,Validation
-0.046708293,0.357386932,0.508197513,0,0,1,0,1,0,0,0,0,0,0,0,0,0,0,0,0,0,0,0,284,Validation
0.593787152,0.357386932,0.239839644,0,0,1,0,0,0,0,1,0,0,0,0,0,0,0,0,0,0,0,0,267,Validation
-0.847327599,-0.935387468,-0.335212933,0,0,1,0,0,0,0,1,0,0,0,0,0,0,0,0,0,0,0,0,232,Validation
0.43366329,0.357386932,0.316513321,0,0,0,1,0,1,0,0,0,0,0,0,0,0,0,0,0,0,0,0,271,Validation
1.554530319,1.650161332,2.578386791,0,1,0,0,0,0,0,0,0,0,1,0,0,0,0,0,0,0,0,0,291,Validation
0.43366329,0.357386932,0.316513321,0,0,0,1,0,0,0,0,0,0,0,0,0,0,0,1,0,0,0,0,270,Validation
-0.847327599,-0.935387468,-0.41188661,0,0,1,0,0,0,1,0,0,0,0,0,0,0,0,0,0,0,0,0,227,Validation
-0.847327599,-0.935387468,-0.335212933,0,0,1,0,0,0,1,0,0,0,0,0,0,0,0,0,0,0,0,0,232,Validation
-0.847327599,-0.935387468,-0.756918156,0,0,0,1,0,0,0,0,0,0,0,0,0,1,0,0,0,0,0,0,208,Validation
0.35360136,0.357386932,0.661544867,0,0,0,1,0,0,0,0,0,0,1,0,0,0,0,0,0,0,0,0,295,Validation
1.794716111,1.650161332,2.693397307,0,1,0,0,0,0,0,0,0,0,1,0,0,0,0,0,0,0,0,0,295,Validation
-0.527079877,-0.935387468,-0.488560287,0,0,0,1,0,0,0,0,0,0,0,0,0,0,0,1,0,0,0,0,218,Validation
-1.167575321,-0.935387468,-1.025276026,0,0,0,1,0,0,1,0,0,0,0,0,0,0,0,0,0,0,0,0,186,Validation
-0.447017946,-0.935387468,-0.335212933,0,0,0,1,0,0,0,0,0,0,0,0,0,0,0,1,0,0,0,0,232,Validation
1.554530319,1.650161332,0.891565898,0,0,0,1,0,0,0,0,0,0,0,0,0,0,1,0,0,0,0,0,307,Validation
-1.00745146,-0.935387468,-0.986939187,0,0,0,1,1,0,0,0,0,0,0,0,0,0,0,0,0,0,0,0,192,Validation
1.954839972,1.650161332,2.655060468,0,0,1,0,0,0,0,0,0,0,0,0,0,0,0,0,1,0,0,0,407,Validation
1.794716111,1.650161332,2.731734145,0,1,0,0,0,0,0,0,0,0,1,0,0,0,0,0,0,0,0,0,315,Validation
1.794716111,1.650161332,2.195018406,0,0,0,1,0,0,0,0,0,0,0,0,0,0,0,0,0,0,1,0,380,Validation
1.71465418,2.942935732,1.619965829,0,0,1,0,0,0,0,0,0,0,0,0,0,0,0,0,0,1,0,0,349,Validation
0.753911013,0.357386932,0.738218544,0,0,0,1,0,0,0,0,0,1,0,0,0,0,0,0,0,0,0,0,292,Validation
0.35360136,0.357386932,0.699881706,0,0,0,1,0,0,0,0,0,0,1,0,0,0,0,0,0,0,0,0,295,Validation
-1.167575321,-0.935387468,-0.986939187,0,0,0,1,1,0,0,0,0,0,0,0,0,0,0,0,0,0,0,0,192,Validation
-0.046708293,0.357386932,-0.526897125,0,0,1,0,1,0,0,0,0,0,0,0,0,0,0,0,0,0,0,0,227,Validation
0.35360136,0.357386932,0.08649229,0,0,1,0,0,0,1,0,0,0,0,0,0,0,0,0,0,0,0,0,253,Validation
2.515273486,1.650161332,0.35485016,0,0,1,0,0,0,0,0,0,0,0,0,0,0,1,0,0,0,0,0,273,Validation
-0.046708293,0.357386932,0.048155452,0,0,1,0,0,0,1,0,0,0,0,0,0,0,0,0,0,0,0,0,257,Validation
0.43366329,0.357386932,0.201502806,0,0,0,1,0,1,0,0,0,0,0,0,0,0,0,0,0,0,0,0,260,Validation
-0.046708293,0.357386932,0.35485016,0,0,1,0,0,0,0,0,0,0,0,0,0,0,0,0,1,0,0,0,276,Validation
-0.847327599,-0.935387468,-0.603570802,0,0,0,1,0,0,0,0,0,0,0,0,0,1,0,0,0,0,0,0,217,Validation
-0.447017946,-0.935387468,-0.526897125,0,0,0,1,0,0,0,0,0,0,0,0,0,0,0,1,0,0,0,0,220,Validation
-0.607141807,-0.935387468,-0.526897125,0,0,0,1,0,0,0,0,0,0,0,0,0,0,1,0,0,0,0,0,219,Validation
-1.327699183,-0.935387468,-1.255297057,0,0,0,1,0,0,0,0,0,0,0,0,0,1,0,0,0,0,0,0,175,Validation
1.074158735,1.650161332,0.508197513,0,0,1,0,1,0,0,0,0,0,0,0,0,0,0,0,0,0,0,0,283,Validation
-0.847327599,-0.935387468,-1.140286541,0,0,1,0,1,0,0,0,0,0,0,0,0,0,0,0,0,0,0,0,179,Validation
-0.847327599,-0.935387468,-0.871928672,0,0,0,1,0,0,1,0,0,0,0,0,0,0,0,0,0,0,0,0,196,Validation
-0.046708293,0.357386932,-0.181865579,1,0,0,0,0,0,0,0,0,0,0,0,0,0,0,0,1,0,0,0,278,Validation
1.874778041,1.650161332,2.885081499,0,0,0,1,0,0,0,0,0,0,0,0,0,0,0,0,0,0,0,1,421,Validation
1.554530319,1.650161332,2.540049953,0,1,0,0,0,0,0,0,0,0,1,0,0,0,0,0,0,0,0,0,288,Validation
-0.847327599,-0.935387468,-0.641907641,0,0,1,0,1,0,0,0,0,0,0,0,0,0,0,0,0,0,0,0,214,Validation
-0.527079877,-0.935387468,1.083250091,0,1,0,0,0,0,0,0,0,0,0,0,0,0,0,1,0,0,0,0,223,Validation
-1.247637252,-1.581774668,-0.948602349,0,0,0,1,0,0,0,0,0,0,0,0,0,0,0,1,0,0,0,0,196,Validation
0.43366329,0.357386932,0.239839644,0,0,0,1,0,0,1,0,0,0,0,0,0,0,0,0,0,0,0,0,262,Validation
1.234282596,1.650161332,0.58487119,0,0,1,0,0,0,1,0,0,0,0,0,0,0,0,0,0,0,0,0,283,Validation
-1.00745146,-0.935387468,-0.833591833,0,0,0,1,0,0,1,0,0,0,0,0,0,0,0,0,0,0,0,0,198,Validation
-0.847327599,-0.935387468,-0.91026551,0,0,1,0,1,0,0,0,0,0,0,0,0,0,0,0,0,0,0,0,197,Validation
2.114963833,1.650161332,1.006576414,0,0,0,1,0,1,0,0,0,0,0,0,0,0,0,0,0,0,0,0,308,Validation
0.593787152,0.357386932,0.163165967,0,0,1,0,0,0,0,1,0,0,0,0,0,0,0,0,0,0,0,0,260,Validation
0.35360136,0.357386932,-0.066855064,0,0,1,0,1,0,0,0,0,0,0,0,0,0,0,0,0,0,0,0,244,Validation
-0.847327599,-0.935387468,-0.948602349,0,0,1,0,1,0,0,0,0,0,0,0,0,0,0,0,0,0,0,0,194,Validation
0.193477499,0.357386932,0.239839644,0,0,0,1,0,0,0,0,0,0,0,0,0,0,0,1,0,0,0,0,262,Validation
0.35360136,0.357386932,0.623208029,0,0,0,1,0,1,0,0,0,0,0,0,0,0,0,0,0,0,0,0,291,Validation
1.074158735,1.650161332,0.508197513,0,0,1,0,0,0,0,0,0,0,0,0,0,0,1,0,0,0,0,0,283,Validation
1.554530319,1.650161332,0.814892221,0,0,1,0,0,0,0,0,0,0,0,0,0,0,0,1,0,0,0,0,303,Validation
-0.046708293,0.357386932,0.431523836,0,0,1,0,0,1,0,0,0,0,0,0,0,0,0,0,0,0,0,0,280,Validation
-1.327699183,-0.935387468,-1.063612864,0,0,0,1,0,0,0,1,0,0,0,0,0,0,0,0,0,0,0,0,186,Validation
-1.247637252,-1.581774668,-0.603570802,0,0,1,0,0,0,0,0,0,0,0,0,0,1,0,0,0,0,0,0,215,Validation
-0.046708293,0.357386932,0.201502806,0,0,1,0,0,0,0,0,0,0,0,0,0,0,0,0,0,1,0,0,265,Validation
-0.447017946,-0.289000268,-0.258539256,0,0,0,1,0,0,0,0,0,0,0,0,0,1,0,0,0,0,0,0,232,Validation
-0.447017946,-0.935387468,-0.603570802,0,0,0,1,0,1,0,0,0,0,0,0,0,0,0,0,0,0,0,0,212,Validation
-0.847327599,-0.935387468,-1.255297057,0,0,0,1,1,0,0,0,0,0,0,0,0,0,0,0,0,0,0,0,176,Validation
1.074158735,1.650161332,0.508197513,0,0,1,0,0,1,0,0,0,0,0,0,0,0,0,0,0,0,0,0,283,Validation
0.994096805,0.357386932,1.236597445,0,0,0,1,0,0,0,0,0,0,1,0,0,0,0,0,0,0,0,0,329,Validation
0.43366329,0.357386932,1.083250091,0,0,1,0,0,0,0,0,0,0,0,0,0,0,0,0,1,0,0,0,313,Validation
0.753911013,0.357386932,1.658302668,0,0,1,0,0,0,0,0,0,0,0,0,0,0,0,0,0,1,0,0,352,Validation
0.193477499,0.357386932,1.964997376,0,1,0,0,0,0,0,0,0,0,1,0,0,0,0,0,0,0,0,0,265,Validation
1.314344527,1.650161332,0.35485016,0,0,1,0,0,0,0,0,0,0,0,0,0,0,1,0,0,0,0,0,269,Validation
-0.847327599,-0.935387468,-0.718581318,0,0,0,1,1,0,0,0,0,0,0,0,0,0,0,0,0,0,0,0,205,Validation
-0.847327599,-0.935387468,0.163165967,0,0,0,1,0,0,0,0,0,0,0,0,0,0,0,1,0,0,0,0,262,Validation
-0.046708293,0.357386932,0.124829129,0,0,1,0,0,0,0,0,0,0,0,0,1,0,0,0,0,0,0,0,261,Validation
2.515273486,1.650161332,1.35160796,0,0,1,0,0,0,0,0,0,0,1,0,0,0,0,0,0,0,0,0,329,Validation
-0.607141807,-0.935387468,0.278176483,0,0,0,1,0,0,0,0,0,0,0,0,0,0,0,1,0,0,0,0,269,Validation
-0.046708293,0.357386932,-0.028518225,0,0,1,0,0,1,0,0,0,0,0,0,0,0,0,0,0,0,0,0,246,Validation
-0.447017946,-0.289000268,-0.181865579,0,0,1,0,0,0,0,0,0,0,0,0,0,0,1,0,0,0,0,0,241,Validation
1.074158735,1.650161332,1.159923768,0,0,1,0,0,0,1,0,0,0,0,0,0,0,0,0,0,0,0,0,322,Validation
-0.447017946,-0.935387468,-0.488560287,0,0,0,1,0,0,0,0,0,0,0,0,0,0,0,1,0,0,0,0,220,Validation
1.794716111,1.650161332,0.738218544,0,0,0,1,0,0,0,0,0,0,1,0,0,0,0,0,0,0,0,0,298,Validation
-0.046708293,0.357386932,-0.488560287,0,0,1,0,1,0,0,0,0,0,0,0,0,0,0,0,0,0,0,0,223,Validation
-0.847327599,-0.935387468,-0.871928672,0,0,0,1,0,0,0,0,0,0,0,0,0,0,0,1,0,0,0,0,199,Validation
-0.847327599,-0.935387468,-0.526897125,0,0,1,0,0,0,0,0,0,0,0,0,0,0,0,1,0,0,0,0,216,Validation
2.034901902,1.650161332,1.006576414,0,0,0,1,0,0,0,0,0,0,1,0,0,0,0,0,0,0,0,0,315,Validation
-0.046708293,0.357386932,0.08649229,0,0,1,0,0,0,0,0,0,0,0,0,0,0,1,0,0,0,0,0,257,Validation
0.273539429,0.357386932,-0.028518225,0,0,1,0,0,0,0,0,0,0,0,0,0,0,0,0,0,1,0,0,250,Validation
1.314344527,1.650161332,0.239839644,0,0,1,0,0,0,1,0,0,0,0,0,0,0,0,0,0,0,0,0,262,Validation
0.753911013,1.650161332,0.35485016,0,0,1,0,1,0,0,0,0,0,0,0,0,0,0,0,0,0,0,0,268,Validation
-0.847327599,-0.935387468,-0.603570802,0,0,1,0,0,0,0,0,0,0,0,0,0,0,0,1,0,0,0,0,215,Validation
-0.527079877,-0.935387468,-0.028518225,0,0,0,1,0,0,0,0,0,0,0,0,0,0,0,1,0,0,0,0,253,Validation
-0.046708293,0.357386932,0.469860675,0,0,1,0,0,0,0,0,0,0,0,0,0,0,0,0,1,0,0,0,281,Validation
-0.847327599,-0.935387468,-0.258539256,0,0,0,1,0,0,0,0,0,0,0,0,0,0,0,1,0,0,0,0,232,Validation
2.114963833,1.650161332,2.156681568,0,0,0,1,0,0,0,0,0,0,0,0,0,0,0,0,1,0,0,0,384,Validation
0.43366329,0.357386932,0.508197513,0,0,0,1,0,0,0,0,0,0,0,0,0,0,0,1,0,0,0,0,278,Validation
0.273539429,0.357386932,-0.028518225,0,0,1,0,0,0,0,1,0,0,0,0,0,0,0,0,0,0,0,0,251,Validation
-1.167575321,-0.935387468,-1.216960218,0,0,0,1,0,0,0,0,0,0,0,0,0,0,1,0,0,0,0,0,180,Validation
1.554530319,1.650161332,1.044913252,0,0,0,1,0,0,0,0,0,0,1,0,0,0,0,0,0,0,0,0,317,Validation
-0.847327599,-0.935387468,-0.641907641,0,0,1,0,0,0,1,0,0,0,0,0,0,0,0,0,0,0,0,0,209,Validation
0.35360136,0.357386932,2.003334214,0,1,0,0,0,1,0,0,0,0,0,0,0,0,0,0,0,0,0,0,267,Validation
-0.447017946,-0.935387468,-1.140286541,0,0,0,1,1,0,0,0,0,0,0,0,0,0,0,0,0,0,0,0,183,Validation
2.515273486,1.650161332,0.163165967,0,0,1,0,0,0,0,0,0,0,0,0,0,0,0,0,0,1,0,0,258,Validation
-0.046708293,0.357386932,1.466618475,0,0,1,0,0,0,0,0,0,0,0,0,0,0,0,1,0,0,0,0,339,Validation
-1.167575321,-0.935387468,-1.255297057,0,0,1,0,1,0,0,0,0,0,0,0,0,0,0,0,0,0,0,0,172,Validation
-0.847327599,-0.935387468,-0.680244479,0,0,0,1,0,0,0,0,0,0,0,0,1,0,0,0,0,0,0,0,214,Validation
-1.00745146,-0.935387468,-1.331970734,0,0,0,1,0,0,1,0,0,0,0,0,0,0,0,0,0,0,0,0,171,Validation
-0.847327599,-0.935387468,-0.105191902,0,0,0,1,0,0,0,0,0,0,0,0,0,0,0,1,0,0,0,0,245,Validation
0.193477499,0.357386932,0.124829129,0,0,0,1,0,0,0,0,0,0,0,0,0,0,0,1,0,0,0,0,261,Validation
0.753911013,1.650161332,1.159923768,0,0,1,0,0,0,0,0,0,0,0,0,0,0,0,0,0,1,0,0,322,Validation
0.994096805,0.357386932,0.699881706,0,0,0,1,0,0,0,0,0,0,1,0,0,0,0,0,0,0,0,0,296,Validation
0.43366329,0.357386932,0.201502806,0,0,0,1,0,0,0,0,0,0,0,0,0,0,0,1,0,0,0,0,265,Validation
0.513725221,0.357386932,0.393186998,0,0,1,0,0,0,0,0,0,0,0,0,0,0,0,0,0,1,0,0,278,Validation
-0.126770224,0.357386932,0.316513321,0,0,1,0,0,0,1,0,0,0,0,0,0,0,0,0,0,0,0,0,271,Validation
-0.447017946,-0.935387468,0.891565898,0,1,0,0,0,0,0,0,0,0,0,0,0,0,0,1,0,0,0,0,218,Validation
-0.527079877,-0.935387468,-0.373549772,0,0,0,1,0,0,0,0,0,0,0,0,0,0,0,1,0,0,0,0,229,Validation
0.753911013,0.357386932,0.968239575,0,0,0,1,0,0,0,0,0,1,0,0,0,0,0,0,0,0,0,0,306,Validation
0.593787152,0.357386932,0.393186998,0,0,1,0,0,0,0,0,0,0,0,0,0,0,0,0,0,1,0,0,277,Validation
-0.847327599,-0.935387468,-0.41188661,0,0,0,1,0,1,0,0,0,0,0,0,0,0,0,0,0,0,0,0,230,Validation
0.35360136,0.357386932,-0.181865579,0,0,0,1,0,0,0,0,0,0,0,0,0,0,0,1,0,0,0,0,240,Validation
-0.847327599,-0.935387468,-0.220202418,0,0,1,0,0,0,1,0,0,0,0,0,0,0,0,0,0,0,0,0,235,Validation
0.593787152,0.357386932,0.431523836,0,0,1,0,0,0,0,1,0,0,0,0,0,0,0,0,0,0,0,0,278,Validation
-1.167575321,-0.935387468,-1.255297057,0,0,0,1,0,0,1,0,0,0,0,0,0,0,0,0,0,0,0,0,178,Validation
-0.286894085,-0.935387468,0.048155452,0,0,0,1,0,0,0,0,0,1,0,0,0,0,0,0,0,0,0,0,251,Validation
0.43366329,0.357386932,0.58487119,0,0,0,1,0,0,0,0,0,0,0,0,0,0,0,0,1,0,0,0,283,Validation
0.35360136,0.357386932,-0.603570802,0,0,0,1,0,0,1,0,0,0,0,0,0,0,0,0,0,0,0,0,215,Validation
-0.046708293,0.357386932,0.163165967,0,0,0,1,1,0,0,0,0,0,0,0,0,0,0,0,0,0,0,0,258,Validation
2.675397347,1.650161332,0.814892221,0,0,1,0,0,1,0,0,0,0,0,0,0,0,0,0,0,0,0,0,302,Validation
-0.847327599,-0.935387468,-0.641907641,0,0,1,0,1,0,0,0,0,0,0,0,0,0,0,0,0,0,0,0,209,Validation
0.43366329,0.357386932,-0.066855064,0,0,0,1,0,1,0,0,0,0,0,0,0,0,0,0,0,0,0,0,248,Validation
-0.847327599,-0.935387468,-2.290391696,0,0,0,1,0,0,1,0,0,0,0,0,0,0,0,0,0,0,0,0,110,Validation
0.753911013,1.650161332,1.389944798,0,0,1,0,0,0,0,0,0,0,0,0,0,0,1,0,0,0,0,0,337,Validation
-0.847327599,-0.935387468,-0.565233964,0,0,0,1,0,0,1,0,0,0,0,0,0,0,0,0,0,0,0,0,220,Validation
1.794716111,1.650161332,2.61672363,0,1,0,0,0,0,0,0,0,0,0,0,0,0,0,0,1,0,0,0,288,Validation
0.43366329,0.357386932,0.58487119,0,0,0,1,0,0,0,0,0,0,0,0,0,0,0,0,1,0,0,0,283,Validation
-1.327699183,-0.935387468,-0.756918156,0,0,0,1,0,0,0,0,0,0,0,0,0,0,0,1,0,0,0,0,208,Validation
1.074158735,1.650161332,1.159923768,0,0,1,0,0,0,1,0,0,0,0,0,0,0,0,0,0,0,0,0,317,Validation
1.554530319,1.650161332,0.814892221,0,0,1,0,0,0,0,0,0,0,0,0,0,0,0,0,1,0,0,0,305,Validation
-0.046708293,0.357386932,-0.220202418,0,0,1,0,0,0,0,0,0,0,0,0,0,0,1,0,0,0,0,0,238,Validation
-0.847327599,-0.935387468,-0.066855064,0,0,1,0,0,0,0,0,0,0,0,0,0,0,0,0,1,0,0,0,249,Validation
0.753911013,1.650161332,2.11834473,0,0,1,0,0,0,0,0,0,0,0,0,0,0,0,0,1,0,0,0,378,Validation
0.43366329,0.357386932,0.968239575,0,0,0,1,0,0,0,0,0,0,0,0,0,0,0,1,0,0,0,0,312,Validation
-0.046708293,0.357386932,0.163165967,0,0,1,0,0,0,1,0,0,0,0,0,0,0,0,0,0,0,0,0,262,Validation
-0.847327599,-0.935387468,-0.220202418,0,0,1,0,0,0,0,0,0,0,0,0,0,0,0,1,0,0,0,0,240,Validation
-1.167575321,-0.935387468,-0.680244479,0,0,1,0,1,0,0,0,0,0,0,0,0,0,0,0,0,0,0,0,207,Validation
-0.527079877,-0.935387468,0.35485016,0,1,0,0,0,0,1,0,0,0,0,0,0,0,0,0,0,0,0,0,192,Validation
1.794716111,1.650161332,2.195018406,0,0,0,1,0,0,0,0,0,0,0,0,0,0,0,0,0,0,0,1,380,Validation
-0.847327599,-0.935387468,-0.220202418,0,0,0,1,0,0,0,0,0,0,0,0,0,0,0,1,0,0,0,0,240,Validation
1.794716111,1.650161332,1.389944798,0,0,0,1,0,0,0,0,0,0,1,0,0,0,0,0,0,0,0,0,339,Validation
1.954839972,1.650161332,2.731734145,0,0,1,0,0,0,0,0,0,0,0,0,0,0,0,0,1,0,0,0,401,Validation
-0.527079877,-0.935387468,-0.526897125,0,0,0,1,0,0,0,0,0,0,0,0,0,0,0,1,0,0,0,0,216,Validation
-0.847327599,-0.935387468,-0.565233964,0,0,0,1,0,0,0,0,0,0,0,1,0,0,0,0,0,0,0,0,219,Validation
-1.00745146,-0.935387468,-1.140286541,0,0,0,1,0,0,0,0,0,0,0,0,0,1,0,0,0,0,0,0,181,Validation
-0.847327599,-0.935387468,-0.526897125,0,0,1,0,0,0,0,0,0,0,0,0,0,1,0,0,0,0,0,0,221,Validation
1.074158735,1.650161332,0.546534352,0,0,1,0,0,0,0,0,0,0,0,0,0,0,1,0,0,0,0,0,286,Validation
0.753911013,0.357386932,1.044913252,0,0,0,1,0,0,0,0,0,1,0,0,0,0,0,0,0,0,0,0,317,Validation
-0.447017946,-0.935387468,-0.028518225,0,0,1,0,0,0,0,0,0,0,0,0,0,0,0,0,0,1,0,0,249,Validation
0.753911013,0.357386932,1.159923768,0,0,0,1,0,0,0,0,0,0,0,0,0,0,0,0,1,0,0,0,321,Validation
-1.00745146,-0.935387468,-1.907023311,0,0,0,1,0,0,0,0,0,0,0,0,1,0,0,0,0,0,0,0,135,Validation
0.513725221,0.357386932,0.124829129,0,0,1,0,0,0,0,0,0,0,0,0,0,0,0,0,0,1,0,0,261,Validation
-0.527079877,-0.935387468,-0.373549772,0,0,0,1,0,0,0,0,0,0,0,0,0,0,0,1,0,0,0,0,230,Validation
-0.046708293,0.357386932,-0.105191902,0,0,1,0,1,0,0,0,0,0,0,0,0,0,0,0,0,0,0,0,248,Validation
1.794716111,1.650161332,2.425039437,0,1,0,0,0,0,0,0,0,0,0,0,0,0,0,0,1,0,0,0,284,Validation
1.954839972,1.650161332,1.888323699,0,0,1,0,0,0,0,0,0,0,0,0,0,0,0,0,1,0,0,0,367,Validation
-0.447017946,-0.935387468,-1.255297057,0,0,0,1,0,0,0,0,0,0,0,0,0,0,0,1,0,0,0,0,176,Validation
-0.527079877,-0.935387468,0.124829129,0,0,0,1,0,0,0,0,0,0,0,0,0,0,0,1,0,0,0,0,259,Validation
-0.527079877,-0.935387468,-0.220202418,0,0,0,1,0,0,0,0,0,0,0,0,0,0,0,1,0,0,0,0,235,Validation
-0.447017946,-0.935387468,-0.220202418,0,0,0,1,0,0,0,0,0,0,0,1,0,0,0,0,0,0,0,0,235,Validation
-0.447017946,-0.935387468,-0.91026551,0,0,0,1,0,0,1,0,0,0,0,0,0,0,0,0,0,0,0,0,196,Validation
0.193477499,0.357386932,0.163165967,0,0,0,1,0,0,0,0,0,0,1,0,0,0,0,0,0,0,0,0,263,Validation
0.43366329,0.357386932,0.163165967,0,0,0,1,0,1,0,0,0,0,0,0,0,0,0,0,0,0,0,0,258,Validation
-1.167575321,-0.935387468,-0.795254995,0,0,1,0,0,0,1,0,0,0,0,0,0,0,0,0,0,0,0,0,204,Validation
-0.847327599,-0.935387468,-0.181865579,0,0,1,0,0,0,0,0,0,0,0,0,0,0,0,1,0,0,0,0,241,Validation
-0.447017946,-0.935387468,-1.485318087,0,0,0,1,0,0,1,0,0,0,0,0,0,0,0,0,0,0,0,0,164,Validation
-0.046708293,0.357386932,0.814892221,0,0,1,0,0,1,0,0,0,0,0,0,0,0,0,0,0,0,0,0,302,Validation
1.954839972,1.650161332,0.968239575,0,0,1,0,0,0,1,0,0,0,0,0,0,0,0,0,0,0,0,0,306,Validation
-1.00745146,-0.935387468,-0.526897125,0,0,0,1,0,0,0,0,0,0,0,0,0,1,0,0,0,0,0,0,220,Validation
-0.847327599,-0.935387468,-0.641907641,0,0,1,0,0,0,1,0,0,0,0,0,0,0,0,0,0,0,0,0,213,Validation
0.43366329,0.357386932,2.041671053,0,1,0,0,0,1,0,0,0,0,0,0,0,0,0,0,0,0,0,0,268,Validation
-0.847327599,-0.935387468,-1.063612864,0,0,0,1,0,0,0,0,0,0,0,0,0,0,0,1,0,0,0,0,184,Validation
-1.327699183,-0.935387468,-0.756918156,0,0,0,1,0,0,0,0,0,0,0,0,0,0,0,1,0,0,0,0,202,Validation
1.954839972,1.650161332,2.961755176,0,0,1,0,0,0,0,0,0,0,0,0,0,0,0,0,1,0,0,0,417,Validation
-1.327699183,-0.935387468,-0.833591833,0,0,0,1,0,0,0,1,0,0,0,0,0,0,0,0,0,0,0,0,198,Validation
-0.046708293,0.357386932,-0.181865579,0,0,1,0,0,0,1,0,0,0,0,0,0,0,0,0,0,0,0,0,242,Validation
-0.527079877,-0.935387468,0.048155452,0,0,0,1,0,0,0,0,0,0,0,0,0,0,0,1,0,0,0,0,251,Validation
0.113415568,0.357386932,-0.220202418,0,0,0,1,0,0,0,0,0,0,0,0,0,0,0,1,0,0,0,0,240,Validation
-0.527079877,-0.935387468,-0.91026551,0,0,0,1,0,1,0,0,0,0,0,0,0,0,0,0,0,0,0,0,193,Validation
-0.847327599,-0.935387468,-0.526897125,0,0,1,0,1,0,0,0,0,0,0,0,0,0,0,0,0,0,0,0,218,Validation
1.794716111,1.650161332,1.159923768,0,0,0,1,0,0,0,0,0,0,0,0,0,0,0,0,1,0,0,0,317,Validation
0.513725221,0.357386932,-0.066855064,0,0,0,1,0,0,0,0,0,0,0,0,0,0,1,0,0,0,0,0,244,Validation
-0.527079877,-0.935387468,-0.373549772,0,0,0,1,0,0,0,0,0,0,0,1,0,0,0,0,0,0,0,0,225,Validation
2.515273486,1.650161332,0.623208029,0,0,1,0,0,0,0,0,0,0,0,0,0,0,0,0,0,1,0,0,290,Validation
1.554530319,1.650161332,0.968239575,0,0,0,1,0,0,0,0,0,0,1,0,0,0,0,0,0,0,0,0,312,Validation
0.513725221,0.357386932,0.08649229,0,0,1,0,0,0,0,0,0,0,0,0,0,0,0,0,0,1,0,0,253,Validation
0.593787152,0.357386932,0.699881706,0,0,1,0,0,0,0,0,0,0,0,0,0,0,1,0,0,0,0,0,295,Validation
2.515273486,1.650161332,0.776555383,0,0,1,0,1,0,0,0,0,0,0,0,0,0,0,0,0,0,0,0,294,Validation
1.554530319,1.650161332,1.543292152,0,0,0,1,0,0,0,0,0,0,1,0,0,0,0,0,0,0,0,0,340,Validation
-0.847327599,-0.935387468,-0.641907641,0,0,1,0,0,0,1,0,0,0,0,0,0,0,0,0,0,0,0,0,209,Validation
0.43366329,0.357386932,-0.335212933,0,0,0,1,0,0,1,0,0,0,0,0,0,0,0,0,0,0,0,0,233,Validation
-0.847327599,-0.935387468,-0.795254995,0,0,1,0,0,0,0,0,0,0,0,0,0,0,1,0,0,0,0,0,203,Validation
0.35360136,0.357386932,0.316513321,0,0,0,1,0,0,0,0,0,0,1,0,0,0,0,0,0,0,0,0,272,Validation
-0.607141807,-0.935387468,0.009818613,0,0,0,1,0,0,0,0,0,0,0,0,0,0,0,0,1,0,0,0,254,Validation
-0.046708293,0.357386932,-0.91026551,1,0,0,0,0,1,0,0,0,0,0,0,0,0,0,0,0,0,0,0,224,Validation
-0.847327599,-0.935387468,-0.756918156,0,0,0,1,0,0,0,0,0,0,0,0,0,0,0,1,0,0,0,0,202,Validation
-0.847327599,-0.935387468,-1.025276026,0,0,0,1,0,0,1,0,0,0,0,0,0,0,0,0,0,0,0,0,188,Validation
-0.046708293,0.357386932,-0.028518225,0,0,1,0,0,0,0,1,0,0,0,0,0,0,0,0,0,0,0,0,249,Validation
0.35360136,0.357386932,2.080007891,0,1,0,0,0,0,0,0,0,0,0,0,0,0,0,0,1,0,0,0,269,Validation
-0.847327599,-0.935387468,-0.680244479,0,0,1,0,1,0,0,0,0,0,0,0,0,0,0,0,0,0,0,0,207,Validation
-1.327699183,-0.935387468,-1.370307572,0,0,0,1,1,0,0,0,0,0,0,0,0,0,0,0,0,0,0,0,168,Validation
-0.046708293,0.357386932,-0.105191902,0,0,1,0,0,0,0,1,0,0,0,0,0,0,0,0,0,0,0,0,246,Validation
0.753911013,1.650161332,1.121586929,0,0,1,0,1,0,0,0,0,0,0,0,0,0,0,0,0,0,0,0,324,Validation
-0.847327599,-0.935387468,-0.948602349,0,0,1,0,0,0,0,0,0,0,0,0,0,0,1,0,0,0,0,0,196,Validation
-0.046708293,0.357386932,0.163165967,0,0,1,0,0,0,0,1,0,0,0,0,0,0,0,0,0,0,0,0,260,Validation
-0.847327599,-0.935387468,-0.066855064,0,0,0,1,0,0,0,0,0,0,0,0,0,0,0,1,0,0,0,0,249,Validation
-0.527079877,-0.935387468,-0.181865579,0,0,0,1,0,0,0,0,0,0,0,0,0,0,0,1,0,0,0,0,237,Validation
-0.447017946,-0.935387468,-0.450223449,0,0,0,1,0,1,0,0,0,0,0,0,0,0,0,0,0,0,0,0,225,Validation
1.314344527,1.650161332,1.811650022,0,0,1,0,0,0,0,0,0,0,0,0,0,0,0,0,0,1,0,0,356,Validation
0.35360136,0.357386932,0.08649229,0,0,1,0,1,0,0,0,0,0,0,0,0,0,0,0,0,0,0,0,253,Validation
-1.00745146,-0.935387468,-1.101949703,0,0,0,1,1,0,0,0,0,0,0,0,0,0,0,0,0,0,0,0,182,Validation
-0.847327599,-0.935387468,-0.91026551,0,0,1,0,0,0,0,0,0,0,0,0,0,0,1,0,0,0,0,0,195,Validation
0.593787152,0.357386932,0.239839644,0,0,1,0,0,0,0,1,0,0,0,0,0,0,0,0,0,0,0,0,262,Validation
1.71465418,2.942935732,1.543292152,0,0,1,0,0,0,0,0,0,0,0,0,0,0,0,0,0,1,0,0,347,Validation
-0.527079877,-0.935387468,-0.488560287,0,0,0,1,0,0,0,0,0,0,0,0,0,0,0,1,0,0,0,0,222,Validation
-1.327699183,-0.935387468,-1.293633895,0,0,0,1,1,0,0,0,0,0,0,0,0,0,0,0,0,0,0,0,172,Validation
-1.247637252,-0.935387468,-1.523654926,0,0,0,1,1,0,0,0,0,0,0,0,0,0,0,0,0,0,0,0,159,Validation
-0.527079877,-0.935387468,1.006576414,0,1,0,0,0,0,0,0,0,0,0,0,0,0,0,1,0,0,0,0,214,Validation
-0.847327599,-0.935387468,-1.025276026,1,0,0,0,0,0,0,0,0,0,0,0,0,0,0,1,0,0,0,0,218,Validation
0.35360136,0.357386932,0.278176483,0,0,0,1,0,0,0,0,0,0,0,0,0,0,0,0,1,0,0,0,264,Validation
-0.527079877,-0.935387468,-0.373549772,0,0,0,1,0,0,0,0,0,0,0,0,0,0,0,1,0,0,0,0,230,Validation
0.753911013,1.650161332,0.201502806,0,0,1,0,0,0,1,0,0,0,0,0,0,0,0,0,0,0,0,0,263,Validation
1.794716111,1.650161332,2.463376276,0,1,0,0,0,0,0,0,0,0,0,0,0,0,0,0,1,0,0,0,285,Validation
-1.247637252,-1.581774668,-0.641907641,0,0,1,0,0,0,1,0,0,0,0,0,0,0,0,0,0,0,0,0,214,Validation
-1.167575321,-0.935387468,-1.331970734,0,0,0,1,1,0,0,0,0,0,0,0,0,0,0,0,0,0,0,0,173,Validation
-0.527079877,-0.935387468,0.546534352,0,1,0,0,0,0,0,0,0,0,0,0,0,0,0,1,0,0,0,0,195,Validation
0.513725221,0.357386932,1.006576414,0,0,0,1,0,0,0,0,0,0,1,0,0,0,0,0,0,0,0,0,308,Validation
0.113415568,0.357386932,0.316513321,0,0,0,1,0,0,0,0,0,0,0,0,0,0,0,1,0,0,0,0,269,Validation
-0.847327599,-0.935387468,-0.526897125,0,0,0,1,0,0,0,0,0,0,0,1,0,0,0,0,0,0,0,0,220,Validation
-0.046708293,0.357386932,0.163165967,0,0,0,1,0,0,1,0,0,0,0,0,0,0,0,0,0,0,0,0,258,Validation
2.515273486,1.650161332,1.274934283,0,0,1,0,0,0,0,0,0,0,0,0,0,0,0,0,1,0,0,0,331,Validation
-0.847327599,-0.935387468,-0.066855064,0,0,1,0,0,0,0,0,0,0,0,0,0,0,0,1,0,0,0,0,248,Validation
-0.847327599,-0.935387468,-0.603570802,0,0,0,1,0,0,0,0,0,0,0,0,0,0,0,1,0,0,0,0,212,Validation
-0.447017946,-0.935387468,-1.063612864,0,0,0,1,1,0,0,0,0,0,0,0,0,0,0,0,0,0,0,0,184,Validation
-0.847327599,-0.935387468,-0.91026551,0,0,1,0,0,0,0,0,0,0,0,0,0,1,0,0,0,0,0,0,197,Validation
-1.327699183,-0.935387468,-0.756918156,0,0,0,1,0,0,0,0,0,0,0,0,0,0,0,1,0,0,0,0,202,Validation
-1.327699183,-0.935387468,-0.795254995,0,0,0,1,0,0,0,1,0,0,0,0,0,0,0,0,0,0,0,0,202,Validation
-1.00745146,-0.935387468,-1.331970734,0,0,0,1,0,0,1,0,0,0,0,0,0,0,0,0,0,0,0,0,172,Validation
0.593787152,0.357386932,0.316513321,0,0,1,0,0,0,0,1,0,0,0,0,0,0,0,0,0,0,0,0,267,Validation
-0.847327599,-0.935387468,-1.638665441,1,0,0,0,1,0,0,0,0,0,0,0,0,0,0,0,0,0,0,0,177,Validation
-0.527079877,-0.935387468,-0.526897125,0,0,0,1,0,0,0,0,0,0,0,0,0,0,0,1,0,0,0,0,221,Validation
-0.046708293,0.357386932,-0.143528741,0,0,1,0,0,0,0,0,0,0,0,0,0,0,1,0,0,0,0,0,242,Validation
0.43366329,0.357386932,0.08649229,0,0,0,1,0,0,1,0,0,0,0,0,0,0,0,0,0,0,0,0,253,Validation
-0.447017946,-0.935387468,0.08649229,0,0,1,0,0,0,0,0,0,0,0,0,0,0,0,0,0,1,0,0,257,Validation
1.71465418,2.942935732,2.156681568,0,0,1,0,0,0,0,0,0,0,0,0,0,0,0,0,0,1,0,0,377,Validation
-0.046708293,0.357386932,-0.680244479,1,0,0,0,0,0,0,0,0,0,0,0,0,0,0,1,0,0,0,0,244,Validation
-0.847327599,-0.935387468,0.58487119,0,0,1,0,1,0,0,0,0,0,0,0,0,0,0,0,0,0,0,0,283,Validation
0.753911013,1.650161332,0.776555383,0,0,1,0,0,0,1,0,0,0,0,0,0,0,0,0,0,0,0,0,298,Validation
0.753911013,0.357386932,1.198260606,0,0,1,0,0,0,0,0,0,0,0,0,0,0,0,0,0,1,0,0,324,Validation
-1.00745146,-0.935387468,-2.17538118,0,0,0,1,0,0,1,0,0,0,0,0,0,0,0,0,0,0,0,0,122,Validation
2.515273486,1.650161332,2.655060468,0,0,1,0,0,0,0,0,0,0,0,0,0,0,0,0,1,0,0,0,413,Validation
-1.247637252,-1.581774668,-0.91026551,0,0,1,0,0,0,1,0,0,0,0,0,0,0,0,0,0,0,0,0,197,Validation
-0.447017946,-0.935387468,-1.140286541,0,0,0,1,0,0,1,0,0,0,0,0,0,0,0,0,0,0,0,0,181,Validation
1.074158735,1.650161332,0.738218544,0,0,1,0,0,1,0,0,0,0,0,0,0,0,0,0,0,0,0,0,292,Validation
-0.847327599,-0.935387468,-0.680244479,0,0,0,1,0,0,0,0,0,0,0,0,0,1,0,0,0,0,0,0,207,Validation
0.43366329,0.357386932,0.469860675,0,0,0,1,0,0,0,0,0,0,0,0,0,0,0,1,0,0,0,0,276,Validation
-0.447017946,-0.935387468,0.546534352,0,0,1,0,1,0,0,0,0,0,0,0,0,0,0,0,0,0,0,0,281,Validation
-0.847327599,-0.935387468,0.201502806,0,0,0,1,0,0,0,0,0,0,0,0,0,0,0,1,0,0,0,0,261,Validation
-0.847327599,-0.935387468,-0.450223449,0,0,1,0,0,0,0,0,0,0,0,0,0,0,0,1,0,0,0,0,225,Validation
1.314344527,1.650161332,0.239839644,0,0,1,0,0,0,0,0,0,0,0,0,0,0,1,0,0,0,0,0,268,Validation
1.554530319,1.650161332,1.658302668,0,0,1,0,0,0,0,0,0,0,0,0,0,0,0,0,1,0,0,0,347,Validation
-0.607141807,-0.935387468,-0.373549772,0,0,0,1,0,0,0,0,0,0,0,0,0,0,1,0,0,0,0,0,230,Validation
-0.847327599,-0.935387468,-1.907023311,0,0,0,1,0,0,1,0,0,0,0,0,0,0,0,0,0,0,0,0,136,Validation
0.43366329,0.357386932,0.776555383,0,0,0,1,0,0,0,0,0,0,0,0,0,0,0,0,1,0,0,0,300,Validation
-1.167575321,-0.935387468,-1.101949703,0,0,0,1,1,0,0,0,0,0,0,0,0,0,0,0,0,0,0,0,182,Validation
-0.527079877,-0.935387468,-0.373549772,0,0,0,1,0,0,0,0,0,0,0,0,0,0,0,1,0,0,0,0,230,Validation
-1.247637252,-0.935387468,-1.523654926,0,0,0,1,0,0,0,0,0,0,0,0,0,1,0,0,0,0,0,0,156,Validation
-1.167575321,-0.935387468,-1.101949703,0,0,0,1,1,0,0,0,0,0,0,0,0,0,0,0,0,0,0,0,185,Validation
-0.447017946,-0.935387468,-2.17538118,0,0,0,1,0,0,1,0,0,0,0,0,0,0,0,0,0,0,0,0,121,Validation
-0.447017946,-0.935387468,-2.252054857,0,0,0,1,0,0,1,0,0,0,0,0,0,0,0,0,0,0,0,0,113,Validation
1.71465418,2.942935732,1.964997376,0,0,1,0,0,0,0,0,0,0,0,0,0,0,0,0,0,1,0,0,366,Validation
0.43366329,0.357386932,0.201502806,0,0,0,1,0,0,0,0,0,0,0,0,0,0,0,0,1,0,0,0,265,Validation
1.074158735,1.650161332,0.738218544,0,0,1,0,0,1,0,0,0,0,0,0,0,0,0,0,0,0,0,0,292,Validation
-0.847327599,-0.935387468,-1.216960218,0,0,1,0,1,0,0,0,0,0,0,0,0,0,0,0,0,0,0,0,177,Validation
-0.847327599,-0.935387468,-0.756918156,0,0,1,0,1,0,0,0,0,0,0,0,0,0,0,0,0,0,0,0,202,Validation
-0.847327599,-0.935387468,-0.335212933,0,0,1,0,1,0,0,0,0,0,0,0,0,0,0,0,0,0,0,0,232,Validation
-0.847327599,-0.935387468,-0.718581318,0,0,1,0,0,0,0,0,0,0,0,0,0,0,1,0,0,0,0,0,205,Validation
-0.527079877,-0.935387468,-0.296876095,0,0,0,1,0,0,0,0,0,0,0,0,0,0,0,1,0,0,0,0,230,Validation
0.43366329,0.357386932,0.508197513,0,0,0,1,0,0,0,0,0,0,0,0,0,0,0,1,0,0,0,0,285,Validation
0.43366329,0.357386932,0.393186998,0,0,0,1,0,0,0,0,0,0,0,0,0,0,0,0,1,0,0,0,276,Validation
-0.046708293,0.357386932,-1.025276026,1,0,0,0,0,0,1,0,0,0,0,0,0,0,0,0,0,0,0,0,217,Validation
-0.527079877,-0.935387468,-0.373549772,0,0,0,1,0,0,0,0,0,0,0,0,0,0,0,1,0,0,0,0,225,Validation
-1.167575321,-0.935387468,-1.140286541,0,0,1,0,1,0,0,0,0,0,0,0,0,0,0,0,0,0,0,0,179,Validation
-0.847327599,-0.935387468,-0.986939187,0,0,1,0,0,0,0,0,0,0,0,0,0,0,1,0,0,0,0,0,193,Validation
-0.847327599,-0.935387468,-0.91026551,0,0,0,1,1,0,0,0,0,0,0,0,0,0,0,0,0,0,0,0,193,Validation
0.994096805,0.357386932,1.658302668,0,0,0,1,0,0,0,0,0,0,0,0,0,0,0,0,0,0,1,0,347,Validation
-0.847327599,-0.935387468,0.201502806,0,0,1,0,0,0,0,0,0,0,0,0,0,0,0,1,0,0,0,0,264,Validation
1.314344527,1.650161332,0.35485016,0,0,1,0,0,0,0,0,0,0,0,0,0,0,1,0,0,0,0,0,275,Validation
-0.447017946,-0.935387468,-0.143528741,0,0,0,1,0,0,0,0,0,0,0,1,0,0,0,0,0,0,0,0,244,Validation
1.874778041,1.650161332,2.003334214,0,0,0,1,0,0,0,0,0,0,0,0,0,0,0,0,1,0,0,0,368,Validation
-0.847327599,-0.935387468,-0.680244479,0,0,1,0,0,0,1,0,0,0,0,0,0,0,0,0,0,0,0,0,211,Validation
-1.327699183,-0.935387468,-0.91026551,0,0,0,1,0,0,0,0,0,0,0,0,0,1,0,0,0,0,0,0,195,Validation
-0.447017946,-0.935387468,-0.105191902,0,0,0,1,0,0,0,0,0,1,0,0,0,0,0,0,0,0,0,0,242,Validation
1.314344527,1.650161332,0.239839644,0,0,1,0,0,0,0,0,0,0,0,0,0,0,1,0,0,0,0,0,262,Validation
0.35360136,0.357386932,0.661544867,0,0,0,1,0,1,0,0,0,0,0,0,0,0,0,0,0,0,0,0,293,Validation
0.193477499,0.357386932,0.393186998,0,0,0,1,0,0,0,0,0,0,0,0,0,0,0,1,0,0,0,0,271,Validation
-0.527079877,-0.935387468,-0.488560287,0,0,0,1,0,0,0,0,0,0,0,0,0,0,0,1,0,0,0,0,222,Validation
-1.00745146,-0.935387468,-1.063612864,0,0,0,1,1,0,0,0,0,0,0,0,0,0,0,0,0,0,0,0,184,Validation
-0.847327599,-0.935387468,-0.680244479,0,0,0,1,0,0,0,0,0,0,0,0,0,1,0,0,0,0,0,0,211,Validation
-0.286894085,-0.935387468,0.393186998,0,0,0,1,0,0,0,0,0,1,0,0,0,0,0,0,0,0,0,0,271,Validation
-1.00745146,-0.935387468,-0.948602349,0,0,0,1,1,0,0,0,0,0,0,0,0,0,0,0,0,0,0,0,191,Validation
-0.286894085,0.357386932,0.508197513,0,0,0,1,0,0,0,0,0,0,0,0,0,0,0,1,0,0,0,0,284,Validation
0.43366329,0.357386932,0.546534352,0,0,0,1,0,0,0,0,0,0,0,0,0,0,0,1,0,0,0,0,285,Validation
-0.447017946,-0.935387468,-1.293633895,0,0,0,1,0,0,1,0,0,0,0,0,0,0,0,0,0,0,0,0,174,Validation
0.43366329,0.357386932,0.431523836,0,0,1,0,1,0,0,0,0,0,0,0,0,0,0,0,0,0,0,0,291,Validation
-1.00745146,-0.935387468,-1.945360149,0,0,0,1,1,0,0,0,0,0,0,0,0,0,0,0,0,0,0,0,131,Validation
-0.847327599,-0.935387468,-0.680244479,0,0,1,0,0,0,0,0,0,0,0,0,0,0,0,1,0,0,0,0,211,Validation
1.954839972,1.650161332,1.159923768,0,0,1,0,1,0,0,0,0,0,0,0,0,0,0,0,0,0,0,0,322,Validation
-0.046708293,0.357386932,0.163165967,0,0,1,0,0,0,0,0,0,0,0,0,0,0,1,0,0,0,0,0,263,Validation
1.074158735,1.650161332,0.738218544,0,0,1,0,1,0,0,0,0,0,0,0,0,0,0,0,0,0,0,0,292,Validation
-0.847327599,-0.935387468,-0.296876095,0,0,1,0,0,0,0,0,0,0,0,0,0,0,0,0,1,0,0,0,233,Validation
1.794716111,1.650161332,1.658302668,0,0,0,1,0,0,0,0,0,0,1,0,0,0,0,0,0,0,0,0,354,Validation
-1.327699183,-0.935387468,-1.063612864,0,0,0,1,0,0,0,0,0,0,0,0,0,0,0,0,0,1,0,0,187,Validation
-1.327699183,-0.935387468,-1.293633895,0,0,0,1,1,0,0,0,0,0,0,0,0,0,0,0,0,0,0,0,172,Validation
0.43366329,0.357386932,0.35485016,0,0,0,1,0,0,0,0,0,0,0,0,0,0,0,0,1,0,0,0,275,Validation
-1.00745146,-0.935387468,-1.408644411,0,0,0,1,0,0,1,0,0,0,0,0,0,0,0,0,0,0,0,0,163,Validation
-0.847327599,-0.935387468,-0.91026551,0,0,1,0,0,0,0,1,0,0,0,0,0,0,0,0,0,0,0,0,193,Validation
0.593787152,0.357386932,0.508197513,0,0,0,1,0,1,0,0,0,0,0,0,0,0,0,0,0,0,0,0,278,Validation
0.513725221,0.357386932,0.009818613,0,0,1,0,0,0,1,0,0,0,0,0,0,0,0,0,0,0,0,0,248,Validation
0.513725221,0.357386932,0.278176483,0,0,1,0,0,0,0,0,0,0,0,0,0,0,0,0,0,1,0,0,264,Validation
0.593787152,0.357386932,0.163165967,0,0,1,0,0,0,0,1,0,0,0,0,0,0,0,0,0,0,0,0,258,Validation
-0.847327599,-0.935387468,-0.296876095,0,0,0,1,0,0,0,0,0,0,0,0,0,0,0,1,0,0,0,0,233,Validation
1.074158735,1.650161332,0.508197513,0,0,1,0,0,1,0,0,0,0,0,0,0,0,0,0,0,0,0,0,283,Validation
-0.847327599,-0.935387468,-0.641907641,0,0,0,1,0,0,1,0,0,0,0,0,0,0,0,0,0,0,0,0,211,Validation
1.954839972,1.650161332,1.696639506,0,0,1,0,0,0,0,0,0,0,0,0,0,0,0,0,1,0,0,0,363,Validation
-0.286894085,-0.935387468,-0.220202418,0,0,1,0,1,0,0,0,0,0,0,0,0,0,0,0,0,0,0,0,238,Validation
-0.046708293,0.357386932,1.504955314,0,0,1,0,0,0,0,0,0,0,0,0,0,0,0,0,1,0,0,0,346,Validation
-1.167575321,-0.935387468,-0.948602349,0,0,0,1,1,0,0,0,0,0,0,0,0,0,0,0,0,0,0,0,197,Validation
-0.046708293,0.357386932,-0.450223449,0,0,1,0,0,0,1,0,0,0,0,0,0,0,0,0,0,0,0,0,224,Validation
-1.167575321,-0.935387468,-1.255297057,0,0,0,1,1,0,0,0,0,0,0,0,0,0,0,0,0,0,0,0,177,Validation
0.193477499,0.357386932,0.009818613,0,0,0,1,0,0,0,0,0,0,1,0,0,0,0,0,0,0,0,0,254,Validation
-1.327699183,-0.935387468,-1.101949703,0,0,0,1,0,0,0,1,0,0,0,0,0,0,0,0,0,0,0,0,182,Validation
-1.167575321,-0.935387468,-1.063612864,0,0,0,1,1,0,0,0,0,0,0,0,0,0,0,0,0,0,0,0,188,Validation
-0.847327599,-0.935387468,-0.718581318,0,0,1,0,0,0,0,0,0,0,0,0,0,1,0,0,0,0,0,0,209,Validation
0.43366329,0.357386932,0.776555383,0,0,0,1,0,0,0,0,0,0,0,0,0,0,0,1,0,0,0,0,294,Validation
-0.447017946,-0.935387468,-0.526897125,0,0,0,1,0,0,0,0,0,0,0,0,0,0,0,1,0,0,0,0,220,Validation
-0.046708293,0.357386932,-0.028518225,0,0,1,0,0,1,0,0,0,0,0,0,0,0,0,0,0,0,0,0,246,Validation
-0.046708293,0.357386932,-0.41188661,0,0,1,0,0,0,0,0,0,0,0,0,0,0,1,0,0,0,0,0,227,Validation
1.074158735,1.650161332,1.504955314,0,0,1,0,1,0,0,0,0,0,0,0,0,0,0,0,0,0,0,0,344,Validation
-0.046708293,0.357386932,-0.181865579,0,0,1,0,1,0,0,0,0,0,0,0,0,0,0,0,0,0,0,0,237,Validation
0.113415568,0.357386932,0.316513321,0,0,0,1,0,0,0,0,0,0,0,0,0,0,0,1,0,0,0,0,267,Validation
0.193477499,0.357386932,0.661544867,0,0,0,1,0,0,0,0,1,0,0,0,0,0,0,0,0,0,0,0,296,Validation
-1.247637252,-0.935387468,-1.331970734,0,0,0,1,0,1,0,0,0,0,0,0,0,0,0,0,0,0,0,0,170,Validation
-0.447017946,-0.935387468,-0.373549772,0,0,0,1,0,0,0,0,1,0,0,0,0,0,0,0,0,0,0,0,229,Validation
0.35360136,0.357386932,1.428281637,0,0,0,1,0,0,0,0,0,0,0,0,0,0,0,0,1,0,0,0,339,Validation
-1.247637252,-0.935387468,-1.331970734,0,0,0,1,1,0,0,0,0,0,0,0,0,0,0,0,0,0,0,0,170,Validation
1.794716111,1.650161332,2.770070984,0,1,0,0,0,0,0,0,0,0,0,0,0,0,0,0,1,0,0,0,300,Validation
2.515273486,1.650161332,1.274934283,0,0,1,0,0,0,0,0,0,0,1,0,0,0,0,0,0,0,0,0,330,Validation
-0.847327599,-0.935387468,-0.641907641,0,0,0,1,0,0,0,0,0,0,0,0,0,0,1,0,0,0,0,0,213,Validation
-1.247637252,-0.935387468,-1.293633895,0,0,0,1,1,0,0,0,0,0,0,0,0,0,0,0,0,0,0,0,173,Validation
0.35360136,0.357386932,0.08649229,0,0,0,1,0,0,0,0,0,0,0,0,0,0,0,1,0,0,0,0,257,Validation
0.513725221,0.357386932,3.421797238,0,1,0,0,0,0,0,0,0,0,0,0,0,0,0,0,0,0,0,1,315,Validation
0.43366329,0.357386932,0.738218544,0,0,1,0,0,0,1,0,0,0,0,0,0,0,0,0,0,0,0,0,298,Validation
1.554530319,1.650161332,0.968239575,0,0,0,1,0,0,0,0,0,0,0,0,0,0,1,0,0,0,0,0,311,Validation
1.074158735,1.650161332,0.623208029,0,0,1,0,0,0,0,0,0,0,0,0,0,0,1,0,0,0,0,0,292,Validation
-0.046708293,0.357386932,0.239839644,0,0,1,0,0,0,0,0,0,0,0,0,0,0,0,1,0,0,0,0,267,Validation
0.35360136,0.357386932,0.009818613,0,0,0,1,0,0,0,0,0,0,0,0,0,0,0,1,0,0,0,0,253,Validation
-0.847327599,-0.935387468,-0.603570802,0,0,1,0,1,0,0,0,0,0,0,0,0,0,0,0,0,0,0,0,216,Validation
-0.527079877,-0.935387468,0.201502806,0,0,0,1,0,0,0,0,0,0,0,0,0,0,0,1,0,0,0,0,260,Validation
-0.847327599,-0.935387468,-0.258539256,0,1,0,0,1,0,0,0,0,0,0,0,0,0,0,0,0,0,0,0,162,Validation
2.675397347,1.650161332,1.84998686,0,0,1,0,0,0,0,0,0,0,0,0,0,0,0,0,1,0,0,0,363,Validation
2.515273486,1.650161332,2.233355245,0,0,1,0,1,0,0,0,0,0,0,0,0,0,0,0,0,0,0,0,382,Validation
-0.847327599,-0.935387468,-0.91026551,0,0,0,1,0,1,0,0,0,0,0,0,0,0,0,0,0,0,0,0,193,Validation
-0.847327599,-0.935387468,-0.220202418,0,0,0,1,0,0,0,0,0,0,0,0,0,0,0,1,0,0,0,0,237,Validation
-0.847327599,-0.935387468,-0.603570802,0,0,1,0,0,0,1,0,0,0,0,0,0,0,0,0,0,0,0,0,215,Validation
2.675397347,1.650161332,0.814892221,0,0,1,0,0,1,0,0,0,0,0,0,0,0,0,0,0,0,0,0,302,Validation
-0.847327599,-0.935387468,-0.641907641,0,0,0,1,0,0,0,0,0,0,0,0,0,0,0,1,0,0,0,0,214,Validation
-0.447017946,-0.935387468,-0.833591833,0,0,0,1,0,0,1,0,0,0,0,0,0,0,0,0,0,0,0,0,202,Validation
-0.847327599,-0.935387468,-1.561991764,0,0,0,1,1,0,0,0,0,0,0,0,0,0,0,0,0,0,0,0,157,Validation
0.35360136,0.357386932,1.121586929,0,0,0,1,0,0,0,0,0,0,0,0,0,0,0,0,1,0,0,0,322,Validation
2.675397347,1.650161332,1.198260606,0,0,1,0,0,0,1,0,0,0,0,0,0,0,0,0,0,0,0,0,320,Validation
-0.847327599,-0.935387468,-0.603570802,0,0,0,1,0,0,0,0,0,0,0,0,0,0,0,1,0,0,0,0,216,Validation
-0.447017946,-0.935387468,-0.335212933,0,0,1,0,0,0,0,0,0,0,0,0,0,0,0,0,0,1,0,0,230,Validation
-0.847327599,-0.935387468,-1.370307572,0,0,0,1,0,0,1,0,0,0,0,0,0,0,0,0,0,0,0,0,168,Validation
-1.247637252,-1.581774668,-0.871928672,0,0,1,0,0,0,1,0,0,0,0,0,0,0,0,0,0,0,0,0,197,Validation
-0.447017946,-0.289000268,-0.066855064,0,0,1,0,0,0,0,0,0,0,0,0,0,0,1,0,0,0,0,0,247,Validation
2.515273486,1.650161332,1.313271121,0,0,1,0,0,0,0,0,0,0,1,0,0,0,0,0,0,0,0,0,332,Validation
-0.046708293,0.357386932,0.278176483,0,0,1,0,0,0,0,0,0,0,0,0,0,0,0,0,1,0,0,0,270,Validation
1.794716111,1.650161332,2.61672363,0,1,0,0,0,0,0,0,0,0,0,0,0,0,0,0,1,0,0,0,288,Validation
-0.847327599,-0.935387468,-0.91026551,0,0,0,1,0,0,0,0,0,0,0,0,0,1,0,0,0,0,0,0,196,Validation
-0.046708293,0.357386932,-0.181865579,0,0,1,0,0,0,1,0,0,0,0,0,0,0,0,0,0,0,0,0,241,Validation
-0.527079877,-0.935387468,-0.986939187,0,0,0,1,0,0,1,0,0,0,0,0,0,0,0,0,0,0,0,0,193,Validation
-0.447017946,-0.935387468,0.661544867,0,0,1,0,0,0,0,0,0,0,0,0,0,1,0,0,0,0,0,0,288,Validation
-0.847327599,-0.935387468,-0.258539256,0,0,1,0,0,0,0,0,0,0,0,0,0,0,0,0,0,1,0,0,232,Validation
1.554530319,1.650161332,1.466618475,0,0,0,1,0,0,0,0,0,0,1,0,0,0,0,0,0,0,0,0,336,Validation
-0.447017946,-0.935387468,-0.756918156,0,0,0,1,0,0,0,0,0,0,0,0,0,0,0,0,1,0,0,0,202,Validation
-0.847327599,-0.935387468,-2.213718019,0,0,0,1,0,1,0,0,0,0,0,0,0,0,0,0,0,0,0,0,117,Validation
-0.447017946,-0.935387468,-1.140286541,0,0,0,1,0,0,0,0,0,0,0,0,0,0,0,1,0,0,0,0,183,Validation
0.35360136,0.357386932,-0.91026551,0,0,1,0,0,0,1,0,0,0,0,0,0,0,0,0,0,0,0,0,196,Validation
0.43366329,0.357386932,1.84998686,0,1,0,0,0,0,0,0,0,0,0,0,0,0,0,0,1,0,0,0,250,Validation
1.074158735,1.650161332,1.504955314,0,0,1,0,1,0,0,0,0,0,0,0,0,0,0,0,0,0,0,0,338,Validation
1.394406458,1.650161332,0.814892221,0,0,1,0,0,1,0,0,0,0,0,0,0,0,0,0,0,0,0,0,303,Validation
-0.847327599,-0.935387468,-0.986939187,0,0,0,1,1,0,0,0,0,0,0,0,0,0,0,0,0,0,0,0,191,Validation
-0.046708293,0.357386932,-0.028518225,0,0,1,0,0,1,0,0,0,0,0,0,0,0,0,0,0,0,0,0,250,Validation
0.35360136,0.357386932,1.159923768,0,0,0,1,0,0,0,0,0,0,1,0,0,0,0,0,0,0,0,0,317,Validation
-0.046708293,0.357386932,-0.795254995,1,0,0,0,0,0,0,0,0,0,0,0,0,0,0,0,1,0,0,0,235,Validation
0.193477499,0.357386932,-0.028518225,0,0,0,1,0,1,0,0,0,0,0,0,0,0,0,0,0,0,0,0,246,Validation
1.71465418,2.942935732,1.888323699,0,0,1,0,0,0,0,0,0,0,0,0,0,0,0,0,0,1,0,0,370,Validation
-1.327699183,-0.935387468,-1.216960218,0,0,0,1,1,0,0,0,0,0,0,0,0,0,0,0,0,0,0,0,177,Validation
2.114963833,1.650161332,1.504955314,0,0,0,1,0,0,0,0,0,0,0,0,0,0,0,0,1,0,0,0,338,Validation
-0.847327599,-0.935387468,-0.335212933,0,0,1,0,0,0,0,0,0,0,0,0,0,0,0,1,0,0,0,0,232,Validation
0.193477499,0.357386932,1.926660537,0,1,0,0,0,0,0,0,0,0,1,0,0,0,0,0,0,0,0,0,263,Validation
-1.167575321,-0.935387468,-1.025276026,0,0,1,0,0,0,0,0,0,0,0,0,0,0,0,0,0,1,0,0,186,Validation
-0.847327599,-0.935387468,-0.641907641,0,0,1,0,1,0,0,0,0,0,0,0,0,0,0,0,0,0,0,0,209,Validation
1.074158735,1.650161332,1.466618475,0,0,1,0,0,0,0,0,0,0,0,0,0,0,0,0,1,0,0,0,341,Validation
-0.847327599,-0.935387468,-0.795254995,0,0,1,0,0,0,0,0,0,0,0,0,0,0,1,0,0,0,0,0,204,Validation
-1.247637252,-0.935387468,-0.335212933,0,0,0,1,0,0,0,0,0,0,0,0,0,0,0,1,0,0,0,0,232,Validation
-0.046708293,0.357386932,-0.143528741,0,0,1,0,0,0,0,0,0,0,0,0,0,0,0,1,0,0,0,0,245,Validation
-0.046708293,0.357386932,0.508197513,0,0,1,0,0,0,0,0,0,0,0,0,0,0,0,0,1,0,0,0,282,Validation
0.43366329,0.357386932,0.393186998,0,0,0,1,0,0,0,0,0,0,0,0,0,0,0,1,0,0,0,0,277,Validation
0.113415568,0.357386932,0.048155452,0,0,0,1,0,0,0,0,0,0,0,0,0,0,0,1,0,0,0,0,251,Validation
-0.847327599,-0.935387468,-0.373549772,0,0,1,0,1,0,0,0,0,0,0,0,0,0,0,0,0,0,0,0,227,Validation
-1.00745146,-0.935387468,-2.405402211,0,0,0,1,0,0,1,0,0,0,0,0,0,0,0,0,0,0,0,0,106,Validation
0.513725221,0.357386932,0.35485016,0,0,1,0,0,0,1,0,0,0,0,0,0,0,0,0,0,0,0,0,275,Validation
-1.247637252,-0.935387468,-1.370307572,0,0,0,1,0,1,0,0,0,0,0,0,0,0,0,0,0,0,0,0,167,Validation
-0.847327599,-0.935387468,-0.526897125,0,0,0,1,0,0,0,0,0,0,0,1,0,0,0,0,0,0,0,0,220,Validation
1.954839972,1.650161332,2.846744661,0,0,1,0,0,0,0,0,0,0,0,0,0,0,0,0,1,0,0,0,419,Validation
1.71465418,2.942935732,1.888323699,0,0,1,0,0,0,0,0,0,0,0,0,0,0,0,0,0,1,0,0,370,Validation
-0.046708293,0.357386932,-0.220202418,1,0,0,0,0,0,0,0,0,0,1,0,0,0,0,0,0,0,0,0,272,Validation
0.43366329,0.357386932,0.58487119,0,0,0,1,0,0,0,0,0,0,0,0,0,0,0,0,1,0,0,0,283,Validation
-0.527079877,-0.935387468,-0.91026551,0,0,0,1,0,1,0,0,0,0,0,0,0,0,0,0,0,0,0,0,198,Validation
-0.847327599,-0.935387468,-2.022033826,0,0,0,1,0,0,1,0,0,0,0,0,0,0,0,0,0,0,0,0,130,Validation
-0.847327599,-0.935387468,-0.603570802,0,0,1,0,0,0,1,0,0,0,0,0,0,0,0,0,0,0,0,0,214,Validation
1.794716111,1.650161332,2.61672363,0,1,0,0,0,0,0,0,0,0,0,0,0,0,0,0,1,0,0,0,282,Validation
0.35360136,0.357386932,1.389944798,0,0,0,1,0,0,0,0,0,0,0,0,0,0,0,0,1,0,0,0,338,Validation
-1.167575321,-0.935387468,-0.986939187,0,0,0,1,1,0,0,0,0,0,0,0,0,0,0,0,0,0,0,0,193,Validation
-1.327699183,-0.935387468,-1.063612864,0,0,0,1,0,0,0,1,0,0,0,0,0,0,0,0,0,0,0,0,186,Validation
1.554530319,1.650161332,0.968239575,0,0,1,0,0,1,0,0,0,0,0,0,0,0,0,0,0,0,0,0,306,Validation
-0.847327599,-0.935387468,-1.025276026,0,0,1,0,0,0,0,0,0,0,0,0,0,0,0,0,0,1,0,0,190,Validation
0.35360136,0.357386932,-0.143528741,0,0,1,0,0,0,0,0,0,0,0,0,0,0,1,0,0,0,0,0,239,Validation
0.43366329,0.357386932,0.623208029,0,0,0,1,0,0,0,0,0,0,0,0,0,0,0,1,0,0,0,0,285,Validation
-0.847327599,-0.935387468,-0.718581318,0,0,0,1,0,0,1,0,0,0,0,0,0,0,0,0,0,0,0,0,208,Validation
-1.247637252,-0.935387468,-1.293633895,0,0,1,0,0,0,1,0,0,0,0,0,0,0,0,0,0,0,0,0,173,Validation
-0.046708293,0.357386932,1.466618475,0,0,1,0,0,0,0,0,0,0,0,0,0,0,0,1,0,0,0,0,339,Validation
-0.847327599,-0.935387468,-1.17862338,0,0,0,1,1,0,0,0,0,0,0,0,0,0,0,0,0,0,0,0,177,Validation
-1.487823044,-0.935387468,-1.523654926,0,0,0,1,0,0,0,0,0,0,0,0,0,0,1,0,0,0,0,0,156,Validation
0.43366329,0.357386932,0.009818613,0,0,1,0,0,0,1,0,0,0,0,0,0,0,0,0,0,0,0,0,248,Validation
-0.286894085,0.357386932,0.469860675,0,0,0,1,0,1,0,0,0,0,0,0,0,0,0,0,0,0,0,0,281,Validation
-0.847327599,-0.935387468,-0.948602349,0,0,1,0,0,0,0,1,0,0,0,0,0,0,0,0,0,0,0,0,194,Validation
0.43366329,0.357386932,-0.41188661,0,0,0,1,0,0,1,0,0,0,0,0,0,0,0,0,0,0,0,0,228,Validation
0.193477499,0.357386932,0.469860675,0,0,1,0,1,0,0,0,0,0,0,0,0,0,0,0,0,0,0,0,284,Validation
-0.847327599,-0.935387468,-0.296876095,0,0,0,1,0,0,0,0,0,0,0,0,0,0,0,1,0,0,0,0,233,Validation
-0.046708293,0.357386932,-0.143528741,1,0,0,0,0,0,0,0,0,0,0,0,0,0,0,0,1,0,0,0,279,Validation
1.554530319,1.650161332,3.383460399,0,1,0,0,0,0,0,0,0,0,1,0,0,0,0,0,0,0,0,0,326,Validation
-0.286894085,0.357386932,-0.066855064,0,0,0,1,0,0,0,0,0,0,1,0,0,0,0,0,0,0,0,0,249,Validation
-0.206832154,-0.935387468,-0.526897125,1,0,0,0,0,0,0,0,0,1,0,0,0,0,0,0,0,0,0,0,252,Validation
-0.046708293,0.357386932,-0.181865579,0,0,1,0,1,0,0,0,0,0,0,0,0,0,0,0,0,0,0,0,237,Validation
0.35360136,0.357386932,0.661544867,0,0,0,1,0,1,0,0,0,0,0,0,0,0,0,0,0,0,0,0,293,Validation
-1.247637252,-1.581774668,-1.255297057,0,0,1,0,0,0,0,0,0,0,0,0,0,0,1,0,0,0,0,0,174,Validation
0.513725221,0.357386932,0.278176483,0,0,1,0,0,0,0,0,0,0,0,0,0,0,0,0,0,1,0,0,264,Validation
-1.327699183,-0.935387468,-1.293633895,0,0,0,1,0,0,0,0,0,0,0,0,0,1,0,0,0,0,0,0,172,Validation
-1.327699183,-0.935387468,-1.255297057,0,0,0,1,0,0,1,0,0,0,0,0,0,0,0,0,0,0,0,0,176,Validation
-0.447017946,-0.935387468,-1.830349634,0,0,0,1,0,0,0,0,0,0,0,0,0,0,0,1,0,0,0,0,139,Validation
-1.00745146,-0.935387468,-1.101949703,0,0,0,1,0,0,1,0,0,0,0,0,0,0,0,0,0,0,0,0,185,Validation
-1.167575321,-0.935387468,-0.680244479,0,0,1,0,1,0,0,0,0,0,0,0,0,0,0,0,0,0,0,0,212,Validation
0.43366329,0.357386932,1.466618475,0,1,0,0,0,1,0,0,0,0,0,0,0,0,0,0,0,0,0,0,245,Validation
0.35360136,0.357386932,0.661544867,0,0,0,1,0,0,0,0,0,1,0,0,0,0,0,0,0,0,0,0,292,Validation
-0.847327599,-0.935387468,-0.028518225,0,0,1,0,0,0,0,0,0,0,0,0,0,0,0,1,0,0,0,0,246,Validation
-0.046708293,0.357386932,-0.296876095,0,0,1,0,1,0,0,0,0,0,0,0,0,0,0,0,0,0,0,0,233,Validation
-1.00745146,-0.935387468,-1.216960218,0,0,0,1,0,0,1,0,0,0,0,0,0,0,0,0,0,0,0,0,179,Validation
0.35360136,0.357386932,0.009818613,0,0,1,0,0,0,0,0,0,0,0,0,1,0,0,0,0,0,0,0,248,Validation
-1.00745146,-0.935387468,-1.063612864,0,0,0,1,1,0,0,0,0,0,0,0,0,0,0,0,0,0,0,0,184,Validation
-0.847327599,-0.935387468,-0.41188661,0,0,1,0,0,0,1,0,0,0,0,0,0,0,0,0,0,0,0,0,227,Validation
-0.046708293,0.357386932,-0.373549772,0,0,1,0,1,0,0,0,0,0,0,0,0,0,0,0,0,0,0,0,225,Validation
0.43366329,0.357386932,0.738218544,0,0,1,0,0,0,1,0,0,0,0,0,0,0,0,0,0,0,0,0,311,Validation
1.794716111,1.650161332,0.968239575,0,0,0,1,0,0,0,0,0,0,0,0,0,0,0,0,1,0,0,0,312,Validation
0.43366329,0.357386932,-0.028518225,0,0,0,1,0,0,1,0,0,0,0,0,0,0,0,0,0,0,0,0,246,Validation
0.35360136,0.357386932,0.048155452,0,0,1,0,0,0,0,0,0,0,0,0,0,0,0,1,0,0,0,0,257,Validation
-1.00745146,-0.935387468,-1.17862338,0,0,0,1,0,0,1,0,0,0,0,0,0,0,0,0,0,0,0,0,180,Validation
0.753911013,0.357386932,1.044913252,0,0,0,1,0,0,0,0,0,0,1,0,0,0,0,0,0,0,0,0,310,Validation
-0.046708293,0.357386932,0.58487119,0,0,1,0,0,0,0,0,0,0,0,0,0,0,0,0,1,0,0,0,283,Validation
-0.847327599,-0.935387468,-0.718581318,0,0,1,0,1,0,0,0,0,0,0,0,0,0,0,0,0,0,0,0,205,Validation
-0.527079877,-0.935387468,0.201502806,0,1,0,0,0,0,1,0,0,0,0,0,0,0,0,0,0,0,0,0,181,Validation
0.35360136,0.357386932,0.08649229,0,0,0,1,0,0,0,0,0,0,0,0,0,0,0,1,0,0,0,0,259,Validation
-0.286894085,0.357386932,-0.066855064,0,0,0,1,0,0,0,0,0,0,1,0,0,0,0,0,0,0,0,0,249,Validation
-0.046708293,0.357386932,0.201502806,0,0,1,0,0,0,0,0,0,0,0,0,0,0,0,0,0,1,0,0,265,Validation
0.994096805,0.357386932,2.425039437,0,1,0,0,0,0,0,0,0,0,1,0,0,0,0,0,0,0,0,0,274,Validation
0.43366329,0.357386932,2.156681568,0,1,0,0,0,0,0,0,1,0,0,0,0,0,0,0,0,0,0,0,269,Validation
0.513725221,0.357386932,0.393186998,0,0,1,0,0,0,0,0,0,0,0,0,0,0,0,0,0,1,0,0,279,Validation
0.43366329,0.357386932,0.201502806,0,0,0,1,0,0,0,0,0,0,0,0,0,0,0,0,1,0,0,0,265,Validation
0.43366329,0.357386932,0.08649229,0,0,0,1,0,1,0,0,0,0,0,0,0,0,0,0,0,0,0,0,259,Validation
-0.527079877,-0.935387468,-0.373549772,0,0,0,1,0,0,0,0,0,0,0,0,0,0,0,1,0,0,0,0,233,Validation
-0.847327599,-0.935387468,-0.718581318,0,0,1,0,0,0,0,0,0,0,0,0,0,0,0,1,0,0,0,0,209,Validation
1.234282596,1.650161332,0.814892221,0,0,1,0,0,0,1,0,0,0,0,0,0,0,0,0,0,0,0,0,303,Validation
-0.847327599,-0.935387468,-0.41188661,0,0,1,0,0,0,1,0,0,0,0,0,0,0,0,0,0,0,0,0,227,Validation
-1.00745146,-0.935387468,-1.063612864,0,0,0,1,0,0,1,0,0,0,0,0,0,0,0,0,0,0,0,0,187,Validation
-1.00745146,-0.935387468,-0.91026551,0,0,0,1,0,0,1,0,0,0,0,0,0,0,0,0,0,0,0,0,193,Validation
-1.00745146,-0.935387468,-1.101949703,0,0,0,1,0,0,1,0,0,0,0,0,0,0,0,0,0,0,0,0,186,Validation
-0.847327599,-0.935387468,-0.833591833,0,0,1,0,0,0,0,0,0,0,0,0,0,0,1,0,0,0,0,0,198,Validation
0.35360136,0.357386932,-0.220202418,0,0,1,0,0,0,1,0,0,0,0,0,0,0,0,0,0,0,0,0,235,Validation
-0.847327599,-0.935387468,-0.181865579,0,0,1,0,1,0,0,0,0,0,0,0,0,0,0,0,0,0,0,0,242,Validation
-0.847327599,-0.935387468,-0.488560287,0,0,0,1,0,0,0,0,0,0,0,0,0,0,1,0,0,0,0,0,224,Validation
2.995645069,1.650161332,2.578386791,0,0,1,0,0,0,1,0,0,0,0,0,0,0,0,0,0,0,0,0,407,Validation
-0.847327599,-0.935387468,-0.91026551,0,0,0,1,0,1,0,0,0,0,0,0,0,0,0,0,0,0,0,0,197,Validation
-0.046708293,0.357386932,0.009818613,1,0,0,0,0,0,0,0,0,0,1,0,0,0,0,0,0,0,0,0,290,Validation
-0.046708293,0.357386932,0.239839644,0,0,1,0,0,1,0,0,0,0,0,0,0,0,0,0,0,0,0,0,267,Validation
0.593787152,0.357386932,-0.028518225,0,0,1,0,0,0,0,1,0,0,0,0,0,0,0,0,0,0,0,0,246,Validation
0.753911013,1.650161332,0.508197513,0,0,1,0,0,0,0,0,0,0,0,0,0,0,1,0,0,0,0,0,285,Validation
1.954839972,1.650161332,1.044913252,0,0,1,0,0,0,0,0,0,0,0,0,1,0,0,0,0,0,0,0,310,Validation
0.273539429,0.357386932,-0.028518225,0,0,1,0,0,0,0,1,0,0,0,0,0,0,0,0,0,0,0,0,246,Validation
2.515273486,1.650161332,1.159923768,0,0,1,0,0,0,0,0,0,0,0,0,0,0,0,0,1,0,0,0,323,Validation
-1.247637252,-1.581774668,-1.255297057,0,0,1,0,0,0,0,0,0,0,0,0,0,0,1,0,0,0,0,0,172,Validation
-1.00745146,-0.935387468,-0.948602349,0,0,0,1,1,0,0,0,0,0,0,0,0,0,0,0,0,0,0,0,193,Validation
-0.046708293,0.357386932,1.121586929,0,0,1,0,0,0,0,0,0,0,0,0,0,0,0,0,1,0,0,0,324,Validation
-0.847327599,-0.935387468,-0.296876095,0,0,1,0,0,0,0,0,0,0,0,0,0,0,0,1,0,0,0,0,234,Validation
-0.447017946,0.357386932,-0.143528741,0,0,1,0,1,0,0,0,0,0,0,0,0,0,0,0,0,0,0,0,239,Validation
-0.126770224,0.357386932,0.163165967,0,0,1,0,0,1,0,0,0,0,0,0,0,0,0,0,0,0,0,0,261,Validation
1.794716111,1.650161332,2.463376276,0,1,0,0,0,0,0,0,0,0,0,0,0,0,0,0,1,0,0,0,275,Validation
-0.847327599,-0.935387468,-0.680244479,0,0,1,0,1,0,0,0,0,0,0,0,0,0,0,0,0,0,0,0,207,Validation
1.554530319,1.650161332,0.776555383,0,0,1,0,0,0,0,0,0,0,0,0,0,0,0,0,0,1,0,0,294,Validation
1.794716111,1.650161332,0.85322906,0,0,0,1,0,0,0,0,0,0,0,0,0,0,0,0,1,0,0,0,299,Validation
1.794716111,1.650161332,1.159923768,0,0,0,1,0,0,0,0,0,0,0,0,0,0,0,0,1,0,0,0,325,Validation
-1.00745146,-0.935387468,-1.331970734,0,0,0,1,0,0,1,0,0,0,0,0,0,0,0,0,0,0,0,0,172,Validation
-0.527079877,-0.935387468,-0.641907641,0,0,0,1,0,0,0,0,0,0,0,0,0,0,0,1,0,0,0,0,209,Validation
-0.847327599,-0.935387468,-0.795254995,0,0,1,0,0,0,0,1,0,0,0,0,0,0,0,0,0,0,0,0,203,Validation
-0.447017946,-0.935387468,-0.220202418,0,0,0,1,0,0,0,0,0,0,0,0,0,0,0,0,1,0,0,0,237,Validation
-1.247637252,-0.935387468,-2.17538118,0,0,0,1,1,0,0,0,0,0,0,0,0,0,0,0,0,0,0,0,120,Validation
0.753911013,1.650161332,0.431523836,0,0,1,0,0,1,0,0,0,0,0,0,0,0,0,0,0,0,0,0,279,Validation
-0.527079877,-0.935387468,-0.296876095,0,0,0,1,0,0,0,0,0,0,0,0,0,0,0,1,0,0,0,0,230,Validation
-1.247637252,-1.581774668,-1.293633895,0,0,1,0,0,0,0,0,0,0,0,0,0,0,1,0,0,0,0,0,174,Validation
-0.447017946,-0.935387468,-0.986939187,0,0,0,1,0,0,0,0,0,0,0,0,0,0,0,1,0,0,0,0,194,Validation
-0.847327599,-0.935387468,-0.105191902,0,0,1,0,0,0,1,0,0,0,0,0,0,0,0,0,0,0,0,0,242,Validation
-0.847327599,-0.935387468,-0.718581318,0,0,0,1,0,0,0,0,0,0,0,0,0,0,1,0,0,0,0,0,208,Validation
-0.847327599,-0.935387468,-0.756918156,0,0,1,0,0,0,0,0,0,0,0,0,0,0,1,0,0,0,0,0,207,Validation
1.71465418,2.942935732,1.543292152,0,0,1,0,0,0,0,0,0,0,0,0,0,0,0,0,0,1,0,0,347,Validation
0.43366329,0.357386932,0.393186998,0,0,0,1,0,0,0,0,0,0,0,0,0,0,0,1,0,0,0,0,277,Validation
1.554530319,1.650161332,1.159923768,0,0,0,1,0,0,0,0,0,0,1,0,0,0,0,0,0,0,0,0,324,Validation
-0.847327599,-0.935387468,-0.526897125,0,0,1,0,0,0,0,0,0,0,0,0,0,0,1,0,0,0,0,0,220,Validation
-1.327699183,-0.935387468,-1.408644411,0,0,0,1,1,0,0,0,0,0,0,0,0,0,0,0,0,0,0,0,167,Validation
-0.847327599,-0.935387468,-1.255297057,0,0,0,1,0,0,0,0,0,0,0,0,0,0,0,1,0,0,0,0,175,Validation
0.994096805,0.357386932,2.770070984,0,1,0,0,0,0,0,0,0,0,1,0,0,0,0,0,0,0,0,0,294,Validation
-1.167575321,-0.935387468,-0.948602349,0,0,1,0,0,0,0,1,0,0,0,0,0,0,0,0,0,0,0,0,191,Validation
2.515273486,1.650161332,2.156681568,0,0,1,0,0,0,0,0,0,0,0,0,0,0,0,0,1,0,0,0,377,Validation
-0.847327599,-0.935387468,-0.795254995,0,0,1,0,0,0,1,0,0,0,0,0,0,0,0,0,0,0,0,0,204,Validation
-1.00745146,-0.935387468,-0.948602349,0,0,0,1,0,0,1,0,0,0,0,0,0,0,0,0,0,0,0,0,191,Validation
-0.847327599,-0.935387468,-0.335212933,0,0,0,1,0,0,0,0,0,0,0,0,0,0,0,1,0,0,0,0,228,Validation
-1.247637252,-1.581774668,-0.91026551,0,0,1,0,0,0,1,0,0,0,0,0,0,0,0,0,0,0,0,0,197,Validation
0.43366329,0.357386932,0.431523836,0,0,1,0,1,0,0,0,0,0,0,0,0,0,0,0,0,0,0,0,279,Validation
-0.046708293,0.357386932,-0.181865579,0,0,1,0,1,0,0,0,0,0,0,0,0,0,0,0,0,0,0,0,241,Validation
-0.847327599,-0.935387468,-0.795254995,0,0,1,0,1,0,0,0,0,0,0,0,0,0,0,0,0,0,0,0,204,Validation
-0.046708293,0.357386932,0.814892221,0,0,1,0,0,0,0,0,0,0,0,0,0,0,0,0,0,1,0,0,302,Validation
0.43366329,0.357386932,0.699881706,0,0,0,1,0,0,0,0,0,0,1,0,0,0,0,0,0,0,0,0,290,Validation
1.074158735,1.650161332,0.661544867,0,0,1,0,0,0,0,0,0,0,0,0,0,0,1,0,0,0,0,0,292,Validation
0.35360136,0.357386932,0.968239575,0,0,0,1,0,0,0,0,0,0,0,0,0,0,0,0,1,0,0,0,310,Validation
-1.00745146,-0.935387468,-0.91026551,0,0,1,0,0,0,0,0,0,0,0,0,0,0,0,0,0,1,0,0,197,Validation
-1.167575321,-0.935387468,-1.216960218,0,0,0,1,1,0,0,0,0,0,0,0,0,0,0,0,0,0,0,0,176,Validation
-1.247637252,-0.935387468,-1.370307572,0,0,1,0,0,1,0,0,0,0,0,0,0,0,0,0,0,0,0,0,167,Validation
0.193477499,0.357386932,0.048155452,0,0,0,1,0,0,0,0,0,0,1,0,0,0,0,0,0,0,0,0,257,Validation
-0.847327599,-0.935387468,-1.140286541,0,0,1,0,0,0,0,0,0,0,0,0,0,0,0,0,0,1,0,0,183,Validation
0.43366329,0.357386932,0.431523836,0,0,0,1,0,0,0,0,0,0,1,0,0,0,0,0,0,0,0,0,274,Validation
-0.847327599,-0.935387468,-0.181865579,0,0,0,1,0,0,0,0,0,0,0,0,0,0,0,1,0,0,0,0,241,Validation
-0.046708293,0.357386932,0.546534352,0,0,1,0,0,0,1,0,0,0,0,0,0,0,0,0,0,0,0,0,286,Validation
-0.527079877,-0.935387468,-0.603570802,0,0,0,1,0,0,0,0,0,0,0,0,0,0,0,1,0,0,0,0,218,Validation
-0.847327599,-0.935387468,-0.296876095,0,0,0,1,0,0,0,0,0,0,0,0,0,0,0,1,0,0,0,0,230,Validation
-0.847327599,-0.935387468,-0.603570802,0,0,1,0,0,0,1,0,0,0,0,0,0,0,0,0,0,0,0,0,215,Validation
0.43366329,0.357386932,0.201502806,0,0,0,1,0,0,1,0,0,0,0,0,0,0,0,0,0,0,0,0,260,Validation
0.513725221,0.357386932,0.738218544,0,0,0,1,0,0,0,0,0,0,0,1,0,0,0,0,0,0,0,0,297,Validation
-1.327699183,-0.935387468,-1.408644411,0,0,0,1,1,0,0,0,0,0,0,0,0,0,0,0,0,0,0,0,166,Validation
-0.046708293,0.357386932,0.891565898,0,0,1,0,0,1,0,0,0,0,0,0,0,0,0,0,0,0,0,0,301,Validation
0.593787152,1.650161332,1.734976345,0,0,1,0,0,0,0,0,0,0,0,0,0,0,0,0,1,0,0,0,360,Validation
0.43366329,0.357386932,0.201502806,0,0,0,1,0,0,0,0,0,0,0,0,0,0,0,0,1,0,0,0,265,Validation
-0.447017946,-0.935387468,-0.028518225,0,0,0,1,0,0,0,0,0,0,0,1,0,0,0,0,0,0,0,0,252,Validation
-0.046708293,0.357386932,0.163165967,0,0,0,1,0,0,0,0,0,0,0,0,0,1,0,0,0,0,0,0,259,Validation
1.71465418,2.942935732,1.313271121,0,0,1,0,0,0,0,0,0,0,0,0,0,0,0,0,0,1,0,0,331,Validation
1.794716111,1.650161332,3.191776207,0,1,0,0,0,0,0,0,0,0,0,0,0,0,0,0,1,0,0,0,319,Validation
-0.847327599,-0.935387468,0.009818613,0,0,1,0,0,0,1,0,0,0,0,0,0,0,0,0,0,0,0,0,248,Validation
2.995645069,1.650161332,2.578386791,0,0,1,0,0,0,1,0,0,0,0,0,0,0,0,0,0,0,0,0,408,Validation
-0.847327599,-0.935387468,-0.41188661,0,0,1,0,0,0,0,0,0,0,0,0,0,0,0,1,0,0,0,0,223,Validation
-0.847327599,-0.935387468,-0.41188661,0,0,1,0,0,0,1,0,0,0,0,0,0,0,0,0,0,0,0,0,227,Validation
0.593787152,0.357386932,0.009818613,0,0,1,0,0,0,0,1,0,0,0,0,0,0,0,0,0,0,0,0,248,Validation
-1.167575321,-0.935387468,-0.373549772,0,0,0,1,0,1,0,0,0,0,0,0,0,0,0,0,0,0,0,0,225,Validation
-0.527079877,-0.935387468,-0.680244479,0,0,0,1,0,0,0,0,0,0,0,0,0,0,0,1,0,0,0,0,211,Validation
1.794716111,1.650161332,1.121586929,0,0,0,1,0,0,0,0,0,0,1,0,0,0,0,0,0,0,0,0,320,Validation
1.71465418,2.942935732,2.540049953,0,0,1,0,0,0,0,0,0,0,0,0,0,0,0,0,0,1,0,0,400,Validation
2.114963833,1.650161332,1.274934283,0,0,0,1,0,0,0,0,0,0,0,0,0,0,0,0,1,0,0,0,331,Validation
-0.447017946,-0.289000268,-0.41188661,0,0,0,1,0,0,1,0,0,0,0,0,0,0,0,0,0,0,0,0,223,Validation
0.43366329,0.357386932,0.393186998,0,0,0,1,0,0,0,0,1,0,0,0,0,0,0,0,0,0,0,0,271,Validation
-0.847327599,-0.935387468,-0.948602349,0,0,0,1,0,0,1,0,0,0,0,0,0,0,0,0,0,0,0,0,191,Validation
-0.847327599,-0.935387468,-0.603570802,0,0,0,1,0,0,0,0,0,0,0,0,0,1,0,0,0,0,0,0,216,Validation
0.35360136,0.357386932,1.888323699,0,1,0,0,0,0,0,0,0,0,1,0,0,0,0,0,0,0,0,0,261,Validation
0.35360136,0.357386932,-0.526897125,0,0,0,1,0,0,1,0,0,0,0,0,0,0,0,0,0,0,0,0,219,Validation
-0.847327599,-0.935387468,-0.335212933,0,0,1,0,0,0,0,0,0,0,0,0,0,1,0,0,0,0,0,0,228,Validation
0.513725221,0.357386932,-0.028518225,0,0,0,1,0,0,0,0,0,0,0,0,0,0,1,0,0,0,0,0,246,Validation
-0.046708293,0.357386932,-0.181865579,0,0,1,0,1,0,0,0,0,0,0,0,0,0,0,0,0,0,0,0,237,Validation
1.874778041,1.650161332,2.463376276,0,0,0,1,0,0,0,0,0,0,0,0,0,0,0,0,0,0,1,0,396,Validation
-0.847327599,-0.935387468,-0.066855064,0,1,0,0,1,0,0,0,0,0,0,0,0,0,0,0,0,0,0,0,170,Validation
1.074158735,1.650161332,1.159923768,0,0,1,0,0,0,0,0,0,0,0,0,0,0,1,0,0,0,0,0,322,Validation
2.515273486,1.650161332,1.313271121,0,0,1,0,0,0,0,0,0,0,1,0,0,0,0,0,0,0,0,0,332,Validation
-0.447017946,-0.935387468,-0.028518225,0,0,0,1,0,0,0,0,0,1,0,0,0,0,0,0,0,0,0,0,251,Validation
-1.167575321,-0.935387468,-0.948602349,0,0,1,0,0,0,0,0,0,0,0,0,0,0,0,0,0,1,0,0,191,Validation
1.394406458,1.650161332,0.776555383,0,0,1,0,0,1,0,0,0,0,0,0,0,0,0,0,0,0,0,0,294,Validation
0.35360136,0.357386932,0.201502806,0,0,0,1,0,0,0,0,0,0,0,0,0,0,0,1,0,0,0,0,265,Validation
1.794716111,1.650161332,3.306786722,0,1,0,0,0,0,0,0,0,0,1,0,0,0,0,0,0,0,0,0,323,Validation
-0.847327599,-0.935387468,-0.066855064,0,1,0,0,1,0,0,0,0,0,0,0,0,0,0,0,0,0,0,0,177,Validation
-1.167575321,-0.935387468,-1.101949703,0,0,0,1,1,0,0,0,0,0,0,0,0,0,0,0,0,0,0,0,186,Validation
-0.847327599,-0.935387468,-0.641907641,0,0,1,0,0,0,0,0,0,0,0,0,0,0,1,0,0,0,0,0,209,Validation
-0.847327599,-0.935387468,-0.718581318,0,0,1,0,0,0,1,0,0,0,0,0,0,0,0,0,0,0,0,0,205,Validation
-1.247637252,-0.935387468,-0.718581318,0,0,0,1,0,0,0,0,0,0,0,0,0,0,0,1,0,0,0,0,208,Validation
1.554530319,1.650161332,2.578386791,0,1,0,0,0,0,0,0,0,0,1,0,0,0,0,0,0,0,0,0,290,Validation
1.234282596,1.650161332,1.581628991,0,0,0,1,0,0,0,0,0,0,1,0,0,0,0,0,0,0,0,0,354,Validation
0.43366329,0.357386932,0.201502806,0,0,0,1,1,0,0,0,0,0,0,0,0,0,0,0,0,0,0,0,260,Validation
0.593787152,0.357386932,1.236597445,0,0,1,0,0,0,0,0,0,0,0,0,0,0,0,0,0,1,0,0,322,Validation
0.35360136,0.357386932,1.121586929,0,0,0,1,0,0,0,0,0,0,0,0,0,0,0,0,1,0,0,0,322,Validation
0.35360136,0.357386932,0.738218544,0,0,0,1,0,0,0,0,0,0,0,0,0,0,0,0,1,0,0,0,298,Validation
-0.527079877,-0.935387468,1.006576414,0,1,0,0,0,0,0,0,0,0,0,0,0,0,0,1,0,0,0,0,221,Validation
0.35360136,0.357386932,0.201502806,0,0,1,0,0,0,0,0,0,0,0,0,0,0,0,1,0,0,0,0,260,Validation
0.43366329,0.357386932,0.431523836,0,0,0,1,0,0,0,0,0,0,0,0,0,0,0,1,0,0,0,0,280,Validation
0.753911013,1.650161332,0.163165967,0,0,1,0,0,1,0,0,0,0,0,0,0,0,0,0,0,0,0,0,261,Validation
-0.847327599,-0.935387468,-0.296876095,0,0,1,0,0,0,0,0,0,0,0,0,0,0,1,0,0,0,0,0,233,Validation
1.234282596,1.650161332,1.428281637,0,0,1,0,0,0,0,0,0,0,0,0,0,0,0,0,1,0,0,0,337,Validation
-0.447017946,-0.935387468,-1.331970734,0,0,0,1,0,0,1,0,0,0,0,0,0,0,0,0,0,0,0,0,168,Validation
-0.447017946,-0.935387468,-1.17862338,0,0,0,1,1,0,0,0,0,0,0,0,0,0,0,0,0,0,0,0,181,Validation
0.35360136,0.357386932,0.124829129,0,0,0,1,0,0,0,0,0,0,0,0,0,0,0,1,0,0,0,0,255,Validation
-0.046708293,0.357386932,0.623208029,0,0,1,0,1,0,0,0,0,0,0,0,0,0,0,0,0,0,0,0,290,Validation
-1.00745146,-0.935387468,-1.370307572,0,0,0,1,1,0,0,0,0,0,0,0,0,0,0,0,0,0,0,0,166,Validation
-0.527079877,-0.935387468,-0.565233964,0,0,0,1,0,0,0,0,0,0,0,0,0,0,0,1,0,0,0,0,219,Validation
0.193477499,0.357386932,0.239839644,0,0,0,1,0,0,0,0,1,0,0,0,0,0,0,0,0,0,0,0,262,Validation
-0.527079877,-0.935387468,-0.296876095,0,0,0,1,0,0,0,0,0,0,0,0,0,0,0,1,0,0,0,0,230,Validation
-1.00745146,-0.935387468,-0.948602349,0,0,0,1,1,0,0,0,0,0,0,0,0,0,0,0,0,0,0,0,191,Validation
-0.447017946,-0.935387468,0.009818613,0,0,0,1,0,0,0,0,0,1,0,0,0,0,0,0,0,0,0,0,248,Validation
0.593787152,0.357386932,0.08649229,0,0,1,0,0,0,0,1,0,0,0,0,0,0,0,0,0,0,0,0,253,Validation
-0.527079877,-0.935387468,-0.565233964,0,0,0,1,1,0,0,0,0,0,0,0,0,0,0,0,0,0,0,0,218,Validation
-0.847327599,-0.935387468,-1.945360149,0,0,0,1,0,0,1,0,0,0,0,0,0,0,0,0,0,0,0,0,133,Validation
-0.847327599,-0.935387468,-0.795254995,0,0,0,1,0,0,0,0,0,0,0,0,0,1,0,0,0,0,0,0,206,Validation
-1.167575321,-0.935387468,-1.331970734,0,0,1,0,0,0,0,0,0,0,0,0,0,0,0,0,0,1,0,0,168,Validation
-0.767265668,-0.935387468,-1.370307572,1,0,0,0,0,0,1,0,0,0,0,0,0,0,0,0,0,0,0,0,194,Validation
-1.327699183,-0.935387468,-0.680244479,0,0,0,1,0,0,0,0,0,0,0,0,0,0,0,1,0,0,0,0,207,Validation
0.35360136,0.357386932,0.08649229,0,0,1,0,0,0,0,0,0,0,0,0,0,0,0,0,0,1,0,0,261,Validation
-0.847327599,-0.935387468,-0.373549772,0,0,1,0,0,0,0,0,0,0,0,0,0,0,0,1,0,0,0,0,231,Validation
-0.286894085,-0.935387468,0.469860675,0,0,0,1,0,0,0,0,0,0,1,0,0,0,0,0,0,0,0,0,280,Validation
-1.00745146,-0.935387468,-0.871928672,0,0,0,1,0,0,0,0,0,0,0,0,0,1,0,0,0,0,0,0,196,Validation
-1.327699183,-0.935387468,-0.986939187,0,0,0,1,0,0,0,0,0,0,0,0,0,0,0,1,0,0,0,0,189,Validation
1.074158735,1.650161332,0.278176483,0,0,1,0,0,0,0,0,0,0,0,0,0,0,1,0,0,0,0,0,269,Validation
0.753911013,1.650161332,0.393186998,0,0,1,0,0,0,0,0,0,0,0,0,0,0,1,0,0,0,0,0,276,Validation
1.71465418,2.942935732,1.581628991,0,0,1,0,0,0,0,0,0,0,0,0,0,0,0,0,0,1,0,0,347,Validation
0.35360136,0.357386932,-1.025276026,0,0,1,0,0,0,0,0,0,0,0,0,0,0,1,0,0,0,0,0,189,Validation
-1.247637252,-0.935387468,-0.795254995,0,0,0,1,0,0,1,0,0,0,0,0,0,0,0,0,0,0,0,0,203,Validation
-0.847327599,-0.935387468,0.048155452,0,1,0,0,1,0,0,0,0,0,0,0,0,0,0,0,0,0,0,0,182,Validation
2.515273486,1.650161332,1.35160796,0,0,1,0,0,0,1,0,0,0,0,0,0,0,0,0,0,0,0,0,337,Validation
-0.527079877,-0.935387468,0.124829129,0,0,0,1,0,0,0,0,0,0,0,0,0,0,0,1,0,0,0,0,255,Validation
-1.00745146,-0.935387468,-1.255297057,0,0,0,1,0,0,1,0,0,0,0,0,0,0,0,0,0,0,0,0,176,Validation
0.35360136,0.357386932,-0.066855064,0,0,1,0,1,0,0,0,0,0,0,0,0,0,0,0,0,0,0,0,246,Validation
1.074158735,1.650161332,1.504955314,0,0,1,0,1,0,0,0,0,0,0,0,0,0,0,0,0,0,0,0,343,Validation
2.515273486,1.650161332,1.159923768,0,0,1,0,0,0,0,0,0,0,0,0,0,0,0,0,1,0,0,0,325,Validation
0.273539429,0.357386932,-0.488560287,0,0,1,0,0,0,0,0,0,0,0,0,0,0,0,0,0,1,0,0,222,Validation
0.43366329,0.357386932,0.623208029,0,0,0,1,0,0,0,0,0,0,0,0,0,0,0,1,0,0,0,0,292,Validation
0.994096805,0.357386932,0.699881706,0,0,0,1,0,0,0,0,0,0,1,0,0,0,0,0,0,0,0,0,290,Validation
0.43366329,0.357386932,0.508197513,0,0,0,1,0,0,0,0,0,0,0,0,0,0,0,1,0,0,0,0,278,Validation
-1.00745146,-0.935387468,-1.370307572,0,0,0,1,0,0,1,0,0,0,0,0,0,0,0,0,0,0,0,0,167,Validation
-1.167575321,-0.935387468,-1.17862338,0,0,0,1,1,0,0,0,0,0,0,0,0,0,0,0,0,0,0,0,177,Validation
0.43366329,0.357386932,0.393186998,0,0,0,1,0,1,0,0,0,0,0,0,0,0,0,0,0,0,0,0,271,Validation
1.794716111,1.650161332,1.198260606,0,0,0,1,0,0,0,0,0,0,1,0,0,0,0,0,0,0,0,0,327,Validation
-0.847327599,-0.935387468,-1.331970734,0,0,0,1,0,0,1,0,0,0,0,0,0,0,0,0,0,0,0,0,171,Validation
-1.247637252,-0.935387468,-2.290391696,0,0,0,1,1,0,0,0,0,0,0,0,0,0,0,0,0,0,0,0,110,Validation
-0.286894085,-0.935387468,0.124829129,0,0,0,1,0,0,0,0,0,0,1,0,0,0,0,0,0,0,0,0,261,Validation
-0.046708293,0.357386932,0.08649229,0,0,0,1,1,0,0,0,0,0,0,0,0,0,0,0,0,0,0,0,253,Validation
-0.046708293,0.357386932,-0.258539256,0,0,1,0,1,0,0,0,0,0,0,0,0,0,0,0,0,0,0,0,232,Validation
-0.847327599,-0.935387468,-0.488560287,0,0,1,0,0,1,0,0,0,0,0,0,0,0,0,0,0,0,0,0,224,Validation
-1.327699183,-0.935387468,-0.795254995,0,0,0,1,0,0,0,0,0,0,0,0,0,0,0,1,0,0,0,0,205,Validation
-0.286894085,0.357386932,0.08649229,0,0,0,1,0,0,0,0,0,0,0,0,0,0,0,1,0,0,0,0,259,Validation
-0.847327599,-0.935387468,-0.603570802,0,0,1,0,0,0,0,0,0,0,0,0,0,0,0,0,0,1,0,0,212,Validation
-1.00745146,-0.935387468,-1.063612864,0,0,0,1,0,0,0,0,0,0,0,0,0,0,1,0,0,0,0,0,184,Validation
-0.847327599,-0.935387468,-0.871928672,0,0,0,1,0,0,0,0,0,0,0,0,0,0,0,1,0,0,0,0,196,Validation
-0.847327599,-0.935387468,-0.756918156,0,0,0,1,0,0,0,0,0,0,0,0,0,0,0,1,0,0,0,0,202,Validation
-0.847327599,-0.935387468,-0.181865579,0,0,1,0,1,0,0,0,0,0,0,0,0,0,0,0,0,0,0,0,237,Validation
0.593787152,0.357386932,1.044913252,0,0,1,0,0,0,0,0,0,0,0,0,0,0,0,0,0,1,0,0,315,Validation
2.515273486,1.650161332,0.469860675,0,0,1,0,0,0,0,0,0,0,0,0,0,0,0,0,0,1,0,0,276,Validation
-0.046708293,0.357386932,0.124829129,0,0,1,0,0,0,0,0,0,0,0,0,0,0,0,0,1,0,0,0,255,Validation
-1.327699183,-0.935387468,-0.871928672,0,0,0,1,0,0,0,0,0,0,0,0,0,0,0,1,0,0,0,0,196,Validation
-0.527079877,-0.935387468,-0.833591833,0,0,0,1,0,0,1,0,0,0,0,0,0,0,0,0,0,0,0,0,202,Validation
-1.167575321,-0.935387468,-0.91026551,0,0,1,0,0,0,0,0,0,0,0,0,0,1,0,0,0,0,0,0,199,Validation
2.114963833,1.650161332,1.773313183,0,0,0,1,0,0,0,0,0,0,1,0,0,0,0,0,0,0,0,0,354,Validation
-0.847327599,-0.935387468,-0.718581318,0,0,1,0,0,0,0,0,0,0,0,0,0,1,0,0,0,0,0,0,205,Validation
-0.447017946,-0.935387468,-0.066855064,0,0,1,0,0,0,0,0,0,0,0,0,0,0,0,0,0,1,0,0,249,Validation
-0.447017946,-0.935387468,-0.450223449,0,0,0,1,0,0,0,0,1,0,0,0,0,0,0,0,0,0,0,0,226,Validation
-0.447017946,-0.935387468,-0.143528741,0,0,0,1,0,0,0,0,0,0,0,1,0,0,0,0,0,0,0,0,239,Validation
0.43366329,0.357386932,0.35485016,0,0,0,1,0,0,1,0,0,0,0,0,0,0,0,0,0,0,0,0,274,Validation
-0.447017946,-0.935387468,0.08649229,0,0,1,0,0,0,0,0,0,0,0,0,0,0,0,0,0,1,0,0,257,Validation
-0.607141807,-0.935387468,-0.450223449,0,0,0,1,0,0,0,0,0,0,0,0,0,0,1,0,0,0,0,0,226,Validation
0.753911013,1.650161332,0.85322906,0,0,1,0,0,0,0,0,0,0,0,0,0,0,0,0,0,1,0,0,304,Validation
-0.847327599,-0.935387468,-0.871928672,0,0,0,1,0,0,0,0,0,0,0,0,0,0,0,1,0,0,0,0,196,Validation
0.513725221,0.357386932,0.278176483,0,0,1,0,0,0,0,0,0,0,0,0,0,0,0,0,0,1,0,0,270,Validation
1.074158735,1.650161332,0.776555383,0,0,1,0,0,0,0,0,0,0,0,0,0,0,0,0,1,0,0,0,302,Validation
-0.847327599,-0.935387468,-1.446981249,0,0,0,1,0,0,1,0,0,0,0,0,0,0,0,0,0,0,0,0,161,Validation
-1.00745146,-0.935387468,-1.485318087,0,0,0,1,0,0,1,0,0,0,0,0,0,0,0,0,0,0,0,0,159,Validation
1.794716111,1.650161332,1.044913252,0,0,0,1,0,0,0,0,0,0,1,0,0,0,0,0,0,0,0,0,316,Validation
0.43366329,0.357386932,-0.066855064,0,0,0,1,1,0,0,0,0,0,0,0,0,0,0,0,0,0,0,0,248,Validation
-0.847327599,-0.935387468,-0.641907641,0,0,1,0,0,0,0,0,0,0,0,0,0,0,0,0,0,1,0,0,212,Validation
-0.847327599,-0.935387468,-0.718581318,0,0,1,0,0,0,0,0,0,0,0,0,0,0,1,0,0,0,0,0,208,Validation
-0.847327599,-0.935387468,-0.450223449,0,0,1,0,0,0,0,1,0,0,0,0,0,0,0,0,0,0,0,0,224,Validation
-1.327699183,-0.935387468,-1.140286541,0,0,0,1,0,0,1,0,0,0,0,0,0,0,0,0,0,0,0,0,179,Validation
-0.847327599,-0.935387468,-0.91026551,0,0,0,1,0,0,1,0,0,0,0,0,0,0,0,0,0,0,0,0,193,Validation
-0.847327599,-0.935387468,-0.641907641,0,0,1,0,0,0,1,0,0,0,0,0,0,0,0,0,0,0,0,0,212,Validation
0.35360136,0.357386932,-1.216960218,0,0,1,0,0,0,1,0,0,0,0,0,0,0,0,0,0,0,0,0,175,Validation
0.753911013,0.357386932,0.891565898,0,0,0,1,0,0,0,0,0,1,0,0,0,0,0,0,0,0,0,0,301,Validation
0.35360136,0.357386932,-0.066855064,0,0,0,1,0,0,0,0,0,0,0,0,0,0,0,1,0,0,0,0,244,Validation
2.114963833,1.650161332,0.58487119,0,0,0,1,0,1,0,0,0,0,0,0,0,0,0,0,0,0,0,0,283,Validation
2.515273486,1.650161332,1.504955314,0,0,1,0,0,0,1,0,0,0,0,0,0,0,0,0,0,0,0,0,338,Validation
-0.046708293,0.357386932,-0.335212933,0,0,1,0,1,0,0,0,0,0,0,0,0,0,0,0,0,0,0,0,232,Validation
0.35360136,0.357386932,0.124829129,0,0,0,1,0,0,0,0,0,0,0,0,0,0,0,1,0,0,0,0,255,Validation
0.43366329,0.357386932,0.508197513,0,0,0,1,0,0,0,0,0,0,0,0,0,0,0,1,0,0,0,0,284,Validation
-0.527079877,-0.935387468,-0.181865579,0,0,0,1,0,0,0,0,0,0,0,0,0,0,0,1,0,0,0,0,237,Validation
0.35360136,0.357386932,0.048155452,0,0,0,1,0,0,0,0,0,0,0,0,0,0,0,1,0,0,0,0,256,Validation
-0.847327599,-0.935387468,-0.373549772,0,0,1,0,0,0,0,1,0,0,0,0,0,0,0,0,0,0,0,0,229,Validation
1.794716111,1.650161332,1.274934283,0,0,0,1,0,0,0,0,0,0,1,0,0,0,0,0,0,0,0,0,331,Validation
-0.447017946,-0.935387468,-0.833591833,0,0,0,1,0,0,0,0,0,0,0,0,0,0,0,1,0,0,0,0,198,Validation
0.35360136,0.357386932,-0.143528741,0,0,1,0,1,0,0,0,0,0,0,0,0,0,0,0,0,0,0,0,239,Validation
-0.847327599,-0.935387468,-1.025276026,0,0,0,1,0,0,0,0,0,0,0,0,0,0,0,1,0,0,0,0,188,Validation
1.314344527,1.650161332,1.504955314,0,0,1,0,0,0,0,0,0,0,0,0,0,0,0,0,0,1,0,0,343,Validation
-0.847327599,-0.935387468,-0.258539256,0,0,1,0,0,0,0,0,0,0,0,0,0,0,1,0,0,0,0,0,236,Validation
0.593787152,0.357386932,0.163165967,0,0,1,0,0,0,0,1,0,0,0,0,0,0,0,0,0,0,0,0,258,Validation
-1.167575321,-0.935387468,-1.17862338,0,0,0,1,1,0,0,0,0,0,0,0,0,0,0,0,0,0,0,0,179,Validation
-1.247637252,-0.935387468,-2.252054857,0,0,0,1,0,0,1,0,0,0,0,0,0,0,0,0,0,0,0,0,114,Validation
0.43366329,0.357386932,1.274934283,0,0,0,1,0,0,0,0,0,1,0,0,0,0,0,0,0,0,0,0,331,Validation
-0.607141807,-0.935387468,0.009818613,0,0,0,1,0,0,0,0,0,0,0,0,0,0,0,0,1,0,0,0,253,Validation
-0.527079877,-0.935387468,-0.641907641,0,0,0,1,0,0,0,0,0,0,0,0,0,0,0,1,0,0,0,0,214,Validation
1.234282596,1.650161332,0.814892221,0,0,1,0,0,0,1,0,0,0,0,0,0,0,0,0,0,0,0,0,303,Validation
-0.847327599,-0.935387468,-1.063612864,0,0,0,1,1,0,0,0,0,0,0,0,0,0,0,0,0,0,0,0,186,Validation
1.074158735,1.650161332,1.504955314,0,0,1,0,1,0,0,0,0,0,0,0,0,0,0,0,0,0,0,0,344,Validation
0.43366329,0.357386932,1.84998686,0,1,0,0,0,0,1,0,0,0,0,0,0,0,0,0,0,0,0,0,250,Validation
2.034901902,1.650161332,2.463376276,0,0,0,1,0,0,0,0,0,0,1,0,0,0,0,0,0,0,0,0,396,Validation
-0.046708293,0.357386932,-0.143528741,0,0,1,0,1,0,0,0,0,0,0,0,0,0,0,0,0,0,0,0,242,Validation
0.35360136,0.357386932,0.393186998,0,0,0,1,0,1,0,0,0,0,0,0,0,0,0,0,0,0,0,0,271,Validation
-0.046708293,0.357386932,-0.296876095,0,0,1,0,1,0,0,0,0,0,0,0,0,0,0,0,0,0,0,0,233,Validation
1.794716111,1.650161332,1.389944798,0,0,0,1,0,0,0,0,0,0,0,0,0,0,0,0,1,0,0,0,337,Validation
-0.847327599,-0.935387468,-0.181865579,0,0,0,1,0,0,0,0,0,0,0,0,0,0,0,1,0,0,0,0,240,Validation
-1.167575321,-0.935387468,-1.293633895,1,0,0,0,0,0,0,0,0,0,0,0,0,0,0,1,0,0,0,0,198,Validation
-1.167575321,-0.935387468,-1.331970734,0,0,0,1,1,0,0,0,0,0,0,0,0,0,0,0,0,0,0,0,173,Validation
0.593787152,0.357386932,-0.066855064,0,0,1,0,0,0,0,1,0,0,0,0,0,0,0,0,0,0,0,0,244,Validation
-0.847327599,-0.935387468,-0.373549772,0,0,1,0,1,0,0,0,0,0,0,0,0,0,0,0,0,0,0,0,225,Validation
-1.407761113,-0.935387468,-0.603570802,0,0,0,1,0,0,0,0,0,0,0,0,0,0,0,1,0,0,0,0,216,Validation
-1.00745146,-0.935387468,-2.443739049,0,0,0,1,0,0,1,0,0,0,0,0,0,0,0,0,0,0,0,0,105,Validation
2.114963833,1.650161332,1.083250091,0,0,0,1,0,0,0,0,0,0,1,0,0,0,0,0,0,0,0,0,313,Validation
1.71465418,2.942935732,1.543292152,0,0,1,0,0,0,0,0,0,0,0,0,0,0,0,0,0,1,0,0,347,Validation
1.074158735,1.650161332,0.738218544,0,0,1,0,0,1,0,0,0,0,0,0,0,0,0,0,0,0,0,0,292,Validation
2.034901902,1.650161332,1.773313183,0,0,0,1,0,0,0,0,0,0,0,0,0,0,0,0,1,0,0,0,362,Validation
-0.527079877,-0.935387468,0.124829129,0,0,0,1,0,0,0,0,0,0,0,0,0,0,0,1,0,0,0,0,259,Validation
-1.407761113,-0.935387468,-0.641907641,0,0,0,1,0,0,0,0,0,0,0,0,0,0,0,1,0,0,0,0,213,Validation
-0.046708293,0.357386932,-0.373549772,0,0,1,0,0,0,0,1,0,0,0,0,0,0,0,0,0,0,0,0,228,Validation
-0.046708293,0.357386932,-0.41188661,0,0,1,0,0,0,0,1,0,0,0,0,0,0,0,0,0,0,0,0,228,Validation
-0.847327599,-0.935387468,-0.373549772,0,0,0,1,0,0,0,0,0,0,0,0,0,0,0,1,0,0,0,0,225,Validation
-1.327699183,-0.935387468,-1.140286541,0,0,0,1,0,0,0,0,0,0,0,0,0,0,0,1,0,0,0,0,182,Validation
-0.046708293,0.357386932,0.048155452,0,0,1,0,0,0,0,0,0,0,0,0,0,0,0,1,0,0,0,0,251,Validation
-0.847327599,-0.935387468,-0.91026551,0,0,1,0,0,0,0,1,0,0,0,0,0,0,0,0,0,0,0,0,197,Test
-0.847327599,-0.935387468,-0.450223449,0,0,1,0,1,0,0,0,0,0,0,0,0,0,0,0,0,0,0,0,221,Test
0.43366329,0.357386932,0.124829129,0,0,0,1,0,1,0,0,0,0,0,0,0,0,0,0,0,0,0,0,260,Test
-1.167575321,-0.935387468,-1.140286541,0,0,1,0,1,0,0,0,0,0,0,0,0,0,0,0,0,0,0,0,179,Test
-0.847327599,-0.935387468,-0.450223449,0,0,1,0,0,0,0,0,0,0,0,0,0,0,0,1,0,0,0,0,226,Test
-0.527079877,-0.935387468,-0.986939187,0,0,1,0,1,0,0,0,0,0,0,0,0,0,0,0,0,0,0,0,192,Test
0.43366329,0.357386932,1.926660537,0,1,0,0,0,0,1,0,0,0,0,0,0,0,0,0,0,0,0,0,253,Test
-1.247637252,-0.935387468,-1.370307572,0,0,0,1,0,1,0,0,0,0,0,0,0,0,0,0,0,0,0,0,168,Test
0.994096805,0.357386932,1.274934283,0,0,0,1,0,0,0,0,0,0,1,0,0,0,0,0,0,0,0,0,331,Test
-0.447017946,-0.289000268,-0.181865579,0,0,0,1,0,0,0,0,0,0,0,0,0,0,0,1,0,0,0,0,237,Test
0.35360136,0.357386932,0.048155452,0,0,1,0,0,0,1,0,0,0,0,0,0,0,0,0,0,0,0,0,254,Test
-1.327699183,-0.935387468,-1.293633895,0,0,0,1,0,0,0,0,0,0,0,0,0,1,0,0,0,0,0,0,174,Test
-0.847327599,-0.935387468,-0.181865579,0,0,1,0,1,0,0,0,0,0,0,0,0,0,0,0,0,0,0,0,241,Test
0.593787152,0.357386932,0.048155452,0,0,1,0,0,0,0,1,0,0,0,0,0,0,0,0,0,0,0,0,251,Test
-0.847327599,-0.935387468,-0.986939187,0,0,1,0,0,0,0,1,0,0,0,0,0,0,0,0,0,0,0,0,193,Test
-1.327699183,-0.935387468,-1.101949703,0,0,0,1,0,0,0,1,0,0,0,0,0,0,0,0,0,0,0,0,186,Test
0.43366329,0.357386932,0.35485016,0,0,0,1,0,0,1,0,0,0,0,0,0,0,0,0,0,0,0,0,269,Test
0.593787152,0.357386932,0.508197513,0,0,0,1,0,1,0,0,0,0,0,0,0,0,0,0,0,0,0,0,285,Test
-0.847327599,-0.935387468,-0.488560287,0,0,0,1,0,0,0,0,0,0,0,0,0,0,1,0,0,0,0,0,223,Test
0.43366329,0.357386932,0.316513321,0,0,0,1,0,1,0,0,0,0,0,0,0,0,0,0,0,0,0,0,267,Test
-1.00745146,-0.935387468,-0.718581318,0,0,1,0,0,0,0,0,0,0,0,0,0,0,0,0,0,1,0,0,205,Test
-1.247637252,-0.935387468,-1.293633895,0,0,1,0,0,1,0,0,0,0,0,0,0,0,0,0,0,0,0,0,172,Test
2.515273486,1.650161332,2.195018406,0,0,1,0,0,0,0,0,0,0,0,0,0,0,0,0,0,1,0,0,380,Test
-1.327699183,-0.935387468,-1.101949703,0,0,0,1,0,0,0,1,0,0,0,0,0,0,0,0,0,0,0,0,183,Test
-0.046708293,0.357386932,0.201502806,0,0,1,0,0,1,0,0,0,0,0,0,0,0,0,0,0,0,0,0,260,Test
1.794716111,1.650161332,0.929902737,0,0,0,1,0,0,0,0,0,0,0,0,0,0,0,0,1,0,0,0,310,Test
-0.847327599,-0.935387468,-0.91026551,0,0,1,0,0,0,0,0,0,0,0,0,0,0,1,0,0,0,0,0,193,Test
-0.847327599,-0.935387468,-0.641907641,0,0,1,0,0,0,1,0,0,0,0,0,0,0,0,0,0,0,0,0,214,Test
-0.046708293,0.357386932,-0.066855064,1,0,0,0,0,0,0,0,0,0,1,0,0,0,0,0,0,0,0,0,283,Test
0.43366329,0.357386932,1.006576414,0,0,0,1,0,0,0,0,0,0,0,0,0,0,0,1,0,0,0,0,308,Test
-0.046708293,0.357386932,-0.373549772,0,0,1,0,0,0,0,0,0,0,0,0,0,0,1,0,0,0,0,0,228,Test
1.794716111,1.650161332,2.463376276,0,1,0,0,0,0,0,0,0,0,0,0,0,0,0,0,1,0,0,0,285,Test
-0.527079877,-0.935387468,-0.296876095,0,0,0,1,0,0,0,0,0,0,0,0,0,0,0,1,0,0,0,0,235,Test
-1.00745146,-0.935387468,-1.331970734,0,0,0,1,0,0,1,0,0,0,0,0,0,0,0,0,0,0,0,0,171,Test
-1.167575321,-0.935387468,-1.17862338,0,0,0,1,1,0,0,0,0,0,0,0,0,0,0,0,0,0,0,0,179,Test
2.114963833,1.650161332,1.773313183,0,0,0,1,0,0,0,0,0,0,1,0,0,0,0,0,0,0,0,0,361,Test
-1.327699183,-0.935387468,-0.948602349,0,0,0,1,1,0,0,0,0,0,0,0,0,0,0,0,0,0,0,0,191,Test
0.43366329,0.357386932,0.393186998,0,0,0,1,0,0,0,0,0,1,0,0,0,0,0,0,0,0,0,0,271,Test
2.515273486,1.650161332,1.159923768,0,0,1,0,0,0,0,0,0,0,0,0,0,0,0,0,1,0,0,0,325,Test
-0.847327599,-0.935387468,-0.296876095,0,0,1,0,0,0,0,0,0,0,0,0,0,0,0,1,0,0,0,0,233,Test
-0.447017946,-0.935387468,-0.795254995,0,0,0,1,0,0,1,0,0,0,0,0,0,0,0,0,0,0,0,0,204,Test
-0.527079877,-0.935387468,1.121586929,0,1,0,0,0,0,0,0,0,0,0,0,0,0,0,1,0,0,0,0,219,Test
-1.00745146,-0.935387468,-1.408644411,0,0,0,1,1,0,0,0,0,0,0,0,0,0,0,0,0,0,0,0,163,Test
-0.046708293,0.357386932,-0.488560287,0,0,1,0,0,0,0,0,0,0,0,0,0,0,1,0,0,0,0,0,222,Test
0.43366329,0.357386932,1.389944798,0,1,0,0,0,0,1,0,0,0,0,0,0,0,0,0,0,0,0,0,230,Test
1.554530319,1.650161332,1.083250091,0,0,0,1,0,0,0,0,0,0,0,0,0,0,1,0,0,0,0,0,319,Test
0.593787152,0.357386932,0.431523836,0,0,1,0,0,0,0,1,0,0,0,0,0,0,0,0,0,0,0,0,274,Test
0.35360136,0.357386932,-0.871928672,0,0,0,1,0,0,0,0,0,0,0,0,0,0,0,0,1,0,0,0,198,Test
0.753911013,0.357386932,1.658302668,0,0,1,0,0,0,0,0,0,0,0,0,0,0,0,0,0,1,0,0,350,Test
0.593787152,0.357386932,0.08649229,0,0,1,0,0,0,0,1,0,0,0,0,0,0,0,0,0,0,0,0,253,Test
-0.447017946,-0.935387468,0.201502806,0,0,0,1,0,0,0,0,0,1,0,0,0,0,0,0,0,0,0,0,265,Test
-0.447017946,-0.935387468,-1.216960218,0,0,0,1,0,0,1,0,0,0,0,0,0,0,0,0,0,0,0,0,175,Test
1.554530319,1.650161332,3.038428853,0,1,0,0,0,0,0,0,0,0,1,0,0,0,0,0,0,0,0,0,306,Test
-0.447017946,-0.935387468,-0.718581318,0,0,0,1,0,0,1,0,0,0,0,0,0,0,0,0,0,0,0,0,205,Test
0.193477499,0.357386932,1.581628991,0,1,0,0,0,0,0,0,0,0,1,0,0,0,0,0,0,0,0,0,247,Test
0.43366329,0.357386932,0.08649229,0,0,0,1,0,0,1,0,0,0,0,0,0,0,0,0,0,0,0,0,258,Test
0.43366329,0.357386932,0.508197513,0,0,0,1,0,0,0,0,0,0,0,0,0,0,0,1,0,0,0,0,284,Test
0.43366329,0.357386932,0.278176483,0,0,1,0,0,0,0,0,0,0,0,0,0,0,0,0,1,0,0,0,268,Test
0.593787152,0.357386932,0.08649229,0,0,1,0,0,0,0,1,0,0,0,0,0,0,0,0,0,0,0,0,259,Test
1.554530319,1.650161332,0.661544867,0,0,1,0,1,0,0,0,0,0,0,0,0,0,0,0,0,0,0,0,293,Test
-1.00745146,-0.935387468,-1.025276026,0,0,0,1,0,0,1,0,0,0,0,0,0,0,0,0,0,0,0,0,189,Test
-0.847327599,-0.935387468,-1.063612864,0,0,0,1,1,0,0,0,0,0,0,0,0,0,0,0,0,0,0,0,188,Test
-0.847327599,-0.935387468,-0.450223449,0,0,1,0,0,0,0,0,0,0,0,0,0,0,0,1,0,0,0,0,225,Test
-1.247637252,-1.581774668,-1.255297057,0,0,1,0,0,0,0,1,0,0,0,0,0,0,0,0,0,0,0,0,175,Test
-0.847327599,-0.935387468,-0.526897125,0,0,1,0,0,0,0,0,0,0,0,0,0,0,0,1,0,0,0,0,216,Test
2.114963833,1.650161332,0.814892221,0,0,0,1,0,1,0,0,0,0,0,0,0,0,0,0,0,0,0,0,302,Test
-0.046708293,0.357386932,-0.373549772,1,0,0,0,0,0,0,0,0,0,1,0,0,0,0,0,0,0,0,0,264,Test
-0.847327599,-0.935387468,-0.641907641,0,0,0,1,0,0,0,0,0,0,0,0,0,0,0,1,0,0,0,0,214,Test
-1.167575321,-0.935387468,-0.986939187,0,0,1,0,0,0,0,0,0,0,0,0,0,1,0,0,0,0,0,0,194,Test
-0.046708293,0.357386932,-0.143528741,0,0,1,0,0,0,0,0,0,0,0,0,0,0,0,1,0,0,0,0,242,Test
1.554530319,1.650161332,0.968239575,0,0,1,0,0,1,0,0,0,0,0,0,0,0,0,0,0,0,0,0,313,Test
-0.447017946,-0.935387468,-1.063612864,0,0,0,1,0,0,1,0,0,0,0,0,0,0,0,0,0,0,0,0,188,Test
-0.527079877,-0.935387468,-0.258539256,0,0,0,1,0,0,0,0,0,0,0,0,0,0,0,1,0,0,0,0,241,Test
1.394406458,1.650161332,2.770070984,0,0,0,1,0,0,0,0,0,0,0,0,0,0,0,0,0,0,0,1,414,Test
2.515273486,1.650161332,1.198260606,0,0,1,0,0,0,0,0,0,0,0,0,0,0,0,0,1,0,0,0,327,Test
-0.447017946,-0.935387468,-0.028518225,0,0,1,0,0,0,0,0,0,0,0,0,0,0,0,0,0,1,0,0,249,Test
-0.527079877,-0.935387468,-1.063612864,0,0,0,1,0,0,1,0,0,0,0,0,0,0,0,0,0,0,0,0,184,Test
-1.327699183,-0.935387468,-1.331970734,0,0,0,1,1,0,0,0,0,0,0,0,0,0,0,0,0,0,0,0,172,Test
1.314344527,1.650161332,1.84998686,0,0,1,0,0,0,0,0,0,0,0,0,0,0,0,0,1,0,0,0,359,Test
-1.167575321,-0.935387468,-0.833591833,0,0,1,0,1,0,0,0,0,0,0,0,0,0,0,0,0,0,0,0,201,Test
-0.527079877,-0.935387468,-0.41188661,0,0,0,1,0,0,0,0,0,0,0,0,0,0,0,1,0,0,0,0,226,Test
1.794716111,1.650161332,2.34836576,0,1,0,0,0,0,0,0,0,0,1,0,0,0,0,0,0,0,0,0,270,Test
-0.847327599,-0.935387468,-0.220202418,0,0,1,0,0,0,0,0,0,0,0,0,0,0,0,1,0,0,0,0,238,Test
0.43366329,0.357386932,0.009818613,0,0,0,1,0,1,0,0,0,0,0,0,0,0,0,0,0,0,0,0,254,Test
-0.847327599,-0.935387468,-0.603570802,0,0,0,1,0,0,0,0,0,0,0,0,0,0,0,0,0,1,0,0,213,Test
-1.247637252,-1.581774668,-1.101949703,0,0,0,1,0,0,0,0,0,0,0,0,0,0,0,1,0,0,0,0,185,Test
-0.046708293,0.357386932,0.508197513,0,0,1,0,0,0,0,0,0,0,0,0,0,0,1,0,0,0,0,0,278,Test
2.114963833,1.650161332,2.156681568,0,0,0,1,0,0,0,0,0,0,0,0,0,0,0,0,1,0,0,0,385,Test
-0.847327599,-0.935387468,-0.335212933,0,0,1,0,0,0,0,0,0,0,0,0,0,0,0,0,0,1,0,0,228,Test
2.515273486,1.650161332,1.274934283,0,0,1,0,0,0,0,0,0,0,1,0,0,0,0,0,0,0,0,0,324,Test
-0.847327599,-0.935387468,-0.833591833,0,0,0,1,1,0,0,0,0,0,0,0,0,0,0,0,0,0,0,0,198,Test
1.074158735,1.650161332,0.776555383,0,0,1,0,0,1,0,0,0,0,0,0,0,0,0,0,0,0,0,0,294,Test
0.35360136,0.357386932,1.428281637,0,0,0,1,0,0,0,0,0,0,1,0,0,0,0,0,0,0,0,0,339,Test
-1.00745146,-0.935387468,-1.101949703,0,0,0,1,0,0,1,0,0,0,0,0,0,0,0,0,0,0,0,0,182,Test
-0.847327599,-0.935387468,-1.983696988,0,0,0,1,0,0,1,0,0,0,0,0,0,0,0,0,0,0,0,0,131,Test
-0.527079877,-0.935387468,-1.140286541,0,0,0,1,0,0,1,0,0,0,0,0,0,0,0,0,0,0,0,0,179,Test
1.794716111,1.650161332,0.85322906,0,0,0,1,0,0,0,0,0,0,0,0,0,0,0,0,1,0,0,0,305,Test
2.114963833,1.650161332,0.968239575,0,0,0,1,0,1,0,0,0,0,0,0,0,0,0,0,0,0,0,0,312,Test
0.35360136,0.357386932,-0.526897125,0,0,0,1,0,0,1,0,0,0,0,0,0,0,0,0,0,0,0,0,219,Test
0.513725221,0.357386932,0.316513321,0,0,1,0,0,0,1,0,0,0,0,0,0,0,0,0,0,0,0,0,267,Test
-1.167575321,-0.935387468,-1.715339118,1,0,0,0,1,0,0,0,0,0,0,0,0,0,0,0,0,0,0,0,170,Test
-0.527079877,-0.935387468,-0.948602349,0,0,1,0,1,0,0,0,0,0,0,0,0,0,0,0,0,0,0,0,191,Test
-0.447017946,-0.935387468,1.313271121,0,1,0,0,0,0,0,0,0,0,0,1,0,0,0,0,0,0,0,0,234,Test
2.515273486,1.650161332,1.581628991,0,0,1,0,0,0,0,0,0,0,0,0,0,0,1,0,0,0,0,0,349,Test
0.43366329,0.357386932,0.508197513,0,0,0,1,0,0,0,0,0,0,0,0,0,0,0,1,0,0,0,0,278,Test
0.43366329,0.357386932,0.699881706,0,0,0,1,0,0,0,0,0,0,0,0,0,0,0,0,1,0,0,0,290,Test
-1.00745146,-0.935387468,-1.983696988,0,0,0,1,1,0,0,0,0,0,0,0,0,0,0,0,0,0,0,0,129,Test
-0.527079877,-0.935387468,-0.718581318,0,0,1,0,1,0,0,0,0,0,0,0,0,0,0,0,0,0,0,0,209,Test
-1.00745146,-0.935387468,-1.523654926,0,0,0,1,0,0,1,0,0,0,0,0,0,0,0,0,0,0,0,0,156,Test
-1.247637252,-0.935387468,-1.446981249,0,0,0,1,0,0,0,0,0,0,0,0,0,1,0,0,0,0,0,0,166,Test
-1.167575321,-0.935387468,-0.526897125,0,0,0,1,1,0,0,0,0,0,0,0,0,0,0,0,0,0,0,0,218,Test
-1.327699183,-0.935387468,-0.948602349,0,0,0,1,0,0,0,0,0,0,0,0,0,0,0,1,0,0,0,0,194,Test
-0.046708293,0.357386932,-0.105191902,0,0,1,0,1,0,0,0,0,0,0,0,0,0,0,0,0,0,0,0,247,Test
0.753911013,1.650161332,0.201502806,0,0,1,0,0,0,1,0,0,0,0,0,0,0,0,0,0,0,0,0,265,Test
-0.046708293,0.357386932,0.316513321,0,0,1,0,0,0,0,0,0,0,0,0,0,0,0,0,1,0,0,0,272,Test
-0.847327599,-0.935387468,-0.258539256,0,0,1,0,1,0,0,0,0,0,0,0,0,0,0,0,0,0,0,0,232,Test
-0.527079877,-0.935387468,-0.488560287,0,0,0,1,0,0,0,0,0,0,0,0,0,0,0,1,0,0,0,0,223,Test
-0.126770224,0.357386932,0.623208029,0,0,1,0,0,0,0,0,0,0,0,0,0,0,0,1,0,0,0,0,292,Test
-0.847327599,-0.935387468,-0.565233964,0,0,1,0,1,0,0,0,0,0,0,0,0,0,0,0,0,0,0,0,214,Test
-1.167575321,-0.935387468,-2.060370665,0,0,0,1,0,0,0,0,0,0,0,0,0,1,0,0,0,0,0,0,129,Test
2.034901902,1.650161332,2.233355245,0,0,0,1,0,0,0,0,0,0,0,0,0,0,0,0,1,0,0,0,382,Test
0.43366329,0.357386932,0.08649229,0,0,0,1,0,1,0,0,0,0,0,0,0,0,0,0,0,0,0,0,258,Test
-0.046708293,0.357386932,-0.373549772,0,0,1,0,0,0,0,0,0,0,0,0,0,0,1,0,0,0,0,0,230,Test
-0.527079877,-0.935387468,-0.756918156,0,0,0,1,0,0,1,0,0,0,0,0,0,0,0,0,0,0,0,0,202,Test
-0.046708293,0.357386932,0.393186998,0,0,1,0,0,0,0,0,0,0,0,0,0,0,0,1,0,0,0,0,277,Test
0.113415568,0.357386932,-0.066855064,0,0,0,1,0,0,0,0,0,0,0,0,0,0,0,1,0,0,0,0,249,Test
-0.847327599,-0.935387468,-0.028518225,0,0,1,0,0,0,0,0,0,0,0,0,0,0,0,0,1,0,0,0,248,Test
0.994096805,0.357386932,2.425039437,0,1,0,0,0,0,0,0,0,0,1,0,0,0,0,0,0,0,0,0,274,Test
-1.327699183,-0.935387468,-0.795254995,0,0,0,1,0,0,0,1,0,0,0,0,0,0,0,0,0,0,0,0,203,Test
-0.046708293,0.357386932,0.08649229,0,0,1,0,1,0,0,0,0,0,0,0,0,0,0,0,0,0,0,0,253,Test
-0.847327599,-0.935387468,-1.293633895,0,0,0,1,1,0,0,0,0,0,0,0,0,0,0,0,0,0,0,0,173,Test
-0.847327599,-0.935387468,-0.335212933,0,0,0,1,0,0,0,0,0,0,0,0,0,0,0,1,0,0,0,0,233,Test
-0.447017946,-0.935387468,1.35160796,0,1,0,0,0,0,0,0,0,0,0,1,0,0,0,0,0,0,0,0,234,Test
1.074158735,1.650161332,1.198260606,0,0,1,0,0,0,1,0,0,0,0,0,0,0,0,0,0,0,0,0,324,Test
2.034901902,1.650161332,1.274934283,0,0,0,1,0,0,0,0,0,0,1,0,0,0,0,0,0,0,0,0,331,Test
-0.847327599,-0.935387468,-0.680244479,0,0,1,0,0,0,0,0,0,0,0,0,0,0,1,0,0,0,0,0,211,Test
2.675397347,1.650161332,0.85322906,0,0,1,0,0,1,0,0,0,0,0,0,0,0,0,0,0,0,0,0,304,Test
0.753911013,0.357386932,1.389944798,0,0,0,1,0,0,0,0,0,0,0,0,0,0,0,1,0,0,0,0,331,Test
-0.847327599,-0.935387468,-0.105191902,0,0,1,0,0,0,0,0,0,0,0,1,0,0,0,0,0,0,0,0,248,Test
0.43366329,0.357386932,1.083250091,0,1,0,0,0,0,1,0,0,0,0,0,0,0,0,0,0,0,0,0,225,Test
-0.847327599,-0.935387468,-0.641907641,0,0,1,0,0,0,0,0,0,0,0,0,0,0,0,1,0,0,0,0,212,Test
0.35360136,0.357386932,-0.450223449,0,0,0,1,0,0,1,0,0,0,0,0,0,0,0,0,0,0,0,0,225,Test
-0.046708293,0.357386932,0.623208029,0,0,1,0,0,1,0,0,0,0,0,0,0,0,0,0,0,0,0,0,285,Test
-0.447017946,-0.935387468,-1.025276026,0,0,0,1,0,0,0,0,0,0,0,0,0,0,0,1,0,0,0,0,190,Test
-0.046708293,0.357386932,-0.220202418,0,0,1,0,0,0,0,0,0,0,0,0,0,0,0,0,0,1,0,0,238,Test
0.35360136,0.357386932,1.504955314,0,0,0,1,0,0,0,0,0,0,0,0,0,0,0,0,0,0,0,1,338,Test
-0.046708293,0.357386932,-0.373549772,0,0,1,0,1,0,0,0,0,0,0,0,0,0,0,0,0,0,0,0,230,Test
2.034901902,1.650161332,0.776555383,0,0,1,0,0,0,1,0,0,0,0,0,0,0,0,0,0,0,0,0,300,Test
-1.167575321,-0.935387468,-0.680244479,0,0,0,1,0,0,1,0,0,0,0,0,0,0,0,0,0,0,0,0,214,Test
2.515273486,1.650161332,1.236597445,0,0,1,0,0,0,0,0,0,0,1,0,0,0,0,0,0,0,0,0,322,Test
-0.847327599,-0.935387468,-0.181865579,0,0,1,0,0,0,0,0,0,0,0,0,0,0,1,0,0,0,0,0,237,Test
-0.847327599,-0.935387468,-0.756918156,0,0,1,0,1,0,0,0,0,0,0,0,0,0,0,0,0,0,0,0,202,Test
0.43366329,0.357386932,-0.066855064,0,0,0,1,1,0,0,0,0,0,0,0,0,0,0,0,0,0,0,0,248,Test
-0.046708293,0.357386932,-0.105191902,0,0,1,0,1,0,0,0,0,0,0,0,0,0,0,0,0,0,0,0,248,Test
-0.847327599,-0.935387468,-0.795254995,0,0,0,1,0,1,0,0,0,0,0,0,0,0,0,0,0,0,0,0,207,Test
0.35360136,0.357386932,-0.91026551,0,0,0,1,0,0,0,0,0,0,0,0,0,0,0,0,1,0,0,0,195,Test
-0.847327599,-0.935387468,-0.565233964,0,0,0,1,0,0,0,0,0,0,0,1,0,0,0,0,0,0,0,0,214,Test
1.794716111,1.650161332,0.85322906,0,0,0,1,0,0,0,0,0,0,0,0,0,0,0,0,1,0,0,0,305,Test
-1.00745146,-0.935387468,-1.293633895,0,0,0,1,0,0,1,0,0,0,0,0,0,0,0,0,0,0,0,0,170,Test
-0.046708293,0.357386932,0.163165967,0,0,1,0,0,1,0,0,0,0,0,0,0,0,0,0,0,0,0,0,263,Test
-0.847327599,-0.935387468,-0.680244479,0,0,0,1,0,0,0,0,0,0,0,0,0,0,0,1,0,0,0,0,213,Test
1.954839972,1.650161332,2.731734145,0,0,1,0,0,0,0,0,0,0,0,0,0,0,0,0,1,0,0,0,419,Test
0.513725221,0.357386932,0.239839644,0,0,0,1,0,0,1,0,0,0,0,0,0,0,0,0,0,0,0,0,262,Test
0.753911013,1.650161332,0.431523836,0,0,1,0,0,1,0,0,0,0,0,0,0,0,0,0,0,0,0,0,279,Test
0.43366329,0.357386932,0.048155452,0,0,0,1,0,0,0,0,0,0,0,0,0,0,0,0,1,0,0,0,257,Test
0.593787152,0.357386932,0.546534352,0,0,1,0,0,0,0,0,0,0,0,0,0,0,1,0,0,0,0,0,284,Test
0.43366329,0.357386932,0.776555383,0,0,1,0,0,1,0,0,0,0,0,0,0,0,0,0,0,0,0,0,299,Test
1.794716111,1.650161332,0.85322906,0,0,0,1,0,0,0,0,0,0,0,0,0,0,0,0,1,0,0,0,304,Test
-1.167575321,-0.935387468,-1.523654926,0,0,0,1,1,0,0,0,0,0,0,0,0,0,0,0,0,0,0,0,156,Test
0.994096805,0.357386932,1.274934283,0,0,0,1,0,0,0,0,0,0,1,0,0,0,0,0,0,0,0,0,331,Test
1.554530319,1.650161332,3.345123561,0,1,0,0,0,0,0,0,0,0,1,0,0,0,0,0,0,0,0,0,325,Test
-0.847327599,-0.935387468,-0.181865579,0,0,1,0,1,0,0,0,0,0,0,0,0,0,0,0,0,0,0,0,241,Test
0.753911013,1.650161332,0.776555383,0,0,1,0,0,0,0,0,0,0,0,0,0,0,0,0,0,1,0,0,302,Test
2.114963833,1.650161332,1.926660537,0,0,1,0,0,0,0,0,0,0,0,0,0,0,0,0,1,0,0,0,371,Test
-0.847327599,-0.935387468,-1.101949703,0,0,0,1,1,0,0,0,0,0,0,0,0,0,0,0,0,0,0,0,185,Test
0.593787152,0.357386932,0.08649229,0,0,1,0,0,0,0,1,0,0,0,0,0,0,0,0,0,0,0,0,253,Test
-0.527079877,-0.935387468,-0.258539256,0,0,0,1,0,0,0,0,0,0,0,0,0,0,0,1,0,0,0,0,238,Test
-0.847327599,-0.935387468,-0.833591833,0,0,1,0,0,0,0,0,0,0,0,0,0,0,1,0,0,0,0,0,202,Test
-0.046708293,0.357386932,0.124829129,0,0,1,0,0,0,0,0,0,0,0,0,0,0,0,0,1,0,0,0,255,Test
0.43366329,0.357386932,-0.143528741,0,0,1,0,0,0,1,0,0,0,0,0,0,0,0,0,0,0,0,0,239,Test
-0.286894085,0.357386932,0.508197513,0,0,0,1,0,0,0,0,0,0,0,0,0,0,0,1,0,0,0,0,283,Test
-0.847327599,-0.935387468,-1.830349634,0,0,0,1,0,0,1,0,0,0,0,0,0,0,0,0,0,0,0,0,143,Test
-0.447017946,-0.935387468,1.504955314,0,1,0,0,0,0,0,0,0,0,0,1,0,0,0,0,0,0,0,0,241,Test
-0.046708293,0.357386932,0.814892221,0,0,1,0,0,0,0,0,0,0,0,0,0,0,0,0,0,1,0,0,302,Test
-1.327699183,-0.935387468,-0.948602349,0,0,0,1,0,0,0,0,0,0,0,0,0,0,0,1,0,0,0,0,194,Test
2.114963833,1.650161332,2.11834473,0,0,0,1,0,0,0,0,0,0,1,0,0,0,0,0,0,0,0,0,382,Test
0.593787152,0.357386932,0.699881706,0,0,1,0,0,0,0,0,0,0,0,0,0,0,1,0,0,0,0,0,290,Test
0.994096805,0.357386932,2.310028922,0,1,0,0,0,0,0,0,0,0,1,0,0,0,0,0,0,0,0,0,269,Test
1.794716111,1.650161332,1.389944798,0,0,0,1,0,0,0,0,0,0,0,0,0,0,0,0,1,0,0,0,337,Test
0.513725221,0.357386932,0.546534352,0,0,0,1,0,1,0,0,0,0,0,0,0,0,0,0,0,0,0,0,287,Test
-1.327699183,-0.935387468,-1.331970734,0,0,0,1,1,0,0,0,0,0,0,0,0,0,0,0,0,0,0,0,172,Test
-0.847327599,-0.935387468,-0.296876095,0,0,1,0,1,0,0,0,0,0,0,0,0,0,0,0,0,0,0,0,235,Test
-1.247637252,-1.581774668,-1.255297057,0,0,1,0,0,0,0,0,0,0,0,0,0,0,1,0,0,0,0,0,175,Test
0.593787152,0.357386932,0.699881706,0,0,1,0,0,0,0,0,0,0,0,0,0,0,1,0,0,0,0,0,294,Test
0.513725221,0.357386932,0.699881706,0,0,0,1,0,0,0,0,0,0,0,0,0,0,0,1,0,0,0,0,290,Test
-0.767265668,-0.935387468,-1.293633895,1,0,0,0,0,0,1,0,0,0,0,0,0,0,0,0,0,0,0,0,200,Test
-1.247637252,-1.581774668,-1.101949703,0,0,1,0,0,0,0,0,0,0,0,0,0,0,1,0,0,0,0,0,184,Test
1.794716111,1.650161332,2.923418338,0,1,0,0,0,0,0,0,0,0,1,0,0,0,0,0,0,0,0,0,306,Test
-0.046708293,0.357386932,-0.066855064,0,0,1,0,0,0,0,0,0,0,0,0,0,0,0,0,0,1,0,0,244,Test
-0.046708293,0.357386932,0.278176483,0,0,1,0,0,0,0,0,0,0,0,0,0,0,0,0,1,0,0,0,269,Test
0.35360136,0.357386932,0.661544867,0,0,0,1,0,0,0,0,1,0,0,0,0,0,0,0,0,0,0,0,288,Test
-0.847327599,-0.935387468,-0.718581318,0,0,1,0,0,0,0,0,0,0,0,0,0,0,1,0,0,0,0,0,209,Test
-0.046708293,0.357386932,0.278176483,0,0,1,0,0,0,1,0,0,0,0,0,0,0,0,0,0,0,0,0,268,Test
-0.286894085,0.357386932,0.048155452,0,0,0,1,0,0,0,0,0,0,1,0,0,0,0,0,0,0,0,0,256,Test
0.43366329,0.357386932,1.006576414,0,0,0,1,0,0,0,0,0,0,0,0,0,0,0,1,0,0,0,0,308,Test
-0.847327599,-0.935387468,-0.105191902,0,0,0,1,0,0,0,0,0,0,0,0,0,0,0,1,0,0,0,0,245,Test
0.35360136,0.357386932,-0.373549772,0,0,0,1,0,0,0,0,0,0,0,0,1,0,0,0,0,0,0,0,230,Test
1.794716111,1.650161332,0.85322906,0,0,0,1,0,0,0,0,0,0,0,0,0,0,0,0,1,0,0,0,305,Test
-1.247637252,-0.935387468,-0.833591833,0,0,0,1,0,0,0,0,0,0,0,0,0,0,0,1,0,0,0,0,207,Test
-0.447017946,-0.935387468,-0.986939187,0,0,0,1,0,0,1,0,0,0,0,0,0,0,0,0,0,0,0,0,192,Test
-1.327699183,-0.935387468,-1.446981249,0,0,0,1,1,0,0,0,0,0,0,0,0,0,0,0,0,0,0,0,165,Test
-0.847327599,-0.935387468,-0.450223449,0,0,0,1,0,1,0,0,0,0,0,0,0,0,0,0,0,0,0,0,221,Test
0.43366329,0.357386932,0.393186998,0,0,0,1,0,0,0,0,0,1,0,0,0,0,0,0,0,0,0,0,271,Test
0.43366329,0.357386932,0.201502806,0,0,0,1,0,0,0,0,0,1,0,0,0,0,0,0,0,0,0,0,265,Test
-0.046708293,0.357386932,0.201502806,0,0,1,0,0,1,0,0,0,0,0,0,0,0,0,0,0,0,0,0,260,Test
-1.00745146,-0.935387468,-0.948602349,0,0,0,1,1,0,0,0,0,0,0,0,0,0,0,0,0,0,0,0,195,Test
-0.046708293,0.357386932,-0.105191902,0,0,1,0,0,0,1,0,0,0,0,0,0,0,0,0,0,0,0,0,247,Test
0.35360136,0.357386932,0.08649229,0,0,1,0,0,0,0,0,0,0,0,0,0,0,1,0,0,0,0,0,253,Test
-0.046708293,0.357386932,-0.565233964,1,0,0,0,0,0,0,0,0,0,0,0,0,0,0,0,1,0,0,0,249,Test
0.753911013,0.357386932,0.738218544,0,0,0,1,0,0,0,0,0,1,0,0,0,0,0,0,0,0,0,0,292,Test
2.675397347,1.650161332,1.159923768,0,0,1,0,0,0,1,0,0,0,0,0,0,0,0,0,0,0,0,0,317,Test
0.43366329,0.357386932,-0.220202418,0,0,0,1,0,0,1,0,0,0,0,0,0,0,0,0,0,0,0,0,241,Test
2.515273486,1.650161332,1.543292152,0,0,1,0,0,0,0,0,0,0,0,0,0,0,1,0,0,0,0,0,348,Test
-1.327699183,-0.935387468,-1.331970734,0,0,0,1,0,0,1,0,0,0,0,0,0,0,0,0,0,0,0,0,172,Test
0.35360136,0.357386932,-0.373549772,0,0,0,1,0,0,0,0,0,0,0,0,1,0,0,0,0,0,0,0,230,Test
-0.527079877,-0.935387468,-0.526897125,0,0,0,1,0,0,0,0,0,0,0,0,0,0,0,1,0,0,0,0,221,Test
0.513725221,0.357386932,1.543292152,0,0,0,1,0,0,0,0,0,0,0,0,0,0,0,0,0,0,0,1,340,Test
0.43366329,0.357386932,0.699881706,0,0,0,1,0,0,0,0,0,0,0,0,0,0,0,1,0,0,0,0,290,Test
-0.046708293,0.357386932,0.239839644,0,0,1,0,0,1,0,0,0,0,0,0,0,0,0,0,0,0,0,0,262,Test
-1.00745146,-0.935387468,-0.948602349,0,0,0,1,0,0,0,0,0,0,0,0,0,1,0,0,0,0,0,0,194,Test
1.71465418,2.942935732,1.389944798,0,0,1,0,0,0,0,0,0,0,0,0,0,0,0,0,0,1,0,0,336,Test
-1.167575321,-0.935387468,-1.140286541,0,0,1,0,0,0,0,0,0,0,0,0,0,0,0,0,0,1,0,0,179,Test
-0.847327599,-0.935387468,-0.565233964,0,0,1,0,0,0,0,0,0,0,0,0,0,1,0,0,0,0,0,0,217,Test
-1.167575321,-0.935387468,-0.680244479,0,0,1,0,1,0,0,0,0,0,0,0,0,0,0,0,0,0,0,0,212,Test
-1.167575321,-0.935387468,-1.025276026,0,0,0,1,0,0,1,0,0,0,0,0,0,0,0,0,0,0,0,0,192,Test
0.43366329,0.357386932,0.393186998,0,0,0,1,0,0,0,0,1,0,0,0,0,0,0,0,0,0,0,0,276,Test
-0.447017946,-0.935387468,-0.565233964,0,0,0,1,0,0,0,0,0,0,0,0,0,0,0,1,0,0,0,0,217,Test
-1.247637252,-0.935387468,-1.255297057,0,0,0,1,0,0,1,0,0,0,0,0,0,0,0,0,0,0,0,0,189,Test
-0.447017946,-0.935387468,-0.488560287,0,0,0,1,0,0,1,0,0,0,0,0,0,0,0,0,0,0,0,0,222,Test
-1.327699183,-0.935387468,-2.098707503,0,0,1,0,1,0,0,0,0,0,0,0,0,0,0,0,0,0,0,0,124,Test
0.35360136,0.357386932,0.124829129,0,0,0,1,0,0,0,0,1,0,0,0,0,0,0,0,0,0,0,0,255,Test
0.593787152,0.357386932,0.201502806,0,0,1,0,0,0,0,1,0,0,0,0,0,0,0,0,0,0,0,0,265,Test
-0.847327599,-0.935387468,-1.561991764,1,0,0,0,0,0,0,0,0,0,0,0,0,1,0,0,0,0,0,0,179,Test
-1.167575321,-0.935387468,-0.833591833,0,0,1,0,1,0,0,0,0,0,0,0,0,0,0,0,0,0,0,0,201,Test
-0.847327599,-0.935387468,-1.025276026,0,0,0,1,0,0,1,0,0,0,0,0,0,0,0,0,0,0,0,0,186,Test
-0.046708293,0.357386932,-0.335212933,0,0,1,0,0,0,0,1,0,0,0,0,0,0,0,0,0,0,0,0,231,Test
-0.847327599,-0.935387468,-0.756918156,0,0,0,1,0,0,0,0,0,0,0,0,0,0,0,1,0,0,0,0,202,Test
-0.447017946,-0.935387468,0.661544867,0,0,1,0,1,0,0,0,0,0,0,0,0,0,0,0,0,0,0,0,291,Test
-1.247637252,-0.935387468,-2.328728534,0,0,0,1,1,0,0,0,0,0,0,0,0,0,0,0,0,0,0,0,108,Test
0.994096805,0.357386932,1.044913252,0,0,0,1,0,0,0,0,0,0,1,0,0,0,0,0,0,0,0,0,318,Test
-0.046708293,0.357386932,-0.143528741,0,0,1,0,0,0,1,0,0,0,0,0,0,0,0,0,0,0,0,0,243,Test
1.794716111,1.650161332,1.121586929,0,0,0,1,0,0,0,0,0,0,0,0,0,0,0,0,1,0,0,0,321,Test
2.034901902,1.650161332,0.968239575,0,0,0,1,0,0,0,0,0,0,1,0,0,0,0,0,0,0,0,0,312,Test
-0.046708293,0.357386932,-0.91026551,1,0,0,0,0,0,1,0,0,0,0,0,0,0,0,0,0,0,0,0,224,Test
-0.847327599,-0.935387468,-0.871928672,0,0,0,1,1,0,0,0,0,0,0,0,0,0,0,0,0,0,0,0,196,Test
-0.847327599,-0.935387468,-0.41188661,0,0,1,0,0,0,0,0,0,0,0,0,0,0,0,1,0,0,0,0,223,Test
1.554530319,1.650161332,2.808407822,0,1,0,0,0,0,1,0,0,0,0,0,0,0,0,0,0,0,0,0,290,Test
-1.00745146,-0.935387468,-1.17862338,0,0,0,1,0,0,1,0,0,0,0,0,0,0,0,0,0,0,0,0,177,Test
-0.447017946,-0.935387468,-0.91026551,0,0,0,1,0,0,0,0,0,0,0,0,0,0,0,1,0,0,0,0,198,Test
-0.046708293,0.357386932,-0.105191902,0,0,1,0,0,0,0,0,0,0,0,0,0,0,0,0,0,1,0,0,246,Test
0.593787152,1.650161332,1.734976345,0,0,1,0,0,0,0,0,0,0,0,0,0,0,0,0,1,0,0,0,360,Test
0.513725221,0.357386932,0.546534352,0,0,0,1,0,0,0,0,0,0,0,0,0,0,0,1,0,0,0,0,281,Test
-0.847327599,-0.935387468,-0.680244479,0,0,1,0,0,0,1,0,0,0,0,0,0,0,0,0,0,0,0,0,210,Test
-0.527079877,-0.935387468,0.968239575,0,1,0,0,0,0,0,0,0,0,0,0,0,0,0,1,0,0,0,0,218,Test
0.35360136,0.357386932,0.048155452,0,0,0,1,0,0,0,0,1,0,0,0,0,0,0,0,0,0,0,0,256,Test
0.35360136,0.357386932,0.85322906,0,0,0,1,0,0,0,0,0,0,0,0,0,0,0,0,1,0,0,0,299,Test
-0.847327599,-0.935387468,-1.216960218,0,0,0,1,1,0,0,0,0,0,0,0,0,0,0,0,0,0,0,0,178,Test
-0.847327599,-0.935387468,-0.795254995,0,0,0,1,0,1,0,0,0,0,0,0,0,0,0,0,0,0,0,0,204,Test
0.43366329,0.357386932,2.195018406,0,1,0,0,0,0,0,0,1,0,0,0,0,0,0,0,0,0,0,0,264,Test
0.753911013,0.357386932,0.776555383,0,0,0,1,0,0,0,0,0,0,0,0,0,0,0,0,1,0,0,0,298,Test
0.35360136,0.357386932,0.278176483,0,0,0,1,0,1,0,0,0,0,0,0,0,0,0,0,0,0,0,0,270,Test
2.515273486,1.650161332,1.35160796,0,0,1,0,0,0,0,0,0,0,0,0,0,0,0,0,1,0,0,0,334,Test
-0.447017946,-0.935387468,0.546534352,0,0,1,0,1,0,0,0,0,0,0,0,0,0,0,0,0,0,0,0,285,Test
1.314344527,1.650161332,1.811650022,0,0,1,0,0,0,0,0,0,0,0,0,0,0,0,0,0,1,0,0,362,Test
-0.527079877,-0.935387468,-0.335212933,0,0,0,1,0,0,0,0,0,0,0,1,0,0,0,0,0,0,0,0,232,Test
-0.847327599,-0.935387468,-0.680244479,0,0,0,1,0,0,0,0,0,0,0,0,0,0,0,1,0,0,0,0,210,Test
-1.327699183,-0.935387468,-0.641907641,0,0,0,1,0,0,0,0,0,0,0,0,0,0,0,1,0,0,0,0,214,Test
-0.847327599,-0.935387468,-0.795254995,0,0,1,0,1,0,0,0,0,0,0,0,0,0,0,0,0,0,0,0,200,Test
0.35360136,0.357386932,-0.871928672,0,0,0,1,0,0,0,0,0,0,0,0,0,0,0,0,1,0,0,0,196,Test
0.35360136,0.357386932,0.469860675,0,0,0,1,0,0,0,0,0,0,0,0,0,0,0,1,0,0,0,0,276,Test
-0.126770224,0.357386932,0.431523836,0,0,1,0,0,0,1,0,0,0,0,0,0,0,0,0,0,0,0,0,280,Test
-0.847327599,-0.935387468,-0.335212933,0,0,1,0,0,0,1,0,0,0,0,0,0,0,0,0,0,0,0,0,233,Test
-0.046708293,0.357386932,0.08649229,0,0,1,0,1,0,0,0,0,0,0,0,0,0,0,0,0,0,0,0,256,Test
-0.447017946,-0.935387468,-1.216960218,0,0,0,1,0,0,1,0,0,0,0,0,0,0,0,0,0,0,0,0,177,Test
1.074158735,1.650161332,0.776555383,0,0,1,0,0,1,0,0,0,0,0,0,0,0,0,0,0,0,0,0,294,Test
-0.847327599,-0.935387468,-0.833591833,0,0,0,1,1,0,0,0,0,0,0,0,0,0,0,0,0,0,0,0,200,Test
-1.647946905,-1.581774668,-1.523654926,0,0,0,1,1,0,0,0,0,0,0,0,0,0,0,0,0,0,0,0,160,Test
-0.847327599,-0.935387468,-1.561991764,1,0,0,0,1,0,0,0,0,0,0,0,0,0,0,0,0,0,0,0,181,Test
-0.447017946,-0.935387468,-0.871928672,0,0,0,1,0,0,0,0,0,0,0,0,0,0,0,1,0,0,0,0,196,Test
-1.00745146,-0.935387468,-0.795254995,0,0,0,1,1,0,0,0,0,0,0,0,0,0,0,0,0,0,0,0,200,Test
1.554530319,1.650161332,1.313271121,0,0,1,0,0,1,0,0,0,0,0,0,0,0,0,0,0,0,0,0,327,Test
0.593787152,0.357386932,0.048155452,0,0,1,0,0,0,0,1,0,0,0,0,0,0,0,0,0,0,0,0,251,Test
-0.046708293,0.357386932,0.738218544,0,0,1,0,0,0,0,0,0,0,0,0,0,0,0,0,1,0,0,0,296,Test
-0.847327599,-0.935387468,-0.526897125,0,0,1,0,1,0,0,0,0,0,0,0,0,0,0,0,0,0,0,0,221,Test
-1.327699183,-0.935387468,-1.140286541,0,0,0,1,0,0,0,1,0,0,0,0,0,0,0,0,0,0,0,0,179,Test
-0.847327599,-0.935387468,-0.603570802,0,0,1,0,0,0,0,1,0,0,0,0,0,0,0,0,0,0,0,0,217,Test
0.35360136,0.357386932,-0.948602349,0,0,0,1,0,0,0,0,0,0,0,0,0,0,0,0,1,0,0,0,193,Test
-0.046708293,0.357386932,0.124829129,0,0,1,0,0,0,1,0,0,0,0,0,0,0,0,0,0,0,0,0,258,Test
-0.046708293,0.357386932,0.08649229,0,0,1,0,0,0,0,0,0,0,0,0,0,0,1,0,0,0,0,0,256,Test
-0.447017946,-0.935387468,-1.331970734,0,0,0,1,0,0,0,0,0,0,0,0,0,0,0,1,0,0,0,0,171,Test
0.513725221,0.357386932,0.124829129,0,0,0,1,0,0,0,0,0,0,0,0,0,0,1,0,0,0,0,0,259,Test
0.35360136,0.357386932,1.389944798,0,0,0,1,0,0,0,0,0,0,0,0,0,0,0,0,1,0,0,0,339,Test
0.43366329,0.357386932,0.393186998,0,0,0,1,0,0,0,0,0,0,0,0,0,0,0,0,1,0,0,0,277,Test
-0.847327599,-0.935387468,-0.948602349,0,0,0,1,0,0,0,0,0,0,0,0,0,1,0,0,0,0,0,0,191,Test
1.314344527,1.650161332,1.696639506,0,0,1,0,0,0,0,0,0,0,0,0,0,0,1,0,0,0,0,0,350,Test
0.43366329,0.357386932,0.393186998,0,0,0,1,0,0,0,0,1,0,0,0,0,0,0,0,0,0,0,0,276,Test
1.314344527,1.650161332,1.044913252,0,0,1,0,0,0,0,0,0,0,0,0,0,0,0,0,1,0,0,0,317,Test
-0.046708293,0.357386932,0.08649229,0,0,1,0,0,1,0,0,0,0,0,0,0,0,0,0,0,0,0,0,253,Test
-1.00745146,-0.935387468,-0.871928672,0,0,0,1,0,0,0,0,0,0,0,0,0,1,0,0,0,0,0,0,200,Test
0.43366329,0.357386932,0.508197513,0,0,0,1,0,0,0,0,0,0,0,0,0,0,0,1,0,0,0,0,285,Test
0.35360136,0.357386932,1.313271121,0,0,0,1,0,0,0,0,0,0,0,0,0,0,0,0,1,0,0,0,327,Test
0.513725221,0.357386932,0.278176483,0,0,1,0,0,0,0,0,0,0,0,0,0,0,0,0,0,1,0,0,271,Test
-0.847327599,-0.935387468,-1.255297057,0,0,0,1,1,0,0,0,0,0,0,0,0,0,0,0,0,0,0,0,176,Test
0.273539429,0.357386932,-0.373549772,0,0,1,0,0,0,0,0,0,0,0,0,0,0,0,0,0,1,0,0,225,Test
0.35360136,0.357386932,0.009818613,0,0,0,1,0,0,0,0,0,0,0,0,0,0,0,1,0,0,0,0,248,Test
-0.847327599,-0.935387468,-0.756918156,0,0,1,0,0,0,0,0,0,0,0,0,0,0,1,0,0,0,0,0,202,Test
-0.046708293,0.357386932,0.776555383,0,0,1,0,0,1,0,0,0,0,0,0,0,0,0,0,0,0,0,0,301,Test
-0.847327599,-0.935387468,-0.450223449,0,0,1,0,0,0,1,0,0,0,0,0,0,0,0,0,0,0,0,0,223,Test
1.314344527,1.650161332,0.278176483,0,0,1,0,1,0,0,0,0,0,0,0,0,0,0,0,0,0,0,0,264,Test
0.35360136,0.357386932,0.85322906,0,0,0,1,0,0,0,0,0,0,1,0,0,0,0,0,0,0,0,0,304,Test
-0.046708293,0.357386932,-0.066855064,0,0,1,0,0,0,0,0,0,0,0,0,0,0,1,0,0,0,0,0,249,Test
-0.847327599,-0.935387468,-0.603570802,0,0,1,0,0,0,0,0,0,0,0,0,0,0,0,0,0,1,0,0,215,Test
-0.847327599,-0.935387468,-0.565233964,0,0,1,0,0,0,0,0,0,0,0,0,0,1,0,0,0,0,0,0,217,Test
0.35360136,0.357386932,1.159923768,0,0,0,1,0,0,0,0,0,0,1,0,0,0,0,0,0,0,0,0,324,Test
-0.447017946,-0.935387468,-0.450223449,0,0,0,1,0,0,0,0,0,0,0,0,0,0,0,1,0,0,0,0,226,Test
0.43366329,0.357386932,0.316513321,0,0,0,1,0,1,0,0,0,0,0,0,0,0,0,0,0,0,0,0,272,Test
0.753911013,0.357386932,0.814892221,0,0,0,1,0,0,0,0,0,0,0,0,0,0,0,0,1,0,0,0,297,Test
-1.247637252,-0.935387468,-0.680244479,0,0,0,1,0,0,0,0,0,0,0,0,0,0,0,1,0,0,0,0,210,Test
0.35360136,0.357386932,-0.143528741,0,0,0,1,0,0,0,0,0,0,0,0,0,0,0,1,0,0,0,0,239,Test
1.314344527,1.650161332,1.811650022,0,0,1,0,0,0,0,0,0,0,0,0,0,0,0,0,0,1,0,0,362,Test
-0.847327599,-0.935387468,-0.718581318,0,0,1,0,0,0,0,0,0,0,0,0,0,0,0,1,0,0,0,0,205,Test
1.794716111,1.650161332,2.34836576,0,1,0,0,0,0,0,0,0,0,1,0,0,0,0,0,0,0,0,0,270,Test
-1.167575321,-0.935387468,-0.565233964,0,0,0,1,0,0,0,0,0,0,0,0,0,0,0,1,0,0,0,0,221,Test
0.35360136,0.357386932,0.469860675,0,0,0,1,0,0,0,0,1,0,0,0,0,0,0,0,0,0,0,0,276,Test
-0.046708293,0.357386932,0.009818613,0,0,1,0,0,0,0,1,0,0,0,0,0,0,0,0,0,0,0,0,251,Test
-0.847327599,-0.935387468,-0.526897125,0,0,0,1,1,0,0,0,0,0,0,0,0,0,0,0,0,0,0,0,219,Test
0.43366329,0.357386932,0.08649229,0,0,0,1,0,0,1,0,0,0,0,0,0,0,0,0,0,0,0,0,258,Test
1.554530319,1.650161332,0.738218544,0,0,1,0,0,0,0,0,0,0,0,0,0,0,0,0,0,1,0,0,299,Test
-0.847327599,-0.935387468,-1.293633895,1,0,0,0,1,0,0,0,0,0,0,0,0,0,0,0,0,0,0,0,200,Test
2.114963833,1.650161332,1.504955314,0,0,0,1,0,0,0,0,0,0,0,0,0,0,0,0,1,0,0,0,338,Test
-1.167575321,-0.935387468,-2.290391696,0,0,0,1,0,0,0,0,0,0,0,0,0,1,0,0,0,0,0,0,114,Test
0.753911013,1.650161332,0.623208029,0,0,1,0,0,0,0,0,0,0,0,0,0,0,1,0,0,0,0,0,291,Test
-0.847327599,-0.935387468,-0.641907641,0,0,1,0,0,0,0,0,0,0,0,0,0,0,0,0,0,1,0,0,209,Test
0.35360136,0.357386932,-0.296876095,0,0,1,0,0,0,0,0,0,0,0,0,0,0,1,0,0,0,0,0,230,Test
0.35360136,0.357386932,-0.220202418,0,0,0,1,0,0,0,0,0,0,0,0,0,0,0,1,0,0,0,0,240,Test
-0.847327599,-0.935387468,-0.373549772,0,0,1,0,0,0,1,0,0,0,0,0,0,0,0,0,0,0,0,0,229,Test
0.753911013,1.650161332,2.34836576,0,0,1,0,0,0,0,0,0,0,0,0,0,0,0,0,1,0,0,0,384,Test
-0.847327599,-0.935387468,-0.105191902,0,1,0,0,1,0,0,0,0,0,0,0,0,0,0,0,0,0,0,0,175,Test
-0.046708293,0.357386932,0.508197513,0,0,1,0,1,0,0,0,0,0,0,0,0,0,0,0,0,0,0,0,278,Test
0.513725221,0.357386932,-0.028518225,0,0,1,0,0,0,0,0,0,0,0,0,0,0,1,0,0,0,0,0,246,Test
-0.847327599,-0.935387468,0.278176483,0,0,1,0,1,0,0,0,0,0,0,0,0,0,0,0,0,0,0,0,263,Test
-0.847327599,-0.935387468,-0.795254995,0,0,1,0,1,0,0,0,0,0,0,0,0,0,0,0,0,0,0,0,200,Test
-0.447017946,-0.935387468,-1.025276026,0,0,0,1,0,0,1,0,0,0,0,0,0,0,0,0,0,0,0,0,190,Test
-0.847327599,-0.935387468,-0.680244479,0,0,1,0,1,0,0,0,0,0,0,0,0,0,0,0,0,0,0,0,210,Test
0.994096805,0.357386932,1.044913252,0,0,0,1,0,0,0,0,0,0,1,0,0,0,0,0,0,0,0,0,318,Test
-0.046708293,0.357386932,0.009818613,0,0,1,0,0,1,0,0,0,0,0,0,0,0,0,0,0,0,0,0,252,Test
-0.847327599,-0.935387468,-0.335212933,0,0,0,1,0,0,0,0,0,0,0,0,0,0,0,1,0,0,0,0,228,Test
2.114963833,1.650161332,1.274934283,0,0,0,1,0,0,0,0,0,0,0,0,0,0,0,0,1,0,0,0,331,Test
1.074158735,1.650161332,0.776555383,0,0,1,0,0,1,0,0,0,0,0,0,0,0,0,0,0,0,0,0,294,Test
1.794716111,1.650161332,2.731734145,0,1,0,0,0,0,0,0,0,0,1,0,0,0,0,0,0,0,0,0,317,Test
-0.447017946,-0.935387468,0.201502806,0,0,0,1,0,0,0,0,0,1,0,0,0,0,0,0,0,0,0,0,260,Test
-1.247637252,-0.935387468,-1.370307572,0,0,1,0,0,1,0,0,0,0,0,0,0,0,0,0,0,0,0,0,167,Test
-1.327699183,-0.935387468,-1.101949703,0,0,0,1,0,0,0,1,0,0,0,0,0,0,0,0,0,0,0,0,182,Test
0.193477499,0.357386932,0.431523836,0,0,1,0,0,1,0,0,0,0,0,0,0,0,0,0,0,0,0,0,279,Test
0.43366329,0.357386932,1.121586929,0,0,0,1,0,0,0,0,0,0,0,0,0,0,0,0,1,0,0,0,322,Test
-0.447017946,-0.935387468,-0.718581318,0,0,0,1,0,0,1,0,0,0,0,0,0,0,0,0,0,0,0,0,208,Test
-0.527079877,-0.935387468,-0.373549772,0,0,0,1,0,0,1,0,0,0,0,0,0,0,0,0,0,0,0,0,225,Test
-0.447017946,-0.935387468,-0.028518225,0,0,0,1,0,0,0,0,0,1,0,0,0,0,0,0,0,0,0,0,251,Test
0.35360136,0.357386932,0.048155452,0,0,1,0,0,0,1,0,0,0,0,0,0,0,0,0,0,0,0,0,251,Test
-1.00745146,-0.935387468,-0.795254995,0,0,1,0,0,0,0,0,0,0,0,0,0,0,1,0,0,0,0,0,200,Test
-0.847327599,-0.935387468,-0.565233964,0,0,1,0,0,0,0,0,0,0,0,0,1,0,0,0,0,0,0,0,216,Test
-1.167575321,-0.935387468,-1.140286541,0,0,0,1,1,0,0,0,0,0,0,0,0,0,0,0,0,0,0,0,184,Test
0.914034874,1.650161332,1.006576414,0,0,1,0,0,0,0,0,0,0,0,0,0,0,1,0,0,0,0,0,308,Test
1.71465418,2.942935732,1.888323699,0,0,1,0,0,0,0,0,0,0,0,0,0,0,0,0,0,1,0,0,370,Test
-0.847327599,-0.935387468,-1.446981249,0,0,0,1,1,0,0,0,0,0,0,0,0,0,0,0,0,0,0,0,164,Test
-1.00745146,-0.935387468,-0.986939187,0,0,0,1,1,0,0,0,0,0,0,0,0,0,0,0,0,0,0,0,193,Test
-0.847327599,-0.935387468,-0.986939187,0,0,0,1,1,0,0,0,0,0,0,0,0,0,0,0,0,0,0,0,192,Test
0.43366329,0.357386932,0.201502806,0,0,0,1,0,0,0,0,0,0,1,0,0,0,0,0,0,0,0,0,260,Test
0.35360136,0.357386932,-0.066855064,0,0,0,1,0,0,0,0,1,0,0,0,0,0,0,0,0,0,0,0,247,Test
-0.527079877,-0.935387468,1.006576414,0,1,0,0,0,0,0,0,0,0,0,0,0,0,0,1,0,0,0,0,221,Test
-1.327699183,-0.935387468,-1.255297057,0,0,0,1,0,0,1,0,0,0,0,0,0,0,0,0,0,0,0,0,175,Test
-0.527079877,-0.935387468,-0.603570802,0,0,0,1,0,0,1,0,0,0,0,0,0,0,0,0,0,0,0,0,212,Test
-0.046708293,0.357386932,0.85322906,0,0,1,0,0,0,0,0,0,0,0,0,0,0,0,0,1,0,0,0,306,Test
-0.847327599,-0.935387468,-0.871928672,1,0,0,0,0,0,0,0,0,0,0,0,0,0,0,1,0,0,0,0,229,Test
-0.527079877,-0.935387468,0.814892221,0,1,0,0,0,0,0,0,0,0,0,0,0,0,0,1,0,0,0,0,206,Test
-0.847327599,-0.935387468,0.661544867,0,0,1,0,1,0,0,0,0,0,0,0,0,0,0,0,0,0,0,0,288,Test
-0.847327599,-0.935387468,-0.258539256,0,0,1,0,1,0,0,0,0,0,0,0,0,0,0,0,0,0,0,0,236,Test
1.314344527,1.650161332,1.811650022,0,0,1,0,0,0,0,0,0,0,0,0,0,0,0,0,0,1,0,0,356,Test
0.35360136,0.357386932,-1.255297057,0,0,1,0,0,0,1,0,0,0,0,0,0,0,0,0,0,0,0,0,172,Test
-1.167575321,-0.935387468,-1.446981249,0,0,0,1,1,0,0,0,0,0,0,0,0,0,0,0,0,0,0,0,167,Test
-1.167575321,-0.935387468,-1.063612864,0,0,0,1,1,0,0,0,0,0,0,0,0,0,0,0,0,0,0,0,184,Test
0.43366329,0.357386932,0.163165967,0,0,0,1,0,0,0,0,0,0,0,0,0,0,0,1,0,0,0,0,263,Test
2.515273486,1.650161332,1.504955314,0,0,1,0,1,0,0,0,0,0,0,0,0,0,0,0,0,0,0,0,338,Test
-0.447017946,-0.935387468,-0.028518225,0,0,0,1,0,0,0,0,0,0,0,1,0,0,0,0,0,0,0,0,252,Test
-1.647946905,-1.581774668,-1.408644411,0,0,0,1,1,0,0,0,0,0,0,0,0,0,0,0,0,0,0,0,163,Test
0.43366329,0.357386932,1.198260606,0,1,0,0,0,1,0,0,0,0,0,0,0,0,0,0,0,0,0,0,222,Test
0.513725221,0.357386932,0.738218544,0,0,0,1,0,0,0,0,0,0,0,1,0,0,0,0,0,0,0,0,298,Test
-1.487823044,-1.581774668,-1.638665441,0,0,0,1,1,0,0,0,0,0,0,0,0,0,0,0,0,0,0,0,150,Test
0.43366329,0.357386932,0.58487119,0,0,0,1,0,0,0,0,0,0,0,0,0,0,0,0,1,0,0,0,287,Test
-0.046708293,0.357386932,0.316513321,0,0,1,0,1,0,0,0,0,0,0,0,0,0,0,0,0,0,0,0,271,Test
-1.00745146,-0.935387468,-1.293633895,0,0,0,1,0,0,1,0,0,0,0,0,0,0,0,0,0,0,0,0,173,Test
1.554530319,1.650161332,0.85322906,0,0,1,0,0,0,0,0,0,0,0,0,0,0,0,0,1,0,0,0,305,Test
0.753911013,1.650161332,0.776555383,0,0,1,0,0,0,0,0,0,0,0,0,0,0,0,0,0,1,0,0,303,Test
-0.847327599,-0.935387468,-0.296876095,0,0,1,0,0,0,0,0,0,0,0,0,0,0,0,1,0,0,0,0,234,Test
-0.847327599,-0.935387468,-1.17862338,0,0,0,1,1,0,0,0,0,0,0,0,0,0,0,0,0,0,0,0,179,Test
0.35360136,0.357386932,-0.066855064,0,0,0,1,0,0,0,0,1,0,0,0,0,0,0,0,0,0,0,0,250,Test
-0.527079877,-0.935387468,-0.833591833,0,0,0,1,0,0,0,0,0,0,0,0,0,0,0,1,0,0,0,0,198,Test
-0.527079877,-0.935387468,-1.063612864,0,0,0,1,0,0,1,0,0,0,0,0,0,0,0,0,0,0,0,0,187,Test
-0.046708293,0.357386932,0.58487119,0,0,1,0,0,0,0,1,0,0,0,0,0,0,0,0,0,0,0,0,286,Test
-0.847327599,-0.935387468,-1.101949703,0,0,0,1,0,0,0,0,0,0,0,0,0,0,0,1,0,0,0,0,186,Test
-0.286894085,-0.935387468,-0.181865579,0,0,0,1,0,0,0,0,0,0,0,0,0,0,0,1,0,0,0,0,237,Test
0.43366329,0.357386932,0.35485016,0,0,0,1,1,0,0,0,0,0,0,0,0,0,0,0,0,0,0,0,269,Test
-0.847327599,-0.935387468,-1.408644411,0,0,0,1,0,0,1,0,0,0,0,0,0,0,0,0,0,0,0,0,168,Test
2.114963833,1.650161332,0.814892221,0,0,0,1,0,1,0,0,0,0,0,0,0,0,0,0,0,0,0,0,297,Test
1.314344527,1.650161332,1.504955314,0,0,1,0,0,0,0,0,0,0,0,0,0,0,0,0,0,1,0,0,338,Test
-0.847327599,-0.935387468,-0.105191902,0,0,0,1,0,0,0,0,0,0,0,0,0,0,0,1,0,0,0,0,246,Test
-0.046708293,0.357386932,-0.258539256,0,0,1,0,0,0,1,0,0,0,0,0,0,0,0,0,0,0,0,0,232,Test
1.554530319,1.650161332,0.623208029,0,0,0,1,0,0,0,0,0,0,0,0,0,0,1,0,0,0,0,0,292,Test
-1.167575321,-0.935387468,-0.526897125,0,0,0,1,1,0,0,0,0,0,0,0,0,0,0,0,0,0,0,0,216,Test
-0.847327599,-0.935387468,-0.795254995,0,0,1,0,1,0,0,0,0,0,0,0,0,0,0,0,0,0,0,0,204,Test
-1.167575321,-0.935387468,-0.795254995,0,0,1,0,1,0,0,0,0,0,0,0,0,0,0,0,0,0,0,0,200,Test
-0.847327599,-0.935387468,-1.063612864,0,0,0,1,0,0,1,0,0,0,0,0,0,0,0,0,0,0,0,0,186,Test
-0.847327599,-0.935387468,-1.216960218,0,0,0,1,0,0,1,0,0,0,0,0,0,0,0,0,0,0,0,0,178,Test
-0.046708293,0.357386932,-0.143528741,0,0,1,0,0,0,1,0,0,0,0,0,0,0,0,0,0,0,0,0,246,Test
1.794716111,1.650161332,1.044913252,0,0,0,1,0,0,0,0,0,0,1,0,0,0,0,0,0,0,0,0,317,Test
-0.046708293,0.357386932,-0.143528741,0,0,1,0,0,0,0,0,0,0,0,0,0,0,0,0,0,1,0,0,242,Test
-0.847327599,-0.935387468,0.163165967,0,0,0,1,0,0,0,0,0,0,0,0,0,0,0,1,0,0,0,0,263,Test
0.35360136,0.357386932,0.661544867,0,0,0,1,0,0,0,0,0,0,1,0,0,0,0,0,0,0,0,0,293,Test
-0.847327599,-0.935387468,-0.641907641,0,0,1,0,0,0,1,0,0,0,0,0,0,0,0,0,0,0,0,0,215,Test
-0.847327599,-0.935387468,-0.526897125,0,0,1,0,0,0,0,0,0,0,0,0,0,0,0,0,0,1,0,0,219,Test
-0.847327599,-0.935387468,-1.907023311,0,0,0,1,0,0,1,0,0,0,0,0,0,0,0,0,0,0,0,0,136,Test
0.35360136,0.357386932,0.201502806,0,0,0,1,0,0,0,0,0,0,0,0,0,0,0,1,0,0,0,0,260,Test
0.43366329,0.357386932,0.08649229,0,0,0,1,0,1,0,0,0,0,0,0,0,0,0,0,0,0,0,0,258,Test
0.43366329,0.357386932,2.080007891,0,1,0,0,0,0,0,0,0,0,0,0,0,0,0,1,0,0,0,0,259,Test
0.35360136,0.357386932,-0.450223449,0,0,0,1,0,0,1,0,0,0,0,0,0,0,0,0,0,0,0,0,221,Test
-1.327699183,-0.935387468,-0.91026551,0,0,0,1,0,0,0,0,0,0,0,0,0,0,0,1,0,0,0,0,196,Test
-1.00745146,-0.935387468,-1.370307572,0,0,0,1,0,0,1,0,0,0,0,0,0,0,0,0,0,0,0,0,168,Test
-1.247637252,-0.935387468,-0.795254995,0,0,0,1,0,0,0,0,0,0,0,0,0,0,0,1,0,0,0,0,204,Test
-0.286894085,-0.935387468,-0.105191902,0,0,0,1,0,0,0,0,0,0,0,0,0,0,0,1,0,0,0,0,241,Test
-0.847327599,-0.935387468,-0.296876095,0,0,1,0,0,0,0,0,0,0,0,0,0,0,0,1,0,0,0,0,235,Test
-0.286894085,0.357386932,0.469860675,0,0,0,1,0,1,0,0,0,0,0,0,0,0,0,0,0,0,0,0,281,Test
-0.847327599,-0.935387468,-1.408644411,0,0,0,1,0,0,1,0,0,0,0,0,0,0,0,0,0,0,0,0,167,Test
0.273539429,0.357386932,-0.028518225,0,0,1,0,0,0,0,1,0,0,0,0,0,0,0,0,0,0,0,0,246,Test
-0.847327599,-0.935387468,-0.871928672,0,0,0,1,1,0,0,0,0,0,0,0,0,0,0,0,0,0,0,0,198,Test
-0.847327599,-0.935387468,-1.408644411,0,0,0,1,0,0,1,0,0,0,0,0,0,0,0,0,0,0,0,0,167,Test
-0.847327599,-0.935387468,-0.680244479,0,0,0,1,0,0,1,0,0,0,0,0,0,0,0,0,0,0,0,0,207,Test
-0.447017946,-0.935387468,-0.680244479,0,0,0,1,1,0,0,0,0,0,0,0,0,0,0,0,0,0,0,0,207,Test
-1.00745146,-0.935387468,-1.408644411,0,0,0,1,0,0,1,0,0,0,0,0,0,0,0,0,0,0,0,0,166,Test
0.914034874,1.650161332,1.313271121,0,0,1,0,0,0,0,0,0,0,0,0,0,0,0,0,0,1,0,0,327,Test
1.954839972,1.650161332,1.84998686,0,0,1,0,0,0,0,0,0,0,0,0,0,0,0,0,1,0,0,0,366,Test
-0.447017946,-0.935387468,-2.098707503,0,0,0,1,0,0,1,0,0,0,0,0,0,0,0,0,0,0,0,0,124,Test
0.35360136,0.357386932,-0.450223449,0,0,0,1,0,0,1,0,0,0,0,0,0,0,0,0,0,0,0,0,221,Test
-0.847327599,-0.935387468,-0.986939187,0,0,0,1,0,0,0,0,0,0,0,0,0,0,0,1,0,0,0,0,193,Test
-0.527079877,-0.935387468,-1.67700228,0,0,0,1,0,0,1,0,0,0,0,0,0,0,0,0,0,0,0,0,147,Test
-1.247637252,-1.581774668,-0.603570802,0,0,1,0,0,0,1,0,0,0,0,0,0,0,0,0,0,0,0,0,215,Test
-0.046708293,0.357386932,0.009818613,0,0,1,0,0,0,1,0,0,0,0,0,0,0,0,0,0,0,0,0,254,Test
1.554530319,1.650161332,1.658302668,0,0,1,0,0,0,0,0,0,0,0,0,0,0,0,0,1,0,0,0,347,Test
0.43366329,0.357386932,0.163165967,0,0,0,1,0,0,1,0,0,0,0,0,0,0,0,0,0,0,0,0,258,Test
0.593787152,1.650161332,1.236597445,0,0,1,0,0,1,0,0,0,0,0,0,0,0,0,0,0,0,0,0,322,Test
0.43366329,0.357386932,0.048155452,0,0,0,1,0,1,0,0,0,0,0,0,0,0,0,0,0,0,0,0,251,Test
0.273539429,0.357386932,-0.373549772,0,0,1,0,0,0,0,0,0,0,0,0,0,0,0,0,0,1,0,0,230,Test
-0.126770224,0.357386932,0.58487119,0,0,1,0,0,0,0,0,0,0,0,0,0,0,0,1,0,0,0,0,288,Test
-1.167575321,-0.935387468,-1.17862338,0,0,0,1,1,0,0,0,0,0,0,0,0,0,0,0,0,0,0,0,182,Test
2.515273486,1.650161332,1.543292152,0,0,1,0,0,0,0,0,0,0,0,0,0,1,0,0,0,0,0,0,340,Test
0.35360136,0.357386932,0.469860675,0,0,0,1,0,0,0,0,0,0,1,0,0,0,0,0,0,0,0,0,276,Test
0.35360136,0.357386932,1.888323699,0,1,0,0,0,0,0,0,0,0,1,0,0,0,0,0,0,0,0,0,251,Test
-0.847327599,-0.935387468,-0.028518225,0,0,1,0,0,0,0,0,0,0,0,0,0,0,0,1,0,0,0,0,246,Test
0.193477499,0.357386932,0.278176483,0,0,0,1,0,0,0,0,1,0,0,0,0,0,0,0,0,0,0,0,271,Test
1.794716111,1.650161332,1.159923768,0,0,0,1,0,0,0,0,0,0,0,0,0,0,0,0,1,0,0,0,325,Test
-1.00745146,-0.935387468,-1.025276026,0,0,0,1,1,0,0,0,0,0,0,0,0,0,0,0,0,0,0,0,189,Test
-0.447017946,-0.935387468,-0.143528741,0,0,0,1,0,0,0,0,0,0,0,0,0,0,0,0,1,0,0,0,243,Test
-1.247637252,-0.935387468,-1.293633895,0,0,1,0,1,0,0,0,0,0,0,0,0,0,0,0,0,0,0,0,173,Test
1.794716111,1.650161332,2.923418338,0,1,0,0,0,0,0,0,0,0,0,0,0,0,0,0,1,0,0,0,305,Test
0.593787152,0.357386932,0.431523836,0,0,1,0,0,0,0,1,0,0,0,0,0,0,0,0,0,0,0,0,274,Test
0.43366329,0.357386932,0.08649229,0,0,0,1,1,0,0,0,0,0,0,0,0,0,0,0,0,0,0,0,253,Test
1.554530319,1.650161332,1.504955314,0,0,1,0,0,0,0,0,0,0,0,0,0,0,0,0,1,0,0,0,338,Test
2.114963833,1.650161332,0.58487119,0,0,0,1,0,0,1,0,0,0,0,0,0,0,0,0,0,0,0,0,289,Test
1.794716111,1.650161332,2.923418338,0,1,0,0,0,0,0,0,0,0,0,0,0,0,0,0,1,0,0,0,294,Test
-0.046708293,0.357386932,0.546534352,0,0,1,0,0,0,0,0,0,0,0,0,0,0,0,1,0,0,0,0,285,Test
0.43366329,0.357386932,-0.066855064,0,0,0,1,0,1,0,0,0,0,0,0,0,0,0,0,0,0,0,0,244,Test
-0.847327599,-0.935387468,-0.488560287,0,0,1,0,0,0,1,0,0,0,0,0,0,0,0,0,0,0,0,0,246,Test
2.114963833,1.650161332,0.58487119,0,0,0,1,0,1,0,0,0,0,0,0,0,0,0,0,0,0,0,0,289,Test
0.994096805,0.357386932,2.693397307,0,1,0,0,0,0,0,0,0,0,1,0,0,0,0,0,0,0,0,0,285,Test
-0.206832154,-0.935387468,-0.066855064,1,0,0,0,0,0,0,0,0,1,0,0,0,0,0,0,0,0,0,0,284,Test
0.43366329,0.357386932,-0.066855064,0,0,0,1,0,0,1,0,0,0,0,0,0,0,0,0,0,0,0,0,246,Test
-0.447017946,-0.935387468,-1.255297057,0,0,0,1,0,0,1,0,0,0,0,0,0,0,0,0,0,0,0,0,176,Test
-0.847327599,-0.935387468,-1.561991764,1,0,0,0,1,0,0,0,0,0,0,0,0,0,0,0,0,0,0,0,181,Test
0.513725221,0.357386932,2.770070984,0,1,0,0,0,0,0,0,0,0,1,0,0,0,0,0,0,0,0,0,288,Test
-0.046708293,0.357386932,1.504955314,0,0,1,0,0,0,0,0,0,0,0,0,0,0,0,0,1,0,0,0,346,Test
-0.847327599,-0.935387468,-0.296876095,0,0,1,0,0,0,0,0,0,0,0,0,1,0,0,0,0,0,0,0,233,Test
1.554530319,1.650161332,0.699881706,0,0,1,0,0,0,0,0,0,0,0,0,0,0,1,0,0,0,0,0,294,Test
-0.046708293,0.357386932,0.278176483,0,0,0,1,1,0,0,0,0,0,0,0,0,0,0,0,0,0,0,0,264,Test
0.43366329,0.357386932,1.543292152,0,1,0,0,0,1,0,0,0,0,0,0,0,0,0,0,0,0,0,0,243,Test
-0.447017946,-0.935387468,-1.830349634,0,0,0,1,0,0,1,0,0,0,0,0,0,0,0,0,0,0,0,0,141,Test
-0.046708293,0.357386932,0.009818613,0,0,1,0,0,0,0,0,0,0,0,0,0,0,1,0,0,0,0,0,252,Test
-0.046708293,0.357386932,0.814892221,0,0,1,0,0,0,0,0,0,0,0,0,0,0,0,0,0,1,0,0,302,Test
-1.00745146,-0.935387468,-0.526897125,0,0,0,1,0,0,0,0,0,0,0,0,0,1,0,0,0,0,0,0,220,Test
-0.607141807,-0.935387468,-0.181865579,0,0,0,1,0,0,0,0,0,0,0,0,0,0,0,0,1,0,0,0,241,Test
-0.447017946,-0.935387468,-1.140286541,0,0,0,1,0,0,1,0,0,0,0,0,0,0,0,0,0,0,0,0,183,Test
-0.847327599,-0.935387468,-0.526897125,0,0,1,0,0,0,0,0,0,0,0,0,0,0,0,1,0,0,0,0,222,Test
0.513725221,0.357386932,0.393186998,0,0,1,0,0,0,0,0,0,0,0,0,0,1,0,0,0,0,0,0,271,Test
-0.847327599,-0.935387468,-0.91026551,0,0,1,0,0,0,0,1,0,0,0,0,0,0,0,0,0,0,0,0,197,Test
-0.447017946,-0.935387468,-0.335212933,0,0,1,0,0,0,0,0,0,0,0,0,0,0,0,0,0,1,0,0,231,Test
0.43366329,0.357386932,-0.181865579,0,0,0,1,0,1,0,0,0,0,0,0,0,0,0,0,0,0,0,0,242,Test
-0.847327599,-0.935387468,-0.296876095,0,0,1,0,1,0,0,0,0,0,0,0,0,0,0,0,0,0,0,0,233,Test
-0.847327599,-0.935387468,-0.373549772,0,0,0,1,0,0,0,0,0,0,0,0,0,0,0,1,0,0,0,0,225,Test
-0.847327599,-0.935387468,-0.91026551,0,0,1,0,0,0,0,0,0,0,0,0,0,0,1,0,0,0,0,0,197,Test
1.314344527,1.650161332,0.58487119,0,0,1,0,0,0,0,0,0,0,0,0,0,0,0,0,0,1,0,0,289,Test
-0.847327599,-0.935387468,-1.638665441,1,0,0,0,1,0,0,0,0,0,0,0,0,0,0,0,0,0,0,0,176,Test
0.35360136,0.357386932,0.316513321,0,0,0,1,0,0,0,0,0,0,0,0,0,0,0,0,1,0,0,0,267,Test
0.593787152,0.357386932,0.738218544,0,0,1,0,0,0,0,1,0,0,0,0,0,0,0,0,0,0,0,0,297,Test
0.273539429,0.357386932,0.08649229,0,0,1,0,0,0,1,0,0,0,0,0,0,0,0,0,0,0,0,0,259,Test
-0.527079877,-0.935387468,-1.753675957,0,0,0,1,0,0,1,0,0,0,0,0,0,0,0,0,0,0,0,0,143,Test
-0.847327599,-0.935387468,-1.868686472,0,0,0,1,0,1,0,0,0,0,0,0,0,0,0,0,0,0,0,0,138,Test
0.593787152,0.357386932,0.124829129,0,0,0,1,0,1,0,0,0,0,0,0,0,0,0,0,0,0,0,0,255,Test
-0.847327599,-0.935387468,-0.795254995,0,0,1,0,0,0,0,0,0,0,0,0,0,0,1,0,0,0,0,0,204,Test
-0.847327599,-0.935387468,-0.718581318,0,0,0,1,0,0,0,0,0,0,0,0,1,0,0,0,0,0,0,0,210,Test
-0.847327599,-0.935387468,-0.948602349,0,0,0,1,1,0,0,0,0,0,0,0,0,0,0,0,0,0,0,0,193,Test
-0.046708293,0.357386932,-0.373549772,0,0,1,0,1,0,0,0,0,0,0,0,0,0,0,0,0,0,0,0,225,Test
-0.847327599,-0.935387468,-1.255297057,0,0,0,1,0,0,1,0,0,0,0,0,0,0,0,0,0,0,0,0,174,Test
0.193477499,0.357386932,0.35485016,0,0,0,1,0,0,0,0,0,0,0,0,0,0,0,1,0,0,0,0,276,Test
-1.647946905,-1.581774668,-1.446981249,0,0,0,1,1,0,0,0,0,0,0,0,0,0,0,0,0,0,0,0,164,Test
-1.247637252,-1.581774668,-1.17862338,0,0,1,0,0,0,0,0,0,0,0,0,0,0,1,0,0,0,0,0,181,Test
1.554530319,1.650161332,3.345123561,0,1,0,0,0,0,0,0,0,0,1,0,0,0,0,0,0,0,0,0,323,Test
-1.247637252,-0.935387468,-1.025276026,0,0,0,1,0,0,0,0,0,0,0,0,0,0,0,1,0,0,0,0,189,Test
-0.847327599,-0.935387468,-0.526897125,0,0,0,1,0,0,0,0,0,0,0,1,0,0,0,0,0,0,0,0,216,Test
0.43366329,0.357386932,2.386702599,0,1,0,0,0,0,0,0,0,0,0,0,0,0,0,1,0,0,0,0,272,Test
0.753911013,1.650161332,0.891565898,0,0,1,0,0,0,0,0,0,0,0,0,0,0,1,0,0,0,0,0,306,Test
0.753911013,1.650161332,2.578386791,0,0,1,0,0,0,0,0,0,0,0,0,0,0,0,0,1,0,0,0,410,Test
1.554530319,1.650161332,0.968239575,0,0,1,0,0,0,0,0,0,0,0,0,0,0,0,0,0,1,0,0,311,Test
1.394406458,1.650161332,0.776555383,0,0,1,0,0,1,0,0,0,0,0,0,0,0,0,0,0,0,0,0,300,Test
1.794716111,1.650161332,1.044913252,0,0,0,1,0,0,0,0,0,0,1,0,0,0,0,0,0,0,0,0,317,Test
-0.847327599,-0.935387468,-0.450223449,0,0,0,1,0,0,0,0,0,0,0,0,0,0,0,1,0,0,0,0,224,Test
0.193477499,0.357386932,0.278176483,0,0,0,1,0,0,0,0,0,0,0,0,0,0,0,1,0,0,0,0,264,Test
0.513725221,0.357386932,0.393186998,0,0,1,0,0,0,0,0,0,0,0,0,0,0,0,0,0,1,0,0,271,Test
-0.206832154,-0.935387468,-0.105191902,1,0,0,0,0,0,0,0,0,1,0,0,0,0,0,0,0,0,0,0,283,Test
-1.167575321,-0.935387468,-0.795254995,0,0,1,0,1,0,0,0,0,0,0,0,0,0,0,0,0,0,0,0,200,Test
-0.527079877,-0.935387468,-1.025276026,0,0,1,0,1,0,0,0,0,0,0,0,0,0,0,0,0,0,0,0,189,Test
-0.847327599,-0.935387468,-1.446981249,1,0,0,0,1,0,0,0,0,0,0,0,0,0,0,0,0,0,0,0,184,Test
-0.847327599,-0.935387468,-0.948602349,0,0,0,1,0,0,1,0,0,0,0,0,0,0,0,0,0,0,0,0,191,Test
-0.847327599,-0.935387468,-0.373549772,0,0,1,0,0,0,0,0,0,0,0,0,0,0,0,0,0,1,0,0,229,Test
0.43366329,0.357386932,0.546534352,0,0,0,1,0,0,0,0,0,0,0,0,0,0,0,1,0,0,0,0,285,Test
2.034901902,1.650161332,0.968239575,0,0,0,1,0,0,0,0,0,0,1,0,0,0,0,0,0,0,0,0,312,Test
0.43366329,0.357386932,0.35485016,0,0,0,1,0,0,0,0,0,0,0,0,0,0,0,1,0,0,0,0,275,Test
-0.447017946,-0.935387468,-1.370307572,0,0,0,1,0,0,1,0,0,0,0,0,0,0,0,0,0,0,0,0,166,Test
-0.046708293,0.357386932,-0.028518225,0,0,1,0,0,0,0,1,0,0,0,0,0,0,0,0,0,0,0,0,250,Test
0.753911013,1.650161332,0.546534352,0,0,1,0,0,0,0,0,0,0,0,0,0,0,1,0,0,0,0,0,291,Test
0.43366329,0.357386932,0.009818613,0,0,0,1,0,1,0,0,0,0,0,0,0,0,0,0,0,0,0,0,254,Test
-1.167575321,-0.935387468,-1.216960218,0,0,0,1,0,0,1,0,0,0,0,0,0,0,0,0,0,0,0,0,179,Test
-1.247637252,-0.935387468,-2.137044342,0,0,0,1,1,0,0,0,0,0,0,0,0,0,0,0,0,0,0,0,120,Test
1.794716111,1.650161332,3.191776207,0,1,0,0,0,0,0,0,0,0,0,0,0,0,0,0,1,0,0,0,317,Test
-0.286894085,-0.935387468,0.35485016,0,0,0,1,0,0,0,0,0,1,0,0,0,0,0,0,0,0,0,0,274,Test
-0.447017946,-0.935387468,-0.028518225,0,0,1,0,0,0,0,0,0,0,0,0,0,0,0,0,0,1,0,0,249,Test
-0.447017946,-0.935387468,-0.335212933,0,0,0,1,0,0,0,0,0,0,0,1,0,0,0,0,0,0,0,0,228,Test
0.35360136,0.357386932,0.163165967,0,0,0,1,0,0,0,0,0,0,0,0,0,0,0,1,0,0,0,0,258,Test
2.515273486,1.650161332,1.84998686,0,0,1,0,0,1,0,0,0,0,0,0,0,0,0,0,0,0,0,0,368,Test
1.71465418,2.942935732,1.619965829,0,0,1,0,0,0,0,0,0,0,0,0,0,0,0,0,0,1,0,0,350,Test
-0.847327599,-0.935387468,-0.795254995,0,0,1,0,0,0,0,0,0,0,0,0,0,0,1,0,0,0,0,0,207,Test
-1.167575321,-0.935387468,-1.600328603,0,0,0,1,1,0,0,0,0,0,0,0,0,0,0,0,0,0,0,0,151,Test
-0.847327599,-0.935387468,-1.638665441,1,0,0,0,1,0,0,0,0,0,0,0,0,0,0,0,0,0,0,0,175,Test
0.43366329,0.357386932,0.393186998,0,0,0,1,0,0,0,0,1,0,0,0,0,0,0,0,0,0,0,0,276,Test
-0.527079877,-0.935387468,-0.258539256,0,0,0,1,0,0,0,0,0,0,0,0,0,0,0,1,0,0,0,0,238,Test
1.954839972,1.650161332,0.929902737,0,0,1,0,0,1,0,0,0,0,0,0,0,0,0,0,0,0,0,0,313,Test
1.314344527,1.650161332,1.658302668,0,0,1,0,0,0,0,0,0,0,0,0,0,0,1,0,0,0,0,0,357,Test
1.314344527,1.650161332,1.313271121,0,0,1,0,0,0,0,0,0,0,0,0,0,0,0,0,1,0,0,0,335,Test
-0.046708293,0.357386932,-0.373549772,1,0,0,0,0,0,0,0,0,0,1,0,0,0,0,0,0,0,0,0,265,Test
0.43366329,0.357386932,0.508197513,0,0,0,1,0,0,0,0,0,0,0,0,0,0,0,1,0,0,0,0,285,Test
1.794716111,1.650161332,0.85322906,0,0,0,1,0,0,0,0,0,0,1,0,0,0,0,0,0,0,0,0,299,Test
2.515273486,1.650161332,0.623208029,0,0,1,0,0,0,0,0,0,0,0,0,0,0,0,0,0,1,0,0,290,Test
1.794716111,1.650161332,2.425039437,0,1,0,0,0,0,0,0,0,0,1,0,0,0,0,0,0,0,0,0,284,Test
-0.847327599,-0.935387468,-0.795254995,0,0,1,0,0,0,0,0,0,0,0,0,0,0,1,0,0,0,0,0,204,Test
-1.167575321,-0.935387468,-0.680244479,0,0,1,0,1,0,0,0,0,0,0,0,0,0,0,0,0,0,0,0,207,Test
-0.046708293,0.357386932,0.431523836,0,0,1,0,0,1,0,0,0,0,0,0,0,0,0,0,0,0,0,0,280,Test
1.074158735,1.650161332,2.041671053,0,0,1,0,0,0,0,0,0,0,0,0,0,0,0,0,1,0,0,0,370,Test
-0.447017946,-0.935387468,-1.331970734,0,0,0,1,0,0,1,0,0,0,0,0,0,0,0,0,0,0,0,0,171,Test
1.074158735,1.650161332,0.738218544,0,0,1,0,0,1,0,0,0,0,0,0,0,0,0,0,0,0,0,0,292,Test
0.273539429,0.357386932,0.124829129,0,0,1,0,0,0,1,0,0,0,0,0,0,0,0,0,0,0,0,0,261,Test
-0.847327599,-0.935387468,-0.335212933,0,0,1,0,0,0,0,0,0,0,0,0,0,0,1,0,0,0,0,0,231,Test
-0.847327599,-0.935387468,-0.526897125,0,0,1,0,0,0,0,1,0,0,0,0,0,0,0,0,0,0,0,0,220,Test
-0.847327599,-0.935387468,-0.91026551,0,0,0,1,0,1,0,0,0,0,0,0,0,0,0,0,0,0,0,0,200,Test
1.794716111,1.650161332,1.35160796,0,0,0,1,0,0,0,0,0,0,0,0,0,0,0,0,1,0,0,0,336,Test
0.43366329,0.357386932,-0.105191902,0,0,0,1,0,0,0,0,0,0,0,0,0,0,1,0,0,0,0,0,247,Test
2.515273486,1.650161332,1.504955314,0,0,1,0,0,0,0,0,0,0,0,0,0,0,0,0,1,0,0,0,338,Test
-0.046708293,0.357386932,0.738218544,0,0,1,0,0,0,0,0,0,0,0,0,0,0,1,0,0,0,0,0,299,Test
-0.447017946,-0.935387468,-1.216960218,0,0,0,1,0,0,1,0,0,0,0,0,0,0,0,0,0,0,0,0,175,Test
1.794716111,1.650161332,0.738218544,0,0,0,1,0,0,0,0,0,0,1,0,0,0,0,0,0,0,0,0,292,Test
-1.247637252,-0.935387468,-2.252054857,0,0,0,1,0,0,1,0,0,0,0,0,0,0,0,0,0,0,0,0,115,Test
-1.00745146,-0.935387468,-1.216960218,0,0,0,1,0,0,1,0,0,0,0,0,0,0,0,0,0,0,0,0,178,Test
0.593787152,0.357386932,-0.066855064,0,0,1,0,0,0,0,1,0,0,0,0,0,0,0,0,0,0,0,0,250,Test
2.515273486,1.650161332,1.466618475,0,0,1,0,0,0,0,0,0,0,0,0,0,0,0,0,1,0,0,0,343,Test
0.35360136,0.357386932,1.35160796,0,0,0,1,0,0,0,0,0,0,1,0,0,0,0,0,0,0,0,0,336,Test
-0.046708293,0.357386932,-0.335212933,1,0,0,0,0,0,0,0,0,0,0,0,0,0,0,0,1,0,0,0,267,Test
-0.847327599,-0.935387468,-0.296876095,0,0,0,1,0,0,0,0,0,0,0,0,0,0,0,1,0,0,0,0,234,Test
1.554530319,1.650161332,1.083250091,0,0,1,0,0,0,0,1,0,0,0,0,0,0,0,0,0,0,0,0,313,Test
-0.527079877,-0.935387468,-0.795254995,0,0,0,1,0,1,0,0,0,0,0,0,0,0,0,0,0,0,0,0,200,Test
-0.046708293,0.357386932,-0.181865579,0,0,1,0,0,0,0,0,0,0,0,0,0,0,0,0,0,1,0,0,237,Test
0.113415568,0.357386932,0.124829129,0,0,0,1,0,0,0,0,0,0,0,0,0,0,0,1,0,0,0,0,259,Test
0.513725221,0.357386932,1.696639506,0,0,0,1,0,0,0,0,0,0,0,0,0,0,0,0,0,0,0,1,355,Test
2.515273486,1.650161332,0.316513321,0,0,1,0,1,0,0,0,0,0,0,0,0,0,0,0,0,0,0,0,272,Test
1.794716111,1.650161332,1.159923768,0,0,0,1,0,0,0,0,0,0,0,0,0,0,0,0,1,0,0,0,317,Test
2.515273486,1.650161332,0.776555383,0,0,1,0,1,0,0,0,0,0,0,0,0,0,0,0,0,0,0,0,294,Test
-0.447017946,-0.935387468,-1.561991764,0,0,0,1,0,0,0,0,0,0,0,0,0,0,0,0,1,0,0,0,158,Test
-0.527079877,-0.935387468,-0.986939187,0,0,0,1,0,0,1,0,0,0,0,0,0,0,0,0,0,0,0,0,189,Test
-1.167575321,-0.935387468,-1.025276026,0,0,1,0,0,0,0,0,0,0,0,0,0,0,0,0,0,1,0,0,186,Test
1.794716111,1.650161332,1.159923768,0,0,0,1,0,0,0,0,0,0,0,0,0,0,0,0,1,0,0,0,317,Test
0.43366329,0.357386932,1.006576414,0,0,0,1,0,0,0,0,0,0,0,0,0,0,0,0,1,0,0,0,315,Test
-1.167575321,-0.935387468,-1.140286541,0,0,0,1,1,0,0,0,0,0,0,0,0,0,0,0,0,0,0,0,184,Test
0.593787152,0.357386932,0.163165967,0,0,1,0,0,0,0,1,0,0,0,0,0,0,0,0,0,0,0,0,262,Test
0.35360136,0.357386932,0.278176483,0,0,0,1,0,0,0,0,0,0,0,0,0,0,0,1,0,0,0,0,264,Test
-0.847327599,-0.935387468,-0.143528741,0,0,1,0,0,0,0,0,0,0,0,0,0,0,0,1,0,0,0,0,245,Test
-0.046708293,0.357386932,-0.373549772,0,0,1,0,0,0,0,0,0,0,0,0,0,0,1,0,0,0,0,0,229,Test
1.794716111,1.650161332,1.236597445,0,0,0,1,0,0,0,0,0,0,1,0,0,0,0,0,0,0,0,0,329,Test
0.43366329,0.357386932,2.156681568,0,1,0,0,0,0,0,0,1,0,0,0,0,0,0,0,0,0,0,0,262,Test
0.35360136,0.357386932,0.431523836,0,0,0,1,0,0,0,0,0,0,1,0,0,0,0,0,0,0,0,0,278,Test
-0.847327599,-0.935387468,-0.680244479,0,0,1,0,0,0,0,0,0,0,0,0,0,0,1,0,0,0,0,0,214,Test
0.513725221,0.357386932,0.278176483,0,0,0,1,0,0,0,0,0,0,0,0,0,0,1,0,0,0,0,0,271,Test
-0.447017946,-0.935387468,-0.41188661,0,0,0,1,0,0,0,0,1,0,0,0,0,0,0,0,0,0,0,0,223,Test
-0.847327599,-0.935387468,-1.140286541,0,0,0,1,1,0,0,0,0,0,0,0,0,0,0,0,0,0,0,0,183,Test
-0.847327599,-0.935387468,-0.948602349,0,0,1,0,1,0,0,0,0,0,0,0,0,0,0,0,0,0,0,0,195,Test
0.593787152,0.357386932,0.201502806,0,0,1,0,0,0,0,1,0,0,0,0,0,0,0,0,0,0,0,0,260,Test
0.35360136,0.357386932,-0.220202418,0,0,1,0,0,0,0,0,0,0,0,0,0,0,1,0,0,0,0,0,235,Test
-1.247637252,-1.581774668,-1.101949703,0,0,1,0,0,0,0,0,0,0,0,0,0,0,1,0,0,0,0,0,184,Test
0.43366329,0.357386932,0.393186998,0,0,1,0,0,0,0,0,0,0,0,0,0,0,0,0,1,0,0,0,277,Test
1.554530319,1.650161332,2.578386791,0,1,0,0,0,1,0,0,0,0,0,0,0,0,0,0,0,0,0,0,280,Test
-0.286894085,-0.935387468,-0.143528741,0,0,0,1,0,0,0,0,0,0,0,0,0,0,0,1,0,0,0,0,239,Test
0.35360136,0.357386932,-0.373549772,0,0,1,0,1,0,0,0,0,0,0,0,0,0,0,0,0,0,0,0,228,Test
0.35360136,0.357386932,-1.216960218,0,0,1,0,0,0,1,0,0,0,0,0,0,0,0,0,0,0,0,0,175,Test
-0.046708293,0.357386932,-0.028518225,0,0,1,0,0,0,0,0,0,0,0,0,0,0,1,0,0,0,0,0,251,Test
0.513725221,0.357386932,1.658302668,0,0,0,1,0,0,0,0,0,0,0,0,0,0,0,0,0,0,0,1,354,Test
-0.847327599,-0.935387468,-0.488560287,0,0,1,0,1,0,0,0,0,0,0,0,0,0,0,0,0,0,0,0,221,Test
-0.046708293,0.357386932,0.009818613,0,0,1,0,0,0,0,0,0,0,0,0,0,0,0,0,0,1,0,0,253,Test
-0.847327599,-0.935387468,-0.181865579,0,0,1,0,0,0,1,0,0,0,0,0,0,0,0,0,0,0,0,0,237,Test
-0.527079877,-0.935387468,-0.066855064,0,0,0,1,0,0,0,0,0,0,0,0,0,0,0,1,0,0,0,0,244,Test
-0.046708293,0.357386932,0.08649229,0,0,1,0,0,0,1,0,0,0,0,0,0,0,0,0,0,0,0,0,253,Test
1.554530319,1.650161332,0.968239575,0,0,1,0,0,0,0,0,0,0,0,0,0,0,0,0,0,1,0,0,311,Test
1.074158735,1.650161332,0.278176483,0,0,1,0,0,0,1,0,0,0,0,0,0,0,0,0,0,0,0,0,269,Test
1.074158735,1.650161332,1.121586929,0,0,1,0,0,0,1,0,0,0,0,0,0,0,0,0,0,0,0,0,315,Test
-0.527079877,-0.935387468,-0.680244479,0,0,0,1,0,0,1,0,0,0,0,0,0,0,0,0,0,0,0,0,210,Test
-0.046708293,0.357386932,0.048155452,0,0,1,0,0,0,0,0,0,0,0,0,0,0,0,1,0,0,0,0,257,Test
-1.167575321,-0.935387468,-2.482075888,0,0,0,1,0,1,0,0,0,0,0,0,0,0,0,0,0,0,0,0,104,Test
-0.847327599,-0.935387468,-0.641907641,0,0,0,1,0,0,0,0,0,0,0,0,0,0,0,0,0,1,0,0,213,Test
2.515273486,1.650161332,1.658302668,0,0,1,0,0,0,1,0,0,0,0,0,0,0,0,0,0,0,0,0,353,Test
-0.847327599,-0.935387468,-0.91026551,0,0,1,0,1,0,0,0,0,0,0,0,0,0,0,0,0,0,0,0,197,Test
0.43366329,0.357386932,-0.143528741,0,0,0,1,0,0,0,0,0,0,0,0,0,0,1,0,0,0,0,0,246,Test
0.35360136,0.357386932,0.08649229,0,0,0,1,0,0,0,0,0,0,0,0,0,0,0,1,0,0,0,0,258,Test
1.074158735,1.650161332,0.738218544,0,0,1,0,0,1,0,0,0,0,0,0,0,0,0,0,0,0,0,0,292,Test
-0.847327599,-0.935387468,0.048155452,0,0,0,1,0,0,0,0,0,0,0,0,0,0,0,1,0,0,0,0,256,Test
-0.847327599,-0.935387468,-0.680244479,0,0,1,0,1,0,0,0,0,0,0,0,0,0,0,0,0,0,0,0,207,Test
-1.247637252,-1.581774668,-1.255297057,0,0,1,0,0,0,0,0,0,0,0,0,0,0,1,0,0,0,0,0,175,Test
0.35360136,0.357386932,-1.140286541,0,0,1,0,0,0,1,0,0,0,0,0,0,0,0,0,0,0,0,0,184,Test
-1.247637252,-0.935387468,-0.680244479,0,0,0,1,0,0,0,0,0,0,0,0,0,0,0,1,0,0,0,0,210,Test
2.034901902,1.650161332,1.274934283,0,0,0,1,0,0,0,0,0,0,1,0,0,0,0,0,0,0,0,0,331,Test
-0.847327599,-0.935387468,-0.833591833,0,0,0,1,1,0,0,0,0,0,0,0,0,0,0,0,0,0,0,0,202,Test
1.074158735,1.650161332,1.121586929,0,0,1,0,0,0,0,0,0,0,0,0,0,0,0,0,1,0,0,0,320,Test
-1.167575321,-0.935387468,-0.871928672,0,0,0,1,1,0,0,0,0,0,0,0,0,0,0,0,0,0,0,0,196,Test
-0.847327599,-0.935387468,-0.603570802,0,0,0,1,0,0,0,0,0,0,0,0,0,1,0,0,0,0,0,0,217,Test
-0.046708293,0.357386932,0.239839644,0,0,1,0,0,0,0,0,0,0,0,0,0,0,0,1,0,0,0,0,266,Test
-0.447017946,-0.935387468,0.08649229,0,0,1,0,0,0,0,0,0,0,0,0,0,0,0,0,0,1,0,0,257,Test
0.273539429,0.357386932,-0.488560287,0,0,1,0,0,0,0,0,0,0,0,0,0,0,0,0,0,1,0,0,222,Test
-1.647946905,-1.581774668,-1.255297057,0,0,0,1,1,0,0,0,0,0,0,0,0,0,0,0,0,0,0,0,176,Test
2.515273486,1.650161332,1.35160796,0,0,1,0,0,0,0,0,0,0,0,0,0,0,0,0,1,0,0,0,329,Test
-0.847327599,-0.935387468,-0.335212933,0,0,1,0,0,0,1,0,0,0,0,0,0,0,0,0,0,0,0,0,228,Test
-0.046708293,0.357386932,-0.450223449,0,0,1,0,1,0,0,0,0,0,0,0,0,0,0,0,0,0,0,0,221,Test
1.314344527,1.650161332,0.508197513,0,0,1,0,0,1,0,0,0,0,0,0,0,0,0,0,0,0,0,0,278,Test
-0.046708293,0.357386932,-0.143528741,0,0,1,0,1,0,0,0,0,0,0,0,0,0,0,0,0,0,0,0,231,Test
0.35360136,0.357386932,0.85322906,0,0,0,1,0,0,0,0,0,0,0,0,0,0,0,0,1,0,0,0,305,Test
0.593787152,0.357386932,0.163165967,0,0,1,0,0,0,0,1,0,0,0,0,0,0,0,0,0,0,0,0,262,Test
-0.847327599,-0.935387468,-0.41188661,0,0,1,0,0,0,1,0,0,0,0,0,0,0,0,0,0,0,0,0,229,Test
-1.00745146,-0.935387468,-0.450223449,0,0,0,1,0,0,0,0,0,0,0,0,0,1,0,0,0,0,0,0,224,Test
0.43366329,0.357386932,0.546534352,0,0,0,1,0,0,0,0,0,0,0,0,0,0,0,0,1,0,0,0,287,Test
-1.00745146,-0.935387468,-0.680244479,0,0,1,0,0,0,0,0,0,0,0,0,0,0,0,0,0,1,0,0,207,Test
-1.167575321,-0.935387468,-0.833591833,0,0,0,1,0,0,0,0,0,0,0,0,0,0,0,1,0,0,0,0,201,Test
0.35360136,0.357386932,0.239839644,0,0,0,1,0,0,0,0,1,0,0,0,0,0,0,0,0,0,0,0,262,Test
0.513725221,0.357386932,0.431523836,0,0,1,0,0,0,0,0,0,0,0,0,0,1,0,0,0,0,0,0,280,Test
2.114963833,1.650161332,2.233355245,0,0,1,0,0,0,0,0,0,0,0,0,0,0,0,0,1,0,0,0,382,Test
0.43366329,0.357386932,1.006576414,0,0,0,1,0,0,0,0,0,0,0,0,0,0,0,1,0,0,0,0,312,Test
1.794716111,1.650161332,2.195018406,0,0,0,1,0,0,0,0,0,0,0,0,0,0,0,0,0,0,0,1,380,Test
0.35360136,0.357386932,-1.255297057,0,0,1,0,0,0,1,0,0,0,0,0,0,0,0,0,0,0,0,0,176,Test
-0.527079877,-0.935387468,-0.220202418,0,0,0,1,0,0,0,0,0,0,0,0,0,0,0,1,0,0,0,0,235,Test
-1.00745146,-0.935387468,-0.756918156,0,0,0,1,0,0,1,0,0,0,0,0,0,0,0,0,0,0,0,0,207,Test
0.35360136,0.357386932,-0.028518225,0,0,0,1,0,0,0,0,0,0,0,0,0,0,0,1,0,0,0,0,251,Test
-0.527079877,-0.935387468,-0.105191902,0,0,0,1,0,0,0,0,0,0,0,0,0,0,0,1,0,0,0,0,247,Test
-0.847327599,-0.935387468,-0.373549772,0,0,1,0,1,0,0,0,0,0,0,0,0,0,0,0,0,0,0,0,225,Test
-0.847327599,-0.935387468,0.278176483,0,0,0,1,0,0,0,0,0,0,0,0,0,0,0,1,0,0,0,0,264,Test
2.114963833,1.650161332,1.274934283,0,0,0,1,0,0,0,0,0,0,0,0,0,0,0,0,1,0,0,0,331,Test
0.43366329,0.357386932,-0.028518225,0,0,0,1,0,0,1,0,0,0,0,0,0,0,0,0,0,0,0,0,251,Test
1.554530319,1.650161332,1.083250091,0,0,0,1,0,0,0,0,0,0,1,0,0,0,0,0,0,0,0,0,319,Test
0.35360136,0.357386932,0.508197513,0,0,0,1,0,0,0,0,0,0,0,0,0,0,0,0,1,0,0,0,283,Test
2.515273486,1.650161332,1.313271121,0,0,1,0,0,0,0,0,0,0,1,0,0,0,0,0,0,0,0,0,332,Test
0.35360136,0.357386932,-0.220202418,0,0,1,0,0,0,1,0,0,0,0,0,0,0,0,0,0,0,0,0,237,Test
-0.847327599,-0.935387468,-0.756918156,0,0,0,1,1,0,0,0,0,0,0,0,0,0,0,0,0,0,0,0,207,Test
-0.847327599,-0.935387468,-1.025276026,0,0,1,0,1,0,0,0,0,0,0,0,0,0,0,0,0,0,0,0,188,Test
-0.847327599,-0.935387468,-0.143528741,0,0,0,1,0,0,1,0,0,0,0,0,0,0,0,0,0,0,0,0,245,Test
0.273539429,0.357386932,-0.258539256,0,0,1,0,0,0,0,1,0,0,0,0,0,0,0,0,0,0,0,0,238,Test
1.234282596,1.650161332,2.080007891,0,0,0,1,0,0,0,0,0,0,0,0,0,0,0,0,0,0,1,0,373,Test
-1.327699183,-0.935387468,-1.408644411,0,0,0,1,0,0,1,0,0,0,0,0,0,0,0,0,0,0,0,0,163,Test
-0.046708293,0.357386932,-0.450223449,0,0,1,0,1,0,0,0,0,0,0,0,0,0,0,0,0,0,0,0,221,Test
-1.327699183,-0.935387468,-0.91026551,0,0,0,1,0,0,0,0,0,0,0,0,0,1,0,0,0,0,0,0,193,Test
-1.167575321,-0.935387468,-1.063612864,0,0,1,0,0,0,0,1,0,0,0,0,0,0,0,0,0,0,0,0,184,Test
-0.447017946,-0.935387468,-1.293633895,0,0,0,1,0,0,1,0,0,0,0,0,0,0,0,0,0,0,0,0,173,Test
-0.046708293,0.357386932,0.163165967,0,0,1,0,0,1,0,0,0,0,0,0,0,0,0,0,0,0,0,0,258,Test
-1.00745146,-0.935387468,-1.485318087,0,0,0,1,0,0,1,0,0,0,0,0,0,0,0,0,0,0,0,0,159,Test
-0.847327599,-0.935387468,-0.335212933,0,0,1,0,0,0,1,0,0,0,0,0,0,0,0,0,0,0,0,0,228,Test
0.35360136,0.357386932,0.08649229,0,0,1,0,1,0,0,0,0,0,0,0,0,0,0,0,0,0,0,0,258,Test
-0.206832154,-0.935387468,-0.526897125,1,0,0,0,0,0,0,0,0,1,0,0,0,0,0,0,0,0,0,0,252,Test
-0.847327599,-0.935387468,-1.17862338,0,0,0,1,1,0,0,0,0,0,0,0,0,0,0,0,0,0,0,0,177,Test
1.71465418,1.650161332,1.428281637,0,0,1,0,0,0,0,0,0,0,0,0,0,0,1,0,0,0,0,0,342,Test
-0.847327599,-0.935387468,-0.488560287,0,0,0,1,0,0,0,0,0,0,0,0,0,0,1,0,0,0,0,0,224,Test
-0.847327599,-0.935387468,-0.373549772,0,0,1,0,0,0,0,0,0,0,0,0,0,0,0,1,0,0,0,0,225,Test
-0.847327599,-0.935387468,-0.795254995,0,0,1,0,0,0,1,0,0,0,0,0,0,0,0,0,0,0,0,0,205,Test
-0.447017946,-0.935387468,-0.986939187,0,0,0,1,1,0,0,0,0,0,0,0,0,0,0,0,0,0,0,0,192,Test
-1.167575321,-0.935387468,-1.101949703,0,0,1,0,0,0,0,0,0,0,0,0,0,1,0,0,0,0,0,0,186,Test
-0.847327599,-0.935387468,-0.258539256,0,0,1,0,0,0,0,0,0,0,0,0,0,0,1,0,0,0,0,0,235,Test
-0.847327599,-0.935387468,-0.871928672,0,0,0,1,0,0,1,0,0,0,0,0,0,0,0,0,0,0,0,0,196,Test
1.794716111,1.650161332,2.463376276,0,1,0,0,0,0,0,0,0,0,0,0,0,0,0,0,1,0,0,0,275,Test
-0.447017946,-0.935387468,-1.063612864,0,0,0,1,0,0,1,0,0,0,0,0,0,0,0,0,0,0,0,0,187,Test
1.794716111,1.650161332,2.463376276,0,1,0,0,0,0,0,0,0,0,0,0,0,0,0,0,1,0,0,0,285,Test
-0.046708293,0.357386932,-0.220202418,0,0,1,0,0,0,0,0,0,0,0,0,1,0,0,0,0,0,0,0,239,Test
-0.847327599,-0.935387468,-0.565233964,0,0,0,1,0,0,0,0,0,0,0,1,0,0,0,0,0,0,0,0,218,Test
1.074158735,1.650161332,1.159923768,0,0,1,0,0,0,0,0,0,0,0,0,0,0,1,0,0,0,0,0,324,Test
-0.447017946,-0.289000268,0.08649229,0,0,0,1,0,0,0,0,0,0,0,0,0,0,0,1,0,0,0,0,254,Test
-0.286894085,0.357386932,0.201502806,0,0,0,1,0,0,0,0,0,0,1,0,0,0,0,0,0,0,0,0,265,Test
1.954839972,1.650161332,2.961755176,0,0,1,0,0,0,0,0,0,0,0,0,0,0,0,0,1,0,0,0,426,Test
-1.167575321,-0.935387468,-0.795254995,0,0,1,0,1,0,0,0,0,0,0,0,0,0,0,0,0,0,0,0,200,Test
-1.167575321,-0.935387468,-0.986939187,0,0,1,0,0,0,1,0,0,0,0,0,0,0,0,0,0,0,0,0,193,Test
-0.286894085,-0.935387468,-0.296876095,0,0,1,0,1,0,0,0,0,0,0,0,0,0,0,0,0,0,0,0,234,Test
-0.527079877,-0.935387468,-0.450223449,0,0,0,1,1,0,0,0,0,0,0,0,0,0,0,0,0,0,0,0,224,Test
1.71465418,2.942935732,1.888323699,0,0,1,0,0,0,0,0,0,0,0,0,0,0,0,0,0,1,0,0,370,Test
-0.847327599,-0.935387468,-0.258539256,0,0,0,1,0,0,0,0,0,0,0,0,0,0,0,1,0,0,0,0,232,Test
-1.327699183,-0.935387468,-0.833591833,0,0,0,1,0,0,0,1,0,0,0,0,0,0,0,0,0,0,0,0,198,Test
-0.847327599,-0.935387468,-0.450223449,0,0,1,0,0,0,0,0,0,0,0,0,0,0,0,1,0,0,0,0,226,Test
0.593787152,0.357386932,0.163165967,0,0,1,0,0,0,0,1,0,0,0,0,0,0,0,0,0,0,0,0,258,Test
-0.847327599,-0.935387468,-1.101949703,0,0,0,1,0,0,0,0,0,0,0,0,0,0,0,1,0,0,0,0,186,Test
-1.247637252,-1.581774668,-0.641907641,0,0,1,0,0,0,1,0,0,0,0,0,0,0,0,0,0,0,0,0,213,Test
0.35360136,0.357386932,0.239839644,0,0,0,1,0,0,0,0,0,1,0,0,0,0,0,0,0,0,0,0,268,Test
-1.247637252,-0.935387468,-1.331970734,0,0,0,1,1,0,0,0,0,0,0,0,0,0,0,0,0,0,0,0,168,Test
0.914034874,1.650161332,1.466618475,0,0,1,0,0,0,0,0,0,0,0,0,0,0,0,0,0,1,0,0,336,Test
-1.327699183,-0.935387468,-1.140286541,0,0,0,1,0,0,0,0,0,0,0,0,0,1,0,0,0,0,0,0,184,Test
-0.847327599,-0.935387468,-1.485318087,1,0,0,0,1,0,0,0,0,0,0,0,0,0,0,0,0,0,0,0,183,Test
-1.167575321,-0.935387468,-1.216960218,0,0,0,1,0,0,0,0,0,0,0,0,0,0,1,0,0,0,0,0,175,Test
-0.206832154,-0.935387468,0.508197513,1,0,0,0,0,0,0,0,0,1,0,0,0,0,0,0,0,0,0,0,326,Test
-0.046708293,0.357386932,-0.143528741,0,0,1,0,0,0,0,0,0,0,0,0,0,0,0,0,0,1,0,0,242,Test
-1.00745146,-0.935387468,-0.948602349,0,0,0,1,0,0,1,0,0,0,0,0,0,0,0,0,0,0,0,0,191,Test
1.234282596,1.650161332,1.198260606,0,0,1,0,0,0,0,0,0,0,0,0,0,0,0,0,1,0,0,0,322,Test
-0.046708293,0.357386932,-0.143528741,0,0,1,0,0,0,0,1,0,0,0,0,0,0,0,0,0,0,0,0,243,Test
1.074158735,1.650161332,1.159923768,0,0,1,0,1,0,0,0,0,0,0,0,0,0,0,0,0,0,0,0,317,Test
0.35360136,0.357386932,1.466618475,0,0,0,1,0,0,0,0,0,0,0,0,0,0,0,0,0,0,0,1,342,Test
-0.527079877,-0.935387468,-0.373549772,0,0,0,1,0,0,0,0,0,0,0,0,0,1,0,0,0,0,0,0,225,Test
2.515273486,1.650161332,0.546534352,0,0,1,0,0,0,0,0,0,0,0,0,0,0,0,0,0,1,0,0,286,Test
-0.447017946,-0.935387468,-0.143528741,0,0,0,1,0,0,0,0,0,0,0,0,0,0,0,1,0,0,0,0,242,Test
-0.527079877,-0.935387468,-0.641907641,0,0,0,1,0,0,0,0,0,0,0,0,0,0,0,1,0,0,0,0,209,Test
0.35360136,0.357386932,-0.028518225,0,0,0,1,0,0,0,0,0,0,0,0,0,0,0,1,0,0,0,0,250,Test
-0.046708293,0.357386932,0.316513321,0,0,1,0,0,0,0,1,0,0,0,0,0,0,0,0,0,0,0,0,272,Test
0.35360136,0.357386932,0.124829129,0,0,1,0,0,0,0,0,0,0,0,0,0,0,0,1,0,0,0,0,255,Test
0.753911013,1.650161332,0.201502806,0,0,1,0,0,0,1,0,0,0,0,0,0,0,0,0,0,0,0,0,263,Test
-0.527079877,-0.935387468,-1.715339118,0,0,0,1,0,0,1,0,0,0,0,0,0,0,0,0,0,0,0,0,145,Test
-0.847327599,-0.935387468,-0.718581318,0,0,1,0,0,0,0,0,0,0,0,0,0,0,1,0,0,0,0,0,210,Test
0.273539429,0.357386932,0.124829129,0,0,1,0,0,0,1,0,0,0,0,0,0,0,0,0,0,0,0,0,262,Test
-0.527079877,-0.935387468,1.236597445,0,1,0,0,0,0,0,0,0,0,0,0,0,0,0,1,0,0,0,0,231,Test
2.675397347,1.650161332,0.814892221,0,0,1,0,0,1,0,0,0,0,0,0,0,0,0,0,0,0,0,0,302,Test
1.554530319,1.650161332,0.85322906,0,0,0,1,0,0,0,0,0,0,0,0,0,0,1,0,0,0,0,0,299,Test
-1.247637252,-0.935387468,-1.561991764,0,0,0,1,1,0,0,0,0,0,0,0,0,0,0,0,0,0,0,0,155,Test
-0.447017946,-0.289000268,-0.181865579,0,0,1,0,0,0,0,0,0,0,0,0,0,0,1,0,0,0,0,0,241,Test
-0.847327599,-0.935387468,-0.986939187,0,0,1,0,1,0,0,0,0,0,0,0,0,0,0,0,0,0,0,0,193,Test
0.43366329,0.357386932,0.393186998,0,0,0,1,0,0,0,0,0,0,0,0,0,0,0,1,0,0,0,0,274,Test
-0.046708293,0.357386932,0.431523836,0,0,1,0,0,1,0,0,0,0,0,0,0,0,0,0,0,0,0,0,279,Test
-0.046708293,0.357386932,-0.258539256,0,0,1,0,0,0,0,1,0,0,0,0,0,0,0,0,0,0,0,0,237,Test
-0.847327599,-0.935387468,-1.446981249,0,0,0,1,0,0,1,0,0,0,0,0,0,0,0,0,0,0,0,0,163,Test
-0.046708293,0.357386932,-0.565233964,0,0,1,0,0,0,0,0,0,0,0,0,0,0,0,0,0,1,0,0,216,Test
1.794716111,1.650161332,1.35160796,0,0,0,1,0,0,0,0,0,0,0,0,0,0,0,0,1,0,0,0,336,Test
-0.447017946,-0.935387468,-0.833591833,0,0,0,1,0,0,1,0,0,0,0,0,0,0,0,0,0,0,0,0,199,Test
-0.847327599,-0.935387468,0.546534352,0,1,0,0,0,0,1,0,0,0,0,0,0,0,0,0,0,0,0,0,195,Test
0.753911013,0.357386932,1.198260606,0,0,0,1,0,0,0,0,0,1,0,0,0,0,0,0,0,0,0,0,326,Test
0.43366329,0.357386932,0.546534352,0,0,0,1,0,0,0,0,0,1,0,0,0,0,0,0,0,0,0,0,288,Test
-0.847327599,-0.935387468,0.163165967,0,0,1,0,0,0,0,0,0,0,0,0,0,0,0,1,0,0,0,0,258,Test
-0.527079877,-0.935387468,-0.526897125,0,0,1,0,1,0,0,0,0,0,0,0,0,0,0,0,0,0,0,0,216,Test
2.114963833,1.650161332,2.11834473,0,0,0,1,0,0,0,0,0,0,1,0,0,0,0,0,0,0,0,0,380,Test
-0.527079877,-0.935387468,-0.526897125,0,0,0,1,0,0,0,0,0,0,0,0,0,0,0,1,0,0,0,0,221,Test
0.43366329,0.357386932,1.543292152,0,1,0,0,0,1,0,0,0,0,0,0,0,0,0,0,0,0,0,0,237,Test
0.513725221,0.357386932,0.124829129,0,0,1,0,0,0,0,0,0,0,0,0,0,0,1,0,0,0,0,0,255,Test
-0.046708293,0.357386932,0.201502806,0,0,1,0,0,0,0,0,0,0,0,0,0,0,0,0,0,1,0,0,265,Test
1.794716111,1.650161332,1.198260606,0,0,0,1,0,0,0,0,0,0,1,0,0,0,0,0,0,0,0,0,327,Test
-0.447017946,-0.935387468,-1.255297057,0,0,0,1,0,0,1,0,0,0,0,0,0,0,0,0,0,0,0,0,176,Test
-0.847327599,-0.935387468,-1.446981249,1,0,0,0,0,0,0,0,0,0,0,0,0,1,0,0,0,0,0,0,184,Test
-1.167575321,-0.935387468,-2.558749565,0,0,0,1,0,1,0,0,0,0,0,0,0,0,0,0,0,0,0,0,96,Test
-0.447017946,-0.935387468,-1.140286541,0,0,0,1,1,0,0,0,0,0,0,0,0,0,0,0,0,0,0,0,182,Test
-0.046708293,0.357386932,0.623208029,0,0,1,0,0,0,0,0,0,0,0,0,0,0,0,0,1,0,0,0,285,Test
-1.247637252,-1.581774668,-0.641907641,0,0,1,0,0,0,0,0,0,0,0,0,0,1,0,0,0,0,0,0,214,Test
-1.00745146,-0.935387468,-0.526897125,0,0,1,0,0,0,0,0,0,0,0,0,0,0,1,0,0,0,0,0,216,Test
1.394406458,1.650161332,2.770070984,0,0,0,1,0,0,0,0,0,0,0,0,0,0,0,0,0,0,0,1,414,Test
0.193477499,0.357386932,1.926660537,0,1,0,0,0,0,0,0,0,0,1,0,0,0,0,0,0,0,0,0,263,Test
-0.847327599,-0.935387468,-1.025276026,0,0,0,1,0,0,0,0,0,0,0,0,0,0,1,0,0,0,0,0,188,Test
-0.046708293,0.357386932,0.239839644,0,0,1,0,0,0,0,0,0,0,0,0,0,0,0,1,0,0,0,0,262,Test
-1.247637252,-1.581774668,-1.370307572,0,0,1,0,0,0,0,1,0,0,0,0,0,0,0,0,0,0,0,0,170,Test
0.35360136,0.357386932,-0.526897125,0,0,0,1,0,0,1,0,0,0,0,0,0,0,0,0,0,0,0,0,220,Test
0.35360136,0.357386932,-0.066855064,0,0,1,0,0,0,0,0,0,0,0,0,0,0,1,0,0,0,0,0,244,Test
0.513725221,0.357386932,0.776555383,0,0,1,0,0,0,0,0,0,0,0,0,0,0,0,1,0,0,0,0,301,Test
1.554530319,1.650161332,0.968239575,0,0,0,1,0,0,0,0,0,0,1,0,0,0,0,0,0,0,0,0,306,Test
-0.447017946,-0.289000268,-0.258539256,0,0,0,1,0,0,0,0,0,0,0,0,0,1,0,0,0,0,0,0,233,Test
0.914034874,1.650161332,0.968239575,0,0,1,0,0,0,0,0,0,0,0,0,0,0,1,0,0,0,0,0,306,Test
-0.046708293,0.357386932,-0.066855064,0,0,1,0,0,0,0,0,0,0,0,0,0,0,1,0,0,0,0,0,248,Test
-0.847327599,-0.935387468,-0.565233964,0,0,1,0,1,0,0,0,0,0,0,0,0,0,0,0,0,0,0,0,218,Test
-0.527079877,-0.935387468,-0.028518225,0,0,0,1,0,0,0,0,0,0,0,0,0,0,0,1,0,0,0,0,246,Test
1.554530319,1.650161332,0.278176483,0,0,1,0,0,0,1,0,0,0,0,0,0,0,0,0,0,0,0,0,268,Test
-0.046708293,0.357386932,-0.450223449,0,0,1,0,0,0,0,1,0,0,0,0,0,0,0,0,0,0,0,0,225,Test
1.794716111,1.650161332,1.389944798,0,0,0,1,0,0,0,0,0,0,0,0,0,0,0,0,1,0,0,0,337,Test
-0.286894085,-0.935387468,-0.296876095,0,0,0,1,0,0,0,0,0,0,0,0,0,0,0,1,0,0,0,0,230,Test
-0.046708293,0.357386932,-0.296876095,1,0,0,0,0,0,0,0,0,0,0,0,0,0,0,0,1,0,0,0,268,Test
0.43366329,0.357386932,-0.220202418,0,0,0,1,0,0,1,0,0,0,0,0,0,0,0,0,0,0,0,0,239,Test
1.794716111,1.650161332,0.85322906,0,0,0,1,0,0,0,0,0,0,0,0,0,0,0,0,1,0,0,0,304,Test
-0.527079877,-0.935387468,-0.871928672,0,0,0,1,0,1,0,0,0,0,0,0,0,0,0,0,0,0,0,0,196,Test
-0.046708293,0.357386932,-0.373549772,0,0,1,0,0,0,1,0,0,0,0,0,0,0,0,0,0,0,0,0,230,Test
-0.126770224,0.357386932,0.163165967,0,0,1,0,0,1,0,0,0,0,0,0,0,0,0,0,0,0,0,0,261,Test
-0.847327599,-0.935387468,-0.718581318,0,0,0,1,0,0,1,0,0,0,0,0,0,0,0,0,0,0,0,0,205,Test
-0.847327599,-0.935387468,-0.603570802,0,0,1,0,0,0,1,0,0,0,0,0,0,0,0,0,0,0,0,0,217,Test
2.515273486,1.650161332,1.35160796,0,0,1,0,0,0,0,0,0,0,0,0,0,0,0,0,1,0,0,0,329,Test
-0.126770224,0.357386932,0.393186998,0,0,1,0,0,0,0,0,0,0,0,0,0,0,0,0,1,0,0,0,275,Test
-1.247637252,-0.935387468,-1.293633895,0,0,1,0,1,0,0,0,0,0,0,0,0,0,0,0,0,0,0,0,173,Test
-0.046708293,0.357386932,0.431523836,0,0,1,0,0,1,0,0,0,0,0,0,0,0,0,0,0,0,0,0,280,Test
1.794716111,1.650161332,0.891565898,0,0,0,1,0,0,0,0,0,0,1,0,0,0,0,0,0,0,0,0,307,Test
2.114963833,1.650161332,1.773313183,0,0,0,1,0,0,0,0,0,0,1,0,0,0,0,0,0,0,0,0,360,Test
-0.286894085,-0.935387468,-0.220202418,0,0,1,0,1,0,0,0,0,0,0,0,0,0,0,0,0,0,0,0,238,Test
0.753911013,1.650161332,0.546534352,0,0,1,0,0,0,0,0,0,0,0,0,0,0,1,0,0,0,0,0,285,Test
-0.847327599,-0.935387468,-0.680244479,0,0,1,0,1,0,0,0,0,0,0,0,0,0,0,0,0,0,0,0,212,Test
1.794716111,1.650161332,0.393186998,0,0,0,1,0,0,0,0,0,0,1,0,0,0,0,0,0,0,0,0,278,Test
-0.286894085,0.357386932,-0.335212933,0,0,1,0,0,0,0,0,0,0,0,0,0,0,0,0,0,1,0,0,228,Test
0.593787152,1.650161332,1.121586929,0,0,1,0,0,1,0,0,0,0,0,0,0,0,0,0,0,0,0,0,321,Test
0.35360136,0.357386932,-0.450223449,0,0,1,0,1,0,0,0,0,0,0,0,0,0,0,0,0,0,0,0,221,Test
1.554530319,1.650161332,2.540049953,0,1,0,0,0,0,0,0,0,0,1,0,0,0,0,0,0,0,0,0,288,Test
-0.847327599,-0.935387468,-0.335212933,0,0,1,0,0,0,0,0,0,0,0,0,0,0,0,1,0,0,0,0,228,Test
-0.527079877,-0.935387468,-0.833591833,0,0,0,1,0,0,1,0,0,0,0,0,0,0,0,0,0,0,0,0,198,Test
-0.286894085,-0.935387468,0.124829129,0,0,0,1,0,0,0,0,0,1,0,0,0,0,0,0,0,0,0,0,261,Test
1.954839972,1.650161332,1.044913252,0,0,1,0,0,0,0,0,0,0,0,0,1,0,0,0,0,0,0,0,310,Test
0.43366329,0.357386932,0.163165967,0,0,0,1,1,0,0,0,0,0,0,0,0,0,0,0,0,0,0,0,261,Test
1.71465418,2.942935732,2.156681568,0,0,1,0,0,0,0,0,0,0,0,0,0,0,0,0,0,1,0,0,377,Test
-0.847327599,-0.935387468,-0.450223449,0,0,0,1,0,0,0,0,0,0,0,0,0,0,0,1,0,0,0,0,221,Test
-0.847327599,-0.935387468,-1.025276026,0,0,1,0,0,0,0,1,0,0,0,0,0,0,0,0,0,0,0,0,191,Test
-0.847327599,-0.935387468,-0.91026551,0,0,1,0,0,0,0,0,0,0,0,0,0,0,1,0,0,0,0,0,197,Test
0.43366329,0.357386932,-0.066855064,0,0,0,1,0,1,0,0,0,0,0,0,0,0,0,0,0,0,0,0,244,Test
-0.847327599,-0.935387468,-0.871928672,0,0,1,0,1,0,0,0,0,0,0,0,0,0,0,0,0,0,0,0,200,Test
2.114963833,1.650161332,1.083250091,0,0,0,1,0,0,0,0,0,0,1,0,0,0,0,0,0,0,0,0,313,Test
2.515273486,1.650161332,1.35160796,0,0,1,0,0,0,0,0,0,0,0,0,0,0,0,0,0,1,0,0,335,Test
-0.767265668,-0.935387468,-0.871928672,1,0,0,0,0,0,0,0,0,0,0,0,0,0,0,1,0,0,0,0,230,Test
1.554530319,1.650161332,0.929902737,0,0,0,1,0,0,0,0,0,0,1,0,0,0,0,0,0,0,0,0,309,Test
1.554530319,1.650161332,3.000092015,0,1,0,0,0,0,0,0,0,0,1,0,0,0,0,0,0,0,0,0,306,Test
-0.447017946,-0.935387468,-0.105191902,0,0,0,1,0,0,0,0,0,1,0,0,0,0,0,0,0,0,0,0,247,Test
-0.847327599,-0.935387468,-0.41188661,0,0,1,0,0,0,1,0,0,0,0,0,0,0,0,0,0,0,0,0,227,Test
0.43366329,0.357386932,0.508197513,0,0,0,1,0,0,0,0,0,0,0,0,0,0,0,1,0,0,0,0,285,Test
-0.847327599,-0.935387468,-0.718581318,0,0,1,0,0,1,0,0,0,0,0,0,0,0,0,0,0,0,0,0,208,Test
-1.327699183,-0.935387468,-0.718581318,0,0,0,1,0,0,0,0,0,0,0,0,0,0,0,1,0,0,0,0,210,Test
0.43366329,0.357386932,-0.105191902,0,0,0,1,0,0,0,0,0,0,0,0,0,0,0,1,0,0,0,0,245,Test
-0.046708293,0.357386932,-0.373549772,1,0,0,0,0,0,0,0,0,0,1,0,0,0,0,0,0,0,0,0,264,Test
0.753911013,1.650161332,0.661544867,0,0,1,0,0,1,0,0,0,0,0,0,0,0,0,0,0,0,0,0,288,Test
0.35360136,0.357386932,1.428281637,0,0,0,1,0,0,0,0,0,0,0,0,0,0,0,0,0,0,0,1,340,Test
-0.046708293,0.357386932,-0.41188661,0,0,1,0,0,0,1,0,0,0,0,0,0,0,0,0,0,0,0,0,226,Test
0.43366329,0.357386932,0.048155452,0,0,0,1,0,0,0,0,1,0,0,0,0,0,0,0,0,0,0,0,259,Test
-1.327699183,-0.935387468,-1.255297057,0,0,0,1,0,0,1,0,0,0,0,0,0,0,0,0,0,0,0,0,175,Test
-0.527079877,-0.935387468,-0.220202418,0,0,0,1,0,0,0,0,0,0,0,0,0,0,0,1,0,0,0,0,242,Test
-0.447017946,-0.935387468,-1.025276026,0,0,0,1,0,0,1,0,0,0,0,0,0,0,0,0,0,0,0,0,188,Test
-1.00745146,-0.935387468,-1.485318087,0,0,0,1,0,0,1,0,0,0,0,0,0,0,0,0,0,0,0,0,162,Test
-0.847327599,-0.935387468,-0.488560287,0,0,1,0,1,0,0,0,0,0,0,0,0,0,0,0,0,0,0,0,222,Test
1.074158735,1.650161332,0.623208029,0,0,1,0,0,1,0,0,0,0,0,0,0,0,0,0,0,0,0,0,290,Test
-0.046708293,0.357386932,-0.335212933,0,0,1,0,1,0,0,0,0,0,0,0,0,0,0,0,0,0,0,0,228,Test
-0.447017946,-0.935387468,-0.986939187,0,0,0,1,0,0,0,0,0,0,0,0,0,0,0,1,0,0,0,0,192,Test
-1.167575321,-0.935387468,-0.41188661,0,0,0,1,0,1,0,0,0,0,0,0,0,0,0,0,0,0,0,0,228,Test
-0.046708293,0.357386932,-0.335212933,0,0,1,0,0,0,0,1,0,0,0,0,0,0,0,0,0,0,0,0,232,Test
-1.327699183,-0.935387468,-1.408644411,0,0,0,1,0,0,0,0,0,0,0,0,0,0,1,0,0,0,0,0,167,Test
-1.00745146,-0.935387468,-0.91026551,0,0,0,1,0,0,0,0,0,0,0,0,0,0,1,0,0,0,0,0,196,Test
-0.847327599,-0.935387468,-0.756918156,0,0,0,1,0,0,0,0,0,0,0,0,0,0,0,1,0,0,0,0,202,Test
-0.527079877,-0.935387468,-0.220202418,0,0,0,1,0,0,0,0,0,0,0,0,0,0,0,1,0,0,0,0,239,Test
2.515273486,1.650161332,0.738218544,0,0,1,0,0,0,0,0,0,0,0,0,0,0,0,0,0,1,0,0,297,Test
1.074158735,1.650161332,0.508197513,0,0,1,0,1,0,0,0,0,0,0,0,0,0,0,0,0,0,0,0,283,Test
0.994096805,0.357386932,2.770070984,0,1,0,0,0,0,0,0,0,0,1,0,0,0,0,0,0,0,0,0,294,Test
-0.847327599,-0.935387468,-1.025276026,0,0,0,1,1,0,0,0,0,0,0,0,0,0,0,0,0,0,0,0,189,Test
0.273539429,0.357386932,-0.066855064,0,0,1,0,0,0,0,1,0,0,0,0,0,0,0,0,0,0,0,0,244,Test
-0.046708293,0.357386932,0.048155452,0,0,1,0,0,1,0,0,0,0,0,0,0,0,0,0,0,0,0,0,253,Test
0.513725221,0.357386932,0.58487119,0,0,1,0,0,0,0,0,0,0,0,0,0,0,1,0,0,0,0,0,283,Test
2.675397347,1.650161332,1.198260606,0,0,1,0,0,0,1,0,0,0,0,0,0,0,0,0,0,0,0,0,326,Test
2.114963833,1.650161332,1.274934283,0,0,0,1,0,0,0,0,0,0,1,0,0,0,0,0,0,0,0,0,330,Test
2.114963833,1.650161332,0.58487119,0,0,0,1,0,1,0,0,0,0,0,0,0,0,0,0,0,0,0,0,289,Test
-1.327699183,-0.935387468,-1.063612864,0,0,0,1,0,0,0,0,0,0,0,0,0,1,0,0,0,0,0,0,188,Test
-0.847327599,-0.935387468,-0.028518225,0,0,1,0,0,0,0,0,0,0,0,0,0,0,0,1,0,0,0,0,249,Test
-0.527079877,-0.935387468,-0.296876095,0,0,0,1,0,0,0,0,0,0,0,0,0,0,0,1,0,0,0,0,230,Test
-0.447017946,-0.935387468,-0.296876095,0,0,0,1,0,0,0,0,0,0,0,0,0,0,0,1,0,0,0,0,234,Test
1.794716111,1.650161332,0.738218544,0,0,0,1,0,0,0,0,0,0,0,0,0,0,0,0,1,0,0,0,292,Test
1.074158735,1.650161332,0.623208029,0,0,1,0,0,1,0,0,0,0,0,0,0,0,0,0,0,0,0,0,290,Test
-0.847327599,-0.935387468,-1.025276026,0,0,1,0,0,0,0,0,0,0,0,0,0,0,1,0,0,0,0,0,190,Test
-0.847327599,-0.935387468,-1.561991764,1,0,0,0,0,0,0,0,0,0,0,0,0,1,0,0,0,0,0,0,181,Test
-0.847327599,-0.935387468,-1.446981249,0,0,0,1,1,0,0,0,0,0,0,0,0,0,0,0,0,0,0,0,163,Test
1.314344527,1.650161332,0.469860675,0,0,1,0,0,1,0,0,0,0,0,0,0,0,0,0,0,0,0,0,276,Test
-0.447017946,-0.935387468,0.163165967,0,0,1,0,1,0,0,0,0,0,0,0,0,0,0,0,0,0,0,0,258,Test
1.794716111,1.650161332,0.738218544,0,0,0,1,0,0,0,0,0,0,0,0,0,0,0,0,1,0,0,0,292,Test
2.114963833,1.650161332,1.964997376,0,0,1,0,0,0,0,0,0,0,0,0,0,0,0,0,1,0,0,0,371,Test
1.794716111,1.650161332,2.923418338,0,1,0,0,0,0,0,0,0,0,0,0,0,0,0,0,1,0,0,0,294,Test
1.074158735,1.650161332,1.504955314,0,0,1,0,1,0,0,0,0,0,0,0,0,0,0,0,0,0,0,0,338,Test
-0.527079877,-0.935387468,-0.641907641,0,0,0,1,0,0,0,0,0,0,0,0,0,0,0,1,0,0,0,0,209,Test
-1.00745146,-0.935387468,-0.948602349,0,0,0,1,0,0,0,0,0,0,0,0,0,1,0,0,0,0,0,0,193,Test
-0.847327599,-0.935387468,-0.526897125,0,0,0,1,0,1,0,0,0,0,0,0,0,0,0,0,0,0,0,0,224,Test
-1.00745146,-0.935387468,-1.216960218,0,0,0,1,0,0,1,0,0,0,0,0,0,0,0,0,0,0,0,0,179,Test
-0.847327599,-0.935387468,-0.450223449,0,0,1,0,0,1,0,0,0,0,0,0,0,0,0,0,0,0,0,0,223,Test
-0.847327599,-0.935387468,-0.258539256,0,0,0,1,0,0,1,0,0,0,0,0,0,0,0,0,0,0,0,0,238,Test
0.43366329,0.357386932,2.080007891,0,1,0,0,0,0,0,0,0,0,0,0,0,0,0,1,0,0,0,0,270,Test
-1.327699183,-0.935387468,-1.331970734,0,0,0,1,0,0,1,0,0,0,0,0,0,0,0,0,0,0,0,0,171,Test
1.554530319,1.650161332,0.776555383,0,0,1,0,0,0,0,0,0,0,0,0,0,0,0,0,0,1,0,0,302,Test
-0.046708293,0.357386932,-0.220202418,0,0,1,0,0,0,0,0,0,0,0,0,0,0,1,0,0,0,0,0,239,Test
-0.527079877,-0.935387468,-0.680244479,0,0,0,1,0,0,0,0,0,0,0,0,0,0,0,1,0,0,0,0,211,Test
-0.046708293,0.357386932,-0.066855064,1,0,0,0,0,0,0,0,0,0,1,0,0,0,0,0,0,0,0,0,286,Test
-0.847327599,-0.935387468,-1.293633895,0,0,0,1,0,0,1,0,0,0,0,0,0,0,0,0,0,0,0,0,172,Test
0.593787152,1.650161332,1.121586929,0,0,1,0,0,1,0,0,0,0,0,0,0,0,0,0,0,0,0,0,321,Test
-1.247637252,-0.935387468,-1.67700228,0,0,0,1,0,0,0,0,0,0,0,0,0,1,0,0,0,0,0,0,150,Test
-0.046708293,0.357386932,0.048155452,0,0,1,0,0,1,0,0,0,0,0,0,0,0,0,0,0,0,0,0,253,Test
1.074158735,1.650161332,1.159923768,0,0,1,0,0,0,0,0,0,0,0,0,0,0,0,0,1,0,0,0,317,Test
1.71465418,2.942935732,0.891565898,0,0,1,0,0,0,0,0,0,0,0,0,0,0,0,0,0,1,0,0,304,Test
-0.847327599,-0.935387468,-0.41188661,0,0,1,0,0,0,0,0,0,0,0,0,0,0,1,0,0,0,0,0,226,Test
-1.327699183,-0.935387468,-1.293633895,0,0,0,1,1,0,0,0,0,0,0,0,0,0,0,0,0,0,0,0,173,Test
-0.447017946,-0.935387468,-0.066855064,0,0,1,0,0,0,0,0,0,0,0,0,0,0,0,0,0,1,0,0,249,Test
1.234282596,1.650161332,0.814892221,0,0,1,0,0,0,1,0,0,0,0,0,0,0,0,0,0,0,0,0,297,Test
-0.847327599,-0.935387468,-0.795254995,0,0,1,0,0,0,1,0,0,0,0,0,0,0,0,0,0,0,0,0,205,Test
1.554530319,1.650161332,0.968239575,0,0,1,0,0,1,0,0,0,0,0,0,0,0,0,0,0,0,0,0,317,Test
0.35360136,0.357386932,-0.066855064,0,0,0,1,0,0,0,0,0,0,0,0,0,0,0,0,1,0,0,0,248,Test
-1.167575321,-0.935387468,-0.833591833,0,0,1,0,0,0,0,0,0,0,0,0,0,1,0,0,0,0,0,0,198,Test
-1.167575321,-0.935387468,-1.17862338,0,0,0,1,1,0,0,0,0,0,0,0,0,0,0,0,0,0,0,0,177,Test
-1.00745146,-0.935387468,-0.526897125,0,0,1,0,1,0,0,0,0,0,0,0,0,0,0,0,0,0,0,0,216,Test
1.794716111,1.650161332,0.891565898,0,0,0,1,0,0,0,0,0,0,1,0,0,0,0,0,0,0,0,0,306,Test
-0.847327599,-0.935387468,-0.641907641,0,0,1,0,1,0,0,0,0,0,0,0,0,0,0,0,0,0,0,0,213,Test
0.43366329,0.357386932,1.504955314,0,1,0,0,0,1,0,0,0,0,0,0,0,0,0,0,0,0,0,0,246,Test
-0.046708293,0.357386932,-0.181865579,0,0,1,0,1,0,0,0,0,0,0,0,0,0,0,0,0,0,0,0,237,Test
-0.847327599,-0.935387468,-1.446981249,1,0,0,0,0,0,0,0,0,0,0,0,0,1,0,0,0,0,0,0,189,Test
-0.206832154,-0.935387468,-0.258539256,1,0,0,0,0,0,0,0,0,1,0,0,0,0,0,0,0,0,0,0,270,Test
-0.847327599,-0.935387468,-0.91026551,0,0,0,1,0,0,0,0,0,0,0,0,0,1,0,0,0,0,0,0,197,Test
-1.00745146,-0.935387468,-0.91026551,0,0,0,1,0,0,0,0,0,0,0,0,0,1,0,0,0,0,0,0,197,Test
0.35360136,0.357386932,0.048155452,0,0,1,0,0,0,1,0,0,0,0,0,0,0,0,0,0,0,0,0,254,Test
1.554530319,1.650161332,1.159923768,0,0,0,1,0,0,0,0,0,0,1,0,0,0,0,0,0,0,0,0,324,Test
-0.046708293,0.357386932,-0.181865579,0,0,1,0,0,0,0,0,0,0,0,0,0,0,0,0,0,1,0,0,237,Test
-0.847327599,-0.935387468,-0.565233964,0,0,1,0,0,0,0,0,0,0,0,0,0,0,0,1,0,0,0,0,217,Test
0.994096805,0.357386932,0.661544867,0,0,0,1,0,0,0,0,0,0,1,0,0,0,0,0,0,0,0,0,294,Test
-0.847327599,-0.935387468,-0.641907641,0,0,1,0,0,0,0,0,0,0,0,0,0,1,0,0,0,0,0,0,215,Test
-0.847327599,-0.935387468,-0.335212933,0,0,1,0,0,0,0,0,0,0,0,0,0,0,0,1,0,0,0,0,228,Test
-0.046708293,0.357386932,-0.028518225,0,0,1,0,0,0,0,0,0,0,0,0,0,0,1,0,0,0,0,0,249,Test
-0.046708293,0.357386932,-0.450223449,0,0,1,0,1,0,0,0,0,0,0,0,0,0,0,0,0,0,0,0,221,Test
1.554530319,1.650161332,0.738218544,0,0,1,0,0,0,0,0,0,0,0,0,0,0,0,0,0,1,0,0,299,Test
1.794716111,1.650161332,1.159923768,0,0,0,1,0,0,0,0,0,0,0,0,0,0,0,0,1,0,0,0,317,Test
1.794716111,1.650161332,1.198260606,0,0,0,1,0,0,0,0,0,0,1,0,0,0,0,0,0,0,0,0,326,Test
-0.046708293,0.357386932,0.201502806,0,0,1,0,0,0,0,0,0,0,0,0,0,0,0,1,0,0,0,0,265,Test
-0.847327599,-0.935387468,-1.025276026,0,0,1,0,0,0,0,0,0,0,0,0,0,0,0,0,0,1,0,0,189,Test
2.034901902,1.650161332,1.811650022,0,0,0,1,0,0,0,0,0,0,0,0,0,0,0,0,1,0,0,0,364,Test
-0.447017946,-0.935387468,-0.450223449,0,0,0,1,0,0,0,0,0,0,0,0,0,0,0,1,0,0,0,0,225,Test
-0.847327599,-0.935387468,-0.795254995,0,0,1,0,0,0,0,0,0,0,0,0,0,0,1,0,0,0,0,0,203,Test
1.074158735,1.650161332,1.504955314,0,0,1,0,0,0,0,0,0,0,0,0,0,0,1,0,0,0,0,0,344,Test
-0.847327599,-0.935387468,-0.028518225,0,0,1,0,0,0,1,0,0,0,0,0,0,0,0,0,0,0,0,0,250,Test
-1.407761113,-1.581774668,-0.871928672,0,0,0,1,0,0,0,0,0,0,0,0,0,0,0,1,0,0,0,0,199,Test
-0.046708293,0.357386932,-0.143528741,0,0,1,0,0,0,0,0,0,0,0,0,0,0,0,1,0,0,0,0,245,Test
2.675397347,1.650161332,0.814892221,0,0,1,0,0,0,1,0,0,0,0,0,0,0,0,0,0,0,0,0,302,Test
-1.327699183,-0.935387468,-0.756918156,0,0,0,1,0,0,0,0,0,0,0,0,0,0,0,1,0,0,0,0,205,Test
-1.00745146,-0.935387468,-0.91026551,0,0,0,1,1,0,0,0,0,0,0,0,0,0,0,0,0,0,0,0,196,Test
-0.046708293,0.357386932,0.009818613,0,0,1,0,0,0,0,0,0,0,0,0,1,0,0,0,0,0,0,0,253,Test
-1.247637252,-1.581774668,-1.331970734,0,0,1,0,0,0,0,0,0,0,0,0,0,0,1,0,0,0,0,0,172,Test
1.554530319,1.650161332,2.655060468,0,1,0,0,0,0,0,0,0,0,1,0,0,0,0,0,0,0,0,0,291,Test
-0.527079877,-0.935387468,-0.41188661,0,0,0,1,1,0,0,0,0,0,0,0,0,0,0,0,0,0,0,0,226,Test
0.35360136,0.357386932,0.278176483,0,0,0,1,0,0,0,0,0,0,0,0,0,0,0,1,0,0,0,0,265,Test
-0.527079877,-0.935387468,-0.373549772,0,0,0,1,0,0,0,0,0,0,0,0,0,0,0,1,0,0,0,0,225,Test
-0.046708293,0.357386932,0.08649229,0,0,1,0,0,0,0,0,0,0,0,0,0,0,1,0,0,0,0,0,256,Test
-1.247637252,-0.935387468,-0.641907641,0,0,0,1,0,0,0,0,0,0,0,0,0,0,0,1,0,0,0,0,214,Test
0.753911013,1.650161332,0.163165967,0,0,1,0,0,1,0,0,0,0,0,0,0,0,0,0,0,0,0,0,261,Test
-0.447017946,-0.935387468,0.009818613,0,0,0,1,0,0,0,0,0,1,0,0,0,0,0,0,0,0,0,0,253,Test
-0.847327599,-0.935387468,-0.41188661,0,0,1,0,0,0,0,0,0,0,0,0,0,0,0,1,0,0,0,0,228,Test
1.71465418,2.942935732,1.964997376,0,0,1,0,0,0,0,0,0,0,0,0,0,0,0,0,0,1,0,0,366,Test
-1.247637252,-0.935387468,-0.91026551,0,0,0,1,0,0,0,0,0,0,0,0,0,0,0,1,0,0,0,0,196,Test
-1.167575321,-0.935387468,-1.17862338,0,0,1,0,0,0,0,1,0,0,0,0,0,0,0,0,0,0,0,0,177,Test
1.794716111,1.650161332,0.814892221,0,0,0,1,0,0,0,0,0,0,1,0,0,0,0,0,0,0,0,0,303,Test
0.43366329,0.357386932,1.619965829,0,1,0,0,0,1,0,0,0,0,0,0,0,0,0,0,0,0,0,0,248,Test
0.753911013,1.650161332,-0.028518225,0,0,1,0,0,0,1,0,0,0,0,0,0,0,0,0,0,0,0,0,246,Test
-1.00745146,-0.935387468,-1.17862338,0,0,0,1,1,0,0,0,0,0,0,0,0,0,0,0,0,0,0,0,177,Test
-0.447017946,-0.935387468,-0.718581318,0,0,0,1,0,0,0,0,0,0,0,0,0,0,0,1,0,0,0,0,205,Test
-0.847327599,-0.935387468,-1.140286541,0,0,0,1,1,0,0,0,0,0,0,0,0,0,0,0,0,0,0,0,179,Test
-0.847327599,-0.935387468,-0.41188661,0,0,1,0,0,0,1,0,0,0,0,0,0,0,0,0,0,0,0,0,228,Test
-1.327699183,-0.935387468,-0.795254995,0,0,0,1,0,0,0,1,0,0,0,0,0,0,0,0,0,0,0,0,202,Test
-0.847327599,-0.935387468,-0.373549772,0,0,0,1,0,0,0,0,0,0,0,0,0,0,0,1,0,0,0,0,225,Test
-1.00745146,-0.935387468,-1.216960218,0,0,0,1,0,0,0,0,0,0,0,0,0,0,0,1,0,0,0,0,177,Test
-0.447017946,-0.935387468,-0.066855064,0,0,0,1,0,0,0,0,0,0,0,1,0,0,0,0,0,0,0,0,247,Test
-0.527079877,-0.935387468,-1.101949703,0,0,0,1,0,0,1,0,0,0,0,0,0,0,0,0,0,0,0,0,182,Test
-0.046708293,0.357386932,-0.181865579,0,0,1,0,0,0,0,0,0,0,0,0,0,0,0,0,0,1,0,0,241,Test
-1.247637252,-0.935387468,-1.485318087,0,0,0,1,0,0,0,0,0,0,0,0,0,0,0,0,0,1,0,0,159,Test
0.35360136,0.357386932,0.201502806,0,0,0,1,0,0,0,0,0,0,0,0,0,0,0,1,0,0,0,0,265,Test
0.43366329,0.357386932,0.738218544,0,0,1,0,0,0,1,0,0,0,0,0,0,0,0,0,0,0,0,0,299,Test
0.35360136,0.357386932,0.661544867,0,0,0,1,0,0,0,0,0,0,0,0,0,0,0,0,1,0,0,0,288,Test
1.554530319,1.650161332,0.661544867,0,0,0,1,0,0,0,0,0,0,0,0,0,0,1,0,0,0,0,0,291,Test
-1.247637252,-0.935387468,-2.17538118,0,0,0,1,1,0,0,0,0,0,0,0,0,0,0,0,0,0,0,0,120,Test
-0.847327599,-0.935387468,-0.91026551,0,0,1,0,0,0,0,1,0,0,0,0,0,0,0,0,0,0,0,0,197,Test
-0.847327599,-0.935387468,-0.641907641,0,0,1,0,0,0,0,0,0,0,0,0,0,0,0,0,0,1,0,0,209,Test
-0.126770224,0.357386932,-0.258539256,0,0,1,0,0,1,0,0,0,0,0,0,0,0,0,0,0,0,0,0,235,Test
2.515273486,1.650161332,1.696639506,0,0,1,0,0,0,0,0,0,0,1,0,0,0,0,0,0,0,0,0,357,Test
-0.847327599,-0.935387468,-0.488560287,0,0,1,0,0,0,0,0,0,0,0,0,0,0,1,0,0,0,0,0,222,Test
-0.527079877,-0.935387468,-0.641907641,0,0,0,1,0,0,0,0,0,0,0,0,0,0,0,1,0,0,0,0,213,Test
-1.00745146,-0.935387468,-1.983696988,0,0,0,1,0,0,0,0,0,0,0,0,1,0,0,0,0,0,0,0,131,Test
-1.167575321,-0.935387468,-1.17862338,0,0,0,1,1,0,0,0,0,0,0,0,0,0,0,0,0,0,0,0,181,Test
-0.447017946,-0.935387468,-0.41188661,0,0,0,1,0,0,0,0,0,0,0,0,0,0,0,1,0,0,0,0,228,Test
-0.847327599,-0.935387468,-0.680244479,0,0,1,0,1,0,0,0,0,0,0,0,0,0,0,0,0,0,0,0,212,Test
2.114963833,1.650161332,2.11834473,0,0,0,1,0,0,0,0,0,0,1,0,0,0,0,0,0,0,0,0,382,Test
-0.847327599,-0.935387468,-2.022033826,0,0,0,1,0,0,1,0,0,0,0,0,0,0,0,0,0,0,0,0,126,Test
-0.206832154,-0.935387468,-0.181865579,1,0,0,0,0,0,0,0,0,1,0,0,0,0,0,0,0,0,0,0,277,Test
-0.847327599,-0.935387468,-0.91026551,0,0,0,1,0,1,0,0,0,0,0,0,0,0,0,0,0,0,0,0,193,Test
-0.847327599,-0.935387468,-0.986939187,0,0,0,1,0,0,0,0,0,0,0,0,0,0,0,1,0,0,0,0,192,Test
0.43366329,0.357386932,-0.181865579,0,0,0,1,0,1,0,0,0,0,0,0,0,0,0,0,0,0,0,0,242,Test
-0.046708293,0.357386932,-0.105191902,0,0,1,0,0,0,0,0,0,0,0,0,0,0,1,0,0,0,0,0,245,Test
-1.167575321,-0.935387468,-0.795254995,0,0,1,0,0,0,1,0,0,0,0,0,0,0,0,0,0,0,0,0,205,Test
-0.447017946,-0.935387468,0.048155452,0,0,0,1,0,0,0,0,0,1,0,0,0,0,0,0,0,0,0,0,254,Test
-0.847327599,-0.935387468,-0.105191902,0,0,0,1,0,0,0,0,0,0,0,0,0,0,0,1,0,0,0,0,242,Test
0.35360136,0.357386932,0.009818613,0,0,1,0,0,0,0,0,0,0,0,0,0,0,0,1,0,0,0,0,252,Test
0.35360136,0.357386932,-1.255297057,0,0,1,0,0,0,1,0,0,0,0,0,0,0,0,0,0,0,0,0,177,Test
0.593787152,0.357386932,0.163165967,0,0,0,1,0,0,0,0,0,0,0,0,0,0,0,1,0,0,0,0,264,Test
-0.847327599,-0.935387468,-0.220202418,0,0,0,1,0,0,1,0,0,0,0,0,0,0,0,0,0,0,0,0,238,Test
2.114963833,1.650161332,2.233355245,0,0,0,1,0,0,0,0,0,0,1,0,0,0,0,0,0,0,0,0,382,Test
-0.847327599,-0.935387468,-0.795254995,0,0,1,0,0,0,1,0,0,0,0,0,0,0,0,0,0,0,0,0,203,Test
0.43366329,0.357386932,0.08649229,0,0,0,1,0,1,0,0,0,0,0,0,0,0,0,0,0,0,0,0,258,Test
0.35360136,0.357386932,-0.066855064,0,0,1,0,0,0,0,0,0,0,0,0,0,0,1,0,0,0,0,0,244,Test
-0.847327599,-0.935387468,-0.258539256,0,0,1,0,0,0,0,0,0,0,0,0,0,0,0,1,0,0,0,0,236,Test
-0.046708293,0.357386932,0.201502806,0,0,1,0,0,0,0,0,0,0,0,0,0,0,0,0,0,1,0,0,265,Test
0.43366329,0.357386932,0.124829129,0,0,0,1,0,0,0,0,0,0,0,0,0,0,0,0,1,0,0,0,261,Test
0.35360136,0.357386932,0.124829129,0,0,1,0,0,0,0,0,0,0,0,0,0,0,1,0,0,0,0,0,258,Test
-1.327699183,-0.935387468,-1.101949703,0,0,0,1,0,0,0,0,0,0,0,0,0,0,0,1,0,0,0,0,185,Test
-0.847327599,-0.935387468,-0.833591833,0,0,0,1,0,0,1,0,0,0,0,0,0,0,0,0,0,0,0,0,198,Test
0.593787152,0.357386932,0.124829129,0,0,1,0,0,0,0,1,0,0,0,0,0,0,0,0,0,0,0,0,255,Test
-0.447017946,-0.935387468,-1.370307572,0,0,0,1,0,0,0,0,0,0,0,0,0,0,0,1,0,0,0,0,169,Test
-1.327699183,-0.935387468,-0.756918156,0,0,0,1,0,0,0,0,0,0,0,0,0,0,0,1,0,0,0,0,207,Test
1.794716111,1.650161332,1.121586929,0,0,0,1,0,0,0,0,0,0,0,0,0,0,0,0,1,0,0,0,321,Test
-1.327699183,-0.935387468,-0.833591833,0,0,0,1,0,0,0,1,0,0,0,0,0,0,0,0,0,0,0,0,200,Test
-0.046708293,0.357386932,-0.105191902,0,0,1,0,1,0,0,0,0,0,0,0,0,0,0,0,0,0,0,0,242,Test
-1.247637252,-0.935387468,-1.715339118,0,0,0,1,0,0,0,0,0,0,0,0,0,0,0,0,0,1,0,0,145,Test
1.954839972,1.650161332,0.891565898,0,0,1,0,1,0,0,0,0,0,0,0,0,0,0,0,0,0,0,0,308,Test
1.71465418,2.942935732,1.428281637,0,0,1,0,0,0,0,0,0,0,0,0,0,0,0,0,0,1,0,0,338,Test
-0.847327599,-0.935387468,-0.795254995,0,0,1,0,1,0,0,0,0,0,0,0,0,0,0,0,0,0,0,0,200,Test
0.43366329,0.357386932,0.08649229,0,0,0,1,0,0,0,0,0,0,0,0,0,0,0,1,0,0,0,0,259,Test
-1.167575321,-0.935387468,-2.520412726,0,0,0,1,0,1,0,0,0,0,0,0,0,0,0,0,0,0,0,0,99,Test
1.314344527,1.650161332,1.044913252,0,0,1,0,0,0,0,0,0,0,0,0,0,0,0,0,1,0,0,0,318,Test
-0.847327599,-0.935387468,-0.220202418,0,0,1,0,1,0,0,0,0,0,0,0,0,0,0,0,0,0,0,0,235,Test
0.593787152,0.357386932,0.776555383,0,0,1,0,0,0,0,0,0,0,0,0,0,0,1,0,0,0,0,0,300,Test
1.314344527,1.650161332,1.504955314,0,0,1,0,0,0,0,0,0,0,0,0,0,0,0,0,0,1,0,0,343,Test
-1.167575321,-0.935387468,-0.948602349,0,0,1,0,0,0,0,1,0,0,0,0,0,0,0,0,0,0,0,0,191,Test
-1.167575321,-0.935387468,-0.795254995,0,0,1,0,0,0,1,0,0,0,0,0,0,0,0,0,0,0,0,0,204,Test
-0.847327599,-0.935387468,-1.216960218,0,0,0,1,0,0,0,0,0,0,0,0,0,1,0,0,0,0,0,0,177,Test
-0.046708293,0.357386932,1.428281637,0,0,1,0,0,0,0,0,0,0,0,0,0,0,0,0,1,0,0,0,334,Test
2.515273486,1.650161332,1.236597445,0,0,1,0,0,0,0,0,0,0,1,0,0,0,0,0,0,0,0,0,327,Test
-1.167575321,-0.935387468,-1.17862338,0,0,0,1,1,0,0,0,0,0,0,0,0,0,0,0,0,0,0,0,178,Test
-1.247637252,-0.935387468,-1.140286541,0,0,0,1,0,0,1,0,0,0,0,0,0,0,0,0,0,0,0,0,181,Test
-0.447017946,-0.935387468,0.009818613,0,0,0,1,0,0,0,0,0,1,0,0,0,0,0,0,0,0,0,0,253,Test
1.234282596,1.650161332,0.814892221,0,0,1,0,0,0,1,0,0,0,0,0,0,0,0,0,0,0,0,0,297,Test
0.753911013,1.650161332,0.431523836,0,0,1,0,0,0,1,0,0,0,0,0,0,0,0,0,0,0,0,0,281,Test
0.43366329,0.357386932,0.661544867,0,0,1,0,0,0,1,0,0,0,0,0,0,0,0,0,0,0,0,0,293,Test
-1.167575321,-0.935387468,-0.680244479,0,0,1,0,1,0,0,0,0,0,0,0,0,0,0,0,0,0,0,0,207,Test
-1.247637252,-0.935387468,-1.523654926,0,0,0,1,1,0,0,0,0,0,0,0,0,0,0,0,0,0,0,0,164,Test
0.914034874,1.650161332,1.159923768,0,0,1,0,0,1,0,0,0,0,0,0,0,0,0,0,0,0,0,0,324,Test
-1.167575321,-0.935387468,-1.063612864,0,0,0,1,1,0,0,0,0,0,0,0,0,0,0,0,0,0,0,0,184,Test
0.43366329,0.357386932,0.469860675,0,0,0,1,0,0,0,0,1,0,0,0,0,0,0,0,0,0,0,0,282,Test
0.513725221,0.357386932,2.195018406,0,1,0,0,0,0,0,0,0,0,1,0,0,0,0,0,0,0,0,0,264,Test
1.074158735,1.650161332,1.504955314,0,0,1,0,1,0,0,0,0,0,0,0,0,0,0,0,0,0,0,0,344,Test
1.794716111,1.650161332,1.389944798,0,0,0,1,0,0,0,0,0,0,0,0,0,0,0,0,1,0,0,0,337,Test
-0.607141807,-0.935387468,-0.143528741,0,0,0,1,0,0,0,0,0,0,0,0,0,0,1,0,0,0,0,0,244,Test
-1.167575321,-0.935387468,-0.795254995,0,0,1,0,1,0,0,0,0,0,0,0,0,0,0,0,0,0,0,0,200,Test
-0.046708293,0.357386932,-1.101949703,1,0,0,0,0,0,1,0,0,0,0,0,0,0,0,0,0,0,0,0,213,Test
-0.847327599,-0.935387468,-0.603570802,0,0,1,0,0,0,0,0,0,0,0,0,0,0,0,0,0,1,0,0,215,Test
-0.767265668,-0.935387468,-1.293633895,1,0,0,0,0,0,1,0,0,0,0,0,0,0,0,0,0,0,0,0,200,Test
-0.847327599,-0.935387468,-0.871928672,0,0,0,1,0,0,1,0,0,0,0,0,0,0,0,0,0,0,0,0,198,Test
-0.046708293,0.357386932,-0.296876095,0,0,1,0,1,0,0,0,0,0,0,0,0,0,0,0,0,0,0,0,230,Test
-0.046708293,0.357386932,2.540049953,0,1,0,0,0,0,0,0,0,0,0,0,0,0,0,0,1,0,0,0,278,Test
0.593787152,0.357386932,0.431523836,0,0,1,0,0,0,0,1,0,0,0,0,0,0,0,0,0,0,0,0,278,Test
2.515273486,1.650161332,1.236597445,0,0,1,0,0,0,0,0,0,0,1,0,0,0,0,0,0,0,0,0,328,Test
-0.447017946,-0.935387468,-0.143528741,0,0,0,1,0,0,0,0,0,0,0,1,0,0,0,0,0,0,0,0,243,Test
-0.447017946,-0.935387468,-1.293633895,0,0,0,1,1,0,0,0,0,0,0,0,0,0,0,0,0,0,0,0,173,Test
-0.527079877,-0.935387468,-0.066855064,0,0,0,1,0,0,0,0,0,0,0,0,0,0,0,1,0,0,0,0,249,Test
-0.046708293,0.357386932,0.35485016,0,0,1,0,1,0,0,0,0,0,0,0,0,0,0,0,0,0,0,0,273,Test
-0.527079877,-0.935387468,-1.025276026,0,0,0,1,0,1,0,0,0,0,0,0,0,0,0,0,0,0,0,0,193,Test
-0.206832154,-0.935387468,-0.181865579,1,0,0,0,0,0,0,0,0,1,0,0,0,0,0,0,0,0,0,0,277,Test
-0.046708293,0.357386932,-0.680244479,1,0,0,0,0,0,0,0,0,0,0,0,0,0,0,1,0,0,0,0,244,Test
-0.527079877,-0.935387468,-0.795254995,0,0,0,1,0,0,1,0,0,0,0,0,0,0,0,0,0,0,0,0,200,Test
0.35360136,0.357386932,0.508197513,0,0,0,1,0,0,0,0,0,0,0,0,0,0,0,0,1,0,0,0,278,Test
-1.487823044,-1.581774668,-1.67700228,0,0,0,1,1,0,0,0,0,0,0,0,0,0,0,0,0,0,0,0,147,Test
0.273539429,0.357386932,0.124829129,0,0,1,0,0,0,0,1,0,0,0,0,0,0,0,0,0,0,0,0,261,Test
1.794716111,1.650161332,2.923418338,0,1,0,0,0,0,0,0,0,0,0,0,0,0,0,0,1,0,0,0,294,Test
0.43366329,0.357386932,0.201502806,0,0,0,1,0,0,0,0,0,1,0,0,0,0,0,0,0,0,0,0,265,Test
1.954839972,1.650161332,1.84998686,0,0,1,0,0,0,0,0,0,0,0,0,0,0,0,0,1,0,0,0,359,Test
-1.00745146,-0.935387468,-1.216960218,0,0,0,1,0,0,1,0,0,0,0,0,0,0,0,0,0,0,0,0,178,Test
-0.847327599,-0.935387468,-0.91026551,0,0,1,0,1,0,0,0,0,0,0,0,0,0,0,0,0,0,0,0,193,Test
-0.527079877,-0.935387468,-0.296876095,0,0,0,1,0,0,0,0,0,0,0,0,0,0,0,1,0,0,0,0,235,Test
2.515273486,1.650161332,1.84998686,0,0,1,0,0,0,0,0,0,0,0,0,0,0,0,0,0,1,0,0,359,Test
-0.847327599,-0.935387468,-1.715339118,0,0,0,1,0,0,1,0,0,0,0,0,0,0,0,0,0,0,0,0,145,Test
0.753911013,1.650161332,1.006576414,0,0,1,0,0,0,0,0,0,0,0,0,0,0,1,0,0,0,0,0,314,Test
-1.327699183,-0.935387468,-0.795254995,0,0,0,1,0,0,0,0,0,0,0,0,0,1,0,0,0,0,0,0,203,Test
-0.046708293,0.357386932,-1.140286541,1,0,0,0,0,0,1,0,0,0,0,0,0,0,0,0,0,0,0,0,213,Test
0.43366329,0.357386932,0.699881706,0,0,1,0,0,1,0,0,0,0,0,0,0,0,0,0,0,0,0,0,290,Test
-1.167575321,-0.935387468,-1.063612864,0,0,1,0,0,0,0,0,0,0,0,0,0,0,0,0,0,1,0,0,184,Test
-0.847327599,-0.935387468,-0.871928672,0,0,0,1,1,0,0,0,0,0,0,0,0,0,0,0,0,0,0,0,198,Test
0.593787152,0.357386932,-0.105191902,0,0,0,1,0,0,0,0,0,0,0,0,0,0,0,0,1,0,0,0,250,Test
-1.167575321,-0.935387468,-1.025276026,0,0,1,0,0,0,0,1,0,0,0,0,0,0,0,0,0,0,0,0,186,Test
0.753911013,1.650161332,0.393186998,0,0,1,0,0,0,0,0,0,0,0,0,0,0,1,0,0,0,0,0,277,Test
1.554530319,1.650161332,2.770070984,0,1,0,0,0,0,0,0,0,0,1,0,0,0,0,0,0,0,0,0,300,Test
-0.046708293,0.357386932,-0.335212933,0,0,1,0,0,0,0,0,0,0,0,0,0,0,1,0,0,0,0,0,232,Test
0.35360136,0.357386932,-1.255297057,0,0,1,0,1,0,0,0,0,0,0,0,0,0,0,0,0,0,0,0,172,Test
-0.046708293,0.357386932,-0.143528741,1,0,0,0,0,0,0,0,0,0,1,0,0,0,0,0,0,0,0,0,278,Test
-0.847327599,-0.935387468,-0.680244479,0,0,1,0,0,0,0,0,0,0,0,0,0,0,1,0,0,0,0,0,210,Test
-0.847327599,-0.935387468,-0.871928672,0,0,0,1,0,0,1,0,0,0,0,0,0,0,0,0,0,0,0,0,196,Test
-1.00745146,-0.935387468,-0.565233964,0,0,0,1,0,0,0,0,0,0,0,0,0,1,0,0,0,0,0,0,218,Test
-0.847327599,-0.935387468,-0.871928672,0,0,0,1,0,0,1,0,0,0,0,0,0,0,0,0,0,0,0,0,198,Test
-1.327699183,-0.935387468,-0.795254995,0,0,0,1,0,0,0,0,0,0,0,0,0,1,0,0,0,0,0,0,200,Test
-0.847327599,-0.935387468,-0.296876095,0,0,0,1,0,0,0,0,0,0,0,0,0,0,0,1,0,0,0,0,233,Test
0.43366329,0.357386932,0.048155452,0,0,0,1,1,0,0,0,0,0,0,0,0,0,0,0,0,0,0,0,251,Test
-0.527079877,-0.935387468,-0.296876095,0,0,0,1,0,0,0,0,0,0,0,0,0,0,0,1,0,0,0,0,233,Test
-1.167575321,-0.935387468,-0.718581318,0,0,0,1,0,0,0,0,0,0,0,0,0,1,0,0,0,0,0,0,205,Test
2.114963833,1.650161332,0.776555383,0,0,0,1,0,0,0,0,0,0,1,0,0,0,0,0,0,0,0,0,299,Test
1.074158735,1.650161332,0.776555383,0,0,1,0,1,0,0,0,0,0,0,0,0,0,0,0,0,0,0,0,294,Test
2.515273486,1.650161332,1.236597445,0,0,1,0,0,0,0,0,0,0,0,0,0,0,0,0,1,0,0,0,322,Test
-0.046708293,0.357386932,-0.450223449,0,0,1,0,0,0,1,0,0,0,0,0,0,0,0,0,0,0,0,0,224,Test
-1.647946905,-1.581774668,-1.67700228,0,0,1,0,0,0,0,0,0,0,0,0,0,0,0,0,0,1,0,0,147,Test
-0.046708293,0.357386932,-0.105191902,0,0,1,0,0,1,0,0,0,0,0,0,0,0,0,0,0,0,0,0,242,Test
-0.847327599,-0.935387468,-0.603570802,0,0,1,0,1,0,0,0,0,0,0,0,0,0,0,0,0,0,0,0,213,Test
0.994096805,0.357386932,2.770070984,0,1,0,0,0,0,0,0,0,0,1,0,0,0,0,0,0,0,0,0,296,Test
-0.847327599,-0.935387468,-0.488560287,0,0,1,0,0,0,0,0,0,0,0,0,0,1,0,0,0,0,0,0,221,Test
-0.527079877,-0.935387468,0.048155452,0,0,0,1,0,0,0,0,0,0,0,0,0,0,0,1,0,0,0,0,255,Test
-0.847327599,-0.935387468,-0.526897125,0,0,1,0,0,0,0,0,0,0,0,0,0,1,0,0,0,0,0,0,219,Test
-0.847327599,-0.935387468,-0.948602349,0,0,1,0,0,0,0,0,0,0,0,0,0,0,1,0,0,0,0,0,196,Test
1.71465418,2.942935732,1.888323699,0,0,1,0,0,0,0,0,0,0,0,0,0,0,0,0,0,1,0,0,370,Test
0.35360136,0.357386932,0.048155452,0,0,0,1,0,0,1,0,0,0,0,0,0,0,0,0,0,0,0,0,254,Test
2.114963833,1.650161332,1.543292152,0,0,0,1,0,0,0,0,0,0,0,0,0,0,0,0,1,0,0,0,340,Test
0.43366329,0.357386932,1.389944798,0,1,0,0,0,0,1,0,0,0,0,0,0,0,0,0,0,0,0,0,237,Test
-1.00745146,-0.935387468,-0.986939187,0,0,0,1,0,0,0,0,0,0,0,0,0,1,0,0,0,0,0,0,193,Test
0.35360136,0.357386932,-0.91026551,0,0,1,0,0,0,1,0,0,0,0,0,0,0,0,0,0,0,0,0,196,Test
-0.847327599,-0.935387468,-0.871928672,0,0,1,0,1,0,0,0,0,0,0,0,0,0,0,0,0,0,0,0,196,Test
-0.046708293,0.357386932,0.814892221,0,0,1,0,0,0,0,0,0,0,0,0,0,0,0,0,0,1,0,0,302,Test
-0.607141807,-0.935387468,0.239839644,0,0,0,1,0,0,0,0,0,0,0,0,0,0,0,0,1,0,0,0,267,Test
0.43366329,0.357386932,0.58487119,0,0,1,0,1,0,0,0,0,0,0,0,0,0,0,0,0,0,0,0,283,Test
-0.847327599,-0.935387468,-0.871928672,0,0,1,0,0,0,0,0,0,0,0,0,0,0,1,0,0,0,0,0,200,Test
-0.286894085,0.357386932,0.163165967,0,0,0,1,0,0,0,0,0,0,1,0,0,0,0,0,0,0,0,0,263,Test
0.593787152,0.357386932,0.239839644,0,0,1,0,0,0,0,1,0,0,0,0,0,0,0,0,0,0,0,0,268,Test
-0.847327599,-0.935387468,-0.795254995,0,0,1,0,1,0,0,0,0,0,0,0,0,0,0,0,0,0,0,0,200,Test
-0.046708293,0.357386932,0.08649229,0,0,1,0,0,0,0,1,0,0,0,0,0,0,0,0,0,0,0,0,257,Test
-1.167575321,-0.935387468,-1.140286541,0,0,1,0,0,0,0,0,0,0,0,0,0,0,1,0,0,0,0,0,179,Test
1.794716111,1.650161332,3.268449884,0,1,0,0,0,0,0,0,0,0,1,0,0,0,0,0,0,0,0,0,322,Test
-0.847327599,-0.935387468,-0.718581318,0,0,1,0,0,0,0,1,0,0,0,0,0,0,0,0,0,0,0,0,210,Test
-0.286894085,0.357386932,-0.335212933,0,0,1,0,0,0,0,0,0,0,0,0,0,0,0,0,0,1,0,0,232,Test
-0.847327599,-0.935387468,-0.220202418,0,0,1,0,0,0,0,0,0,0,0,1,0,0,0,0,0,0,0,0,233,Test
0.753911013,1.650161332,0.891565898,0,0,1,0,1,0,0,0,0,0,0,0,0,0,0,0,0,0,0,0,307,Test
-0.447017946,-0.935387468,-0.296876095,0,0,0,1,0,0,0,0,0,0,0,0,0,0,0,1,0,0,0,0,234,Test
-0.847327599,-0.935387468,-0.986939187,0,0,1,0,0,0,0,0,0,0,0,0,0,0,1,0,0,0,0,0,193,Test
-0.847327599,-0.935387468,-0.488560287,0,0,1,0,0,0,0,0,0,0,0,0,0,1,0,0,0,0,0,0,221,Test
-0.847327599,-0.935387468,-0.680244479,0,0,1,0,0,0,0,0,0,0,0,0,0,0,1,0,0,0,0,0,210,Test
1.074158735,1.650161332,1.466618475,0,0,1,0,0,0,0,0,0,0,0,0,0,0,0,0,1,0,0,0,336,Test
-1.167575321,-0.935387468,-0.795254995,0,0,1,0,1,0,0,0,0,0,0,0,0,0,0,0,0,0,0,0,200,Test
-0.847327599,-0.935387468,-1.140286541,0,0,0,1,0,0,1,0,0,0,0,0,0,0,0,0,0,0,0,0,181,Test
-0.847327599,-0.935387468,-0.756918156,0,0,0,1,0,0,0,0,0,0,0,0,0,1,0,0,0,0,0,0,202,Test
-0.046708293,0.357386932,0.009818613,0,0,1,0,0,0,0,0,0,0,0,0,0,0,0,0,0,1,0,0,253,Test
-0.286894085,-0.935387468,-0.335212933,0,0,1,0,1,0,0,0,0,0,0,0,0,0,0,0,0,0,0,0,232,Test
-0.447017946,-0.935387468,-1.868686472,0,0,0,1,0,0,0,0,0,0,0,0,0,0,0,1,0,0,0,0,139,Test
1.074158735,1.650161332,1.466618475,0,0,1,0,0,0,0,0,0,0,0,0,0,0,0,0,1,0,0,0,343,Test
-0.847327599,-0.935387468,-0.143528741,0,0,0,1,0,0,0,0,0,0,0,0,0,0,0,1,0,0,0,0,244,Test
2.114963833,1.650161332,1.083250091,0,0,0,1,0,0,0,0,0,0,1,0,0,0,0,0,0,0,0,0,319,Test
-0.847327599,-0.935387468,-0.028518225,0,0,0,1,0,0,0,0,0,0,0,0,0,0,0,1,0,0,0,0,250,Test
-0.847327599,-0.935387468,-0.181865579,0,0,0,1,0,0,1,0,0,0,0,0,0,0,0,0,0,0,0,0,242,Test
-0.447017946,-0.935387468,-0.948602349,0,0,0,1,0,0,1,0,0,0,0,0,0,0,0,0,0,0,0,0,194,Test
-0.447017946,-0.935387468,-1.063612864,0,0,0,1,0,0,1,0,0,0,0,0,0,0,0,0,0,0,0,0,187,Test
-0.847327599,-0.935387468,-0.565233964,0,0,0,1,0,0,0,0,0,0,0,0,0,0,0,1,0,0,0,0,216,Test
1.71465418,2.942935732,1.274934283,0,0,1,0,0,0,0,0,0,0,0,0,0,0,0,0,0,1,0,0,330,Test
2.515273486,1.650161332,1.121586929,0,0,1,0,0,0,0,0,0,0,1,0,0,0,0,0,0,0,0,0,321,Test
-0.286894085,0.357386932,0.048155452,0,0,0,1,0,0,0,0,0,0,1,0,0,0,0,0,0,0,0,0,256,Test
-0.847327599,-0.935387468,-0.41188661,0,0,1,0,0,0,0,0,0,0,0,0,0,0,0,1,0,0,0,0,228,Test
-0.447017946,-0.289000268,-0.258539256,0,0,0,1,1,0,0,0,0,0,0,0,0,0,0,0,0,0,0,0,232,Test
-1.647946905,-1.581774668,-1.331970734,0,0,0,1,1,0,0,0,0,0,0,0,0,0,0,0,0,0,0,0,171,Test
0.35360136,0.357386932,-0.066855064,0,0,0,1,0,0,0,0,0,0,0,0,0,0,0,0,1,0,0,0,251,Test
0.35360136,0.357386932,-1.17862338,0,0,1,0,1,0,0,0,0,0,0,0,0,0,0,0,0,0,0,0,181,Test
-0.847327599,-0.935387468,-1.140286541,0,0,0,1,1,0,0,0,0,0,0,0,0,0,0,0,0,0,0,0,179,Test
-0.447017946,-0.935387468,-0.871928672,0,0,0,1,0,0,0,0,0,0,0,0,0,0,0,0,1,0,0,0,196,Test
-0.527079877,-0.935387468,-0.028518225,0,0,0,1,0,0,0,0,0,0,0,0,0,0,0,1,0,0,0,0,246,Test
0.273539429,0.357386932,-0.258539256,0,0,1,0,0,0,0,1,0,0,0,0,0,0,0,0,0,0,0,0,232,Test
-0.046708293,0.357386932,-0.066855064,1,0,0,0,0,0,0,0,0,0,1,0,0,0,0,0,0,0,0,0,286,Test
0.513725221,0.357386932,-0.028518225,0,0,0,1,0,0,0,0,0,0,0,0,0,0,1,0,0,0,0,0,253,Test
2.515273486,1.650161332,1.313271121,0,0,1,0,0,0,0,0,0,0,1,0,0,0,0,0,0,0,0,0,327,Test
1.074158735,1.650161332,1.198260606,0,0,1,0,0,0,0,0,0,0,0,0,0,0,0,0,1,0,0,0,320,Test
1.314344527,1.650161332,0.35485016,0,0,1,0,0,0,0,0,0,0,0,0,0,0,1,0,0,0,0,0,269,Test
-0.046708293,0.357386932,-0.603570802,1,0,0,0,0,0,0,0,0,0,0,0,0,0,0,0,1,0,0,0,246,Test
-1.167575321,-0.935387468,-1.216960218,0,0,0,1,1,0,0,0,0,0,0,0,0,0,0,0,0,0,0,0,175,Test
-1.487823044,-0.935387468,-1.485318087,0,0,0,1,0,0,0,0,0,0,0,0,0,0,1,0,0,0,0,0,159,Test
2.114963833,1.650161332,0.58487119,0,0,0,1,0,0,1,0,0,0,0,0,0,0,0,0,0,0,0,0,289,Test
1.554530319,1.650161332,0.85322906,0,0,0,1,0,0,0,0,0,0,1,0,0,0,0,0,0,0,0,0,304,Test
1.314344527,1.650161332,1.773313183,0,0,1,0,0,0,0,0,0,0,0,0,0,0,0,0,0,1,0,0,354,Test
-0.847327599,-0.935387468,-0.795254995,0,0,1,0,0,0,0,1,0,0,0,0,0,0,0,0,0,0,0,0,204,Test
2.515273486,1.650161332,2.233355245,0,0,1,0,0,0,0,0,0,0,0,0,0,1,0,0,0,0,0,0,382,Test
0.753911013,1.650161332,1.083250091,0,0,1,0,0,0,0,0,0,0,0,0,0,0,0,0,1,0,0,0,315,Test
-0.847327599,-0.935387468,-1.408644411,0,0,0,1,1,0,0,0,0,0,0,0,0,0,0,0,0,0,0,0,164,Test
1.554530319,1.650161332,1.198260606,0,0,0,1,0,0,0,0,0,0,1,0,0,0,0,0,0,0,0,0,320,Test
-0.046708293,0.357386932,-0.488560287,0,0,1,0,1,0,0,0,0,0,0,0,0,0,0,0,0,0,0,0,223,Test
-0.847327599,-0.935387468,-0.258539256,0,0,1,0,1,0,0,0,0,0,0,0,0,0,0,0,0,0,0,0,236,Test
1.71465418,2.942935732,1.274934283,0,0,1,0,0,0,0,0,0,0,0,0,0,0,0,0,0,1,0,0,330,Test
-0.447017946,-0.935387468,0.009818613,0,0,0,1,0,0,0,0,0,1,0,0,0,0,0,0,0,0,0,0,253,Test
-0.847327599,-0.935387468,-0.986939187,0,0,0,1,0,0,0,0,0,0,0,0,0,0,1,0,0,0,0,0,191,Test
-0.847327599,-0.935387468,-0.91026551,0,0,0,1,0,0,0,0,0,0,0,0,0,1,0,0,0,0,0,0,197,Test
-0.847327599,-0.935387468,-1.446981249,0,0,0,1,1,0,0,0,0,0,0,0,0,0,0,0,0,0,0,0,161,Test
-0.527079877,-0.935387468,-0.41188661,0,0,0,1,0,0,0,0,0,0,0,0,0,0,0,1,0,0,0,0,228,Test
-0.046708293,0.357386932,0.546534352,0,0,1,0,0,0,0,0,0,0,0,0,0,0,0,1,0,0,0,0,285,Test
-0.447017946,0.357386932,-0.41188661,0,0,1,0,0,0,0,0,0,0,0,0,0,0,1,0,0,0,0,0,223,Test
1.794716111,1.650161332,2.923418338,0,1,0,0,0,0,0,0,0,0,0,0,0,0,0,0,1,0,0,0,305,Test
0.753911013,1.650161332,0.623208029,0,0,1,0,0,1,0,0,0,0,0,0,0,0,0,0,0,0,0,0,290,Test
-1.487823044,-1.581774668,-1.67700228,0,0,0,1,1,0,0,0,0,0,0,0,0,0,0,0,0,0,0,0,148,Test
0.593787152,0.357386932,1.236597445,0,0,1,0,0,0,0,0,0,0,0,0,0,0,0,0,0,1,0,0,329,Test
-0.527079877,-0.935387468,-0.296876095,0,0,0,1,0,0,0,0,0,0,0,0,0,0,0,1,0,0,0,0,233,Test
-1.167575321,-0.935387468,-2.060370665,0,0,0,1,0,0,0,0,0,0,0,0,0,1,0,0,0,0,0,0,129,Test
-0.046708293,0.357386932,0.08649229,0,0,1,0,0,0,0,0,0,0,0,0,0,0,1,0,0,0,0,0,256,Test
0.593787152,0.357386932,0.124829129,0,0,1,0,0,0,0,1,0,0,0,0,0,0,0,0,0,0,0,0,255,Test
0.753911013,1.650161332,0.776555383,0,0,1,0,0,0,0,0,0,0,0,0,0,0,0,0,0,1,0,0,303,Test
-0.046708293,0.357386932,-0.680244479,0,0,1,0,0,0,0,0,0,0,0,0,0,0,0,1,0,0,0,0,210,Test
-0.847327599,-0.935387468,-0.373549772,0,0,0,1,0,0,0,0,0,0,0,0,0,0,0,1,0,0,0,0,228,Test
-0.527079877,-0.935387468,-0.296876095,0,0,0,1,0,0,0,0,0,0,0,0,0,0,0,1,0,0,0,0,230,Test
1.874778041,1.650161332,2.003334214,0,0,0,1,0,0,0,0,0,0,0,0,0,0,0,0,1,0,0,0,368,Test
0.193477499,0.357386932,0.201502806,0,0,0,1,0,0,0,0,0,0,0,0,0,0,0,1,0,0,0,0,260,Test
1.954839972,1.650161332,-0.028518225,0,0,1,0,0,0,0,0,0,0,0,0,0,0,0,0,0,1,0,0,246,Test
